datetime,solar_mw_real,eolica_mw_real,hidro_mw_real
2024-01-01 01:00:00,0.0,219.7837,326.6698
2024-01-01 02:00:00,0.0,123.2682,427.5446
2024-01-01 03:00:00,0.0,170.8097,337.3828
2024-01-01 04:00:00,0.0,95.7732,411.8209
2024-01-01 05:00:00,0.0,101.6279,383.3069
2024-01-01 06:00:00,0.0,74.0857,402.0756
2024-01-01 07:00:00,9.7814,60.5648,371.3601
2024-01-01 08:00:00,97.0546,67.0163,349.2887
2024-01-01 09:00:00,266.3944,98.3176,244.9205
2024-01-01 10:00:00,346.9732,110.3947,209.9354
2024-01-01 11:00:00,332.5468,148.4226,189.7106
2024-01-01 12:00:00,355.0185,182.5183,207.0734
2024-01-01 13:00:00,312.5963,235.8705,207.7398
2024-01-01 14:00:00,321.8843,198.6294,214.7344
2024-01-01 15:00:00,235.9365,195.5187,280.2757
2024-01-01 16:00:00,188.6045,180.8341,289.0288
2024-01-01 17:00:00,96.5449,137.4212,306.128
2024-01-01 18:00:00,16.4702,110.0372,322.7538
2024-01-01 19:00:00,0.0,135.4737,429.1676
2024-01-01 20:00:00,0.0,99.1561,420.4334
2024-01-01 21:00:00,0.0,88.0506,486.7354
2024-01-01 22:00:00,0.0,95.6933,463.5285
2024-01-01 23:00:00,0.0,126.6089,417.6955
2024-01-02 00:00:00,0.0,111.9127,405.7393
2024-01-02 01:00:00,0.0,130.0035,322.6449
2024-01-02 02:00:00,0.0,120.7889,314.6924
2024-01-02 03:00:00,0.0,88.0101,349.0299
2024-01-02 04:00:00,0.0,99.0557,326.1605
2024-01-02 05:00:00,0.0,91.126,312.7425
2024-01-02 06:00:00,0.0,72.9402,329.6225
2024-01-02 07:00:00,12.4181,99.0341,335.0449
2024-01-02 08:00:00,136.5618,121.7924,406.7193
2024-01-02 09:00:00,261.2102,179.1907,387.6114
2024-01-02 10:00:00,382.9246,211.9134,367.8371
2024-01-02 11:00:00,402.0959,233.8854,327.2432
2024-01-02 12:00:00,433.5074,234.2307,321.9651
2024-01-02 13:00:00,431.2531,241.1731,377.1531
2024-01-02 14:00:00,358.9012,260.4033,343.2167
2024-01-02 15:00:00,353.7697,252.0412,386.7442
2024-01-02 16:00:00,238.6068,243.5841,318.1094
2024-01-02 17:00:00,119.1777,207.7084,343.566
2024-01-02 18:00:00,12.2109,137.615,384.5308
2024-01-02 19:00:00,0.0,153.8772,458.092
2024-01-02 20:00:00,0.0,116.3492,459.4434
2024-01-02 21:00:00,0.0,144.3525,457.1327
2024-01-02 22:00:00,0.0,127.9385,411.4162
2024-01-02 23:00:00,0.0,146.9839,388.105
2024-01-03 00:00:00,0.0,122.3302,305.4154
2024-01-03 01:00:00,0.0,162.4443,334.8371
2024-01-03 02:00:00,0.0,145.3433,325.1272
2024-01-03 03:00:00,0.0,129.1785,290.0657
2024-01-03 04:00:00,0.0,134.5041,286.9467
2024-01-03 05:00:00,0.0,147.1744,293.9194
2024-01-03 06:00:00,0.0,167.9402,285.3971
2024-01-03 07:00:00,11.6258,134.6703,329.6459
2024-01-03 08:00:00,141.5505,105.4247,309.9316
2024-01-03 09:00:00,283.2642,120.6399,290.3631
2024-01-03 10:00:00,358.0178,229.9387,295.9841
2024-01-03 11:00:00,426.481,198.885,286.4653
2024-01-03 12:00:00,419.95,147.4746,326.5142
2024-01-03 13:00:00,426.0315,168.5245,307.0163
2024-01-03 14:00:00,325.989,177.018,412.5362
2024-01-03 15:00:00,298.2941,229.1093,451.3338
2024-01-03 16:00:00,204.5765,229.8762,488.9523
2024-01-03 17:00:00,111.0668,163.3541,474.3627
2024-01-03 18:00:00,13.1179,192.5236,433.7186
2024-01-03 19:00:00,0.0,135.6531,497.062
2024-01-03 20:00:00,0.0,206.5546,490.44
2024-01-03 21:00:00,0.0,188.3184,416.9411
2024-01-03 22:00:00,0.0,97.2677,433.7857
2024-01-03 23:00:00,0.0,81.9245,421.554
2024-01-04 00:00:00,0.0,97.0773,346.5513
2024-01-04 01:00:00,0.0,125.7494,271.6353
2024-01-04 02:00:00,0.0,114.2034,258.0601
2024-01-04 03:00:00,0.0,155.3689,209.0069
2024-01-04 04:00:00,0.0,131.8373,224.235
2024-01-04 05:00:00,0.0,87.4713,261.9238
2024-01-04 06:00:00,0.0,152.7756,259.483
2024-01-04 07:00:00,19.2069,162.4862,275.2312
2024-01-04 08:00:00,154.3186,70.9913,337.0606
2024-01-04 09:00:00,293.6271,130.0396,269.2716
2024-01-04 10:00:00,380.1946,176.019,271.3605
2024-01-04 11:00:00,419.6915,161.8116,273.6671
2024-01-04 12:00:00,449.6721,143.4753,273.4712
2024-01-04 13:00:00,411.4346,221.5631,303.0312
2024-01-04 14:00:00,365.8819,203.3542,310.5731
2024-01-04 15:00:00,278.5049,144.1874,428.1298
2024-01-04 16:00:00,229.7508,141.9981,403.8765
2024-01-04 17:00:00,83.9969,176.953,393.571
2024-01-04 18:00:00,5.2008,146.5667,409.7904
2024-01-04 19:00:00,0.0,148.6457,471.9245
2024-01-04 20:00:00,0.0,151.0421,442.0175
2024-01-04 21:00:00,0.0,160.9407,449.2236
2024-01-04 22:00:00,0.0,179.6509,365.4639
2024-01-04 23:00:00,0.0,153.4149,324.9699
2024-01-05 00:00:00,0.0,100.1116,300.6683
2024-01-05 01:00:00,0.0,113.5548,232.0747
2024-01-05 02:00:00,0.0,118.1459,231.659
2024-01-05 03:00:00,0.0,128.0231,214.0995
2024-01-05 04:00:00,0.0,143.1813,173.3157
2024-01-05 05:00:00,0.0,191.9647,161.7548
2024-01-05 06:00:00,0.0,162.3825,158.1959
2024-01-05 07:00:00,25.4942,163.617,235.0685
2024-01-05 08:00:00,165.9499,128.2571,223.6194
2024-01-05 09:00:00,300.4889,201.031,327.675
2024-01-05 10:00:00,398.4734,160.2023,316.7573
2024-01-05 11:00:00,427.8796,227.9899,290.7456
2024-01-05 12:00:00,481.4696,221.012,289.1041
2024-01-05 13:00:00,469.2038,222.0722,311.7627
2024-01-05 14:00:00,453.9577,223.4856,317.1568
2024-01-05 15:00:00,388.3826,238.4441,370.3102
2024-01-05 16:00:00,299.6244,231.0765,377.3503
2024-01-05 17:00:00,159.6552,228.4433,484.8876
2024-01-05 18:00:00,14.1024,183.653,556.1452
2024-01-05 19:00:00,0.0,133.0477,614.2922
2024-01-05 20:00:00,0.0,135.9964,587.4118
2024-01-05 21:00:00,0.0,160.4188,576.0843
2024-01-05 22:00:00,0.0,150.9571,534.5544
2024-01-05 23:00:00,0.0,178.5087,530.3336
2024-01-06 00:00:00,0.0,178.4644,513.0345
2024-01-06 01:00:00,0.0,181.3342,483.5431
2024-01-06 02:00:00,0.0,176.5017,482.7293
2024-01-06 03:00:00,0.0,165.4046,477.7355
2024-01-06 04:00:00,0.0,182.59,476.3415
2024-01-06 05:00:00,0.0,120.4814,548.2983
2024-01-06 06:00:00,0.0,90.6238,511.5813
2024-01-06 07:00:00,17.6301,113.6872,457.2441
2024-01-06 08:00:00,153.4787,110.9568,450.4663
2024-01-06 09:00:00,299.5823,164.3675,373.4097
2024-01-06 10:00:00,395.6309,173.8684,377.0344
2024-01-06 11:00:00,452.9941,193.6773,359.4648
2024-01-06 12:00:00,432.0608,209.2312,381.0128
2024-01-06 13:00:00,470.9932,181.5825,385.3013
2024-01-06 14:00:00,447.8931,199.6026,387.2728
2024-01-06 15:00:00,381.4458,217.9875,397.8661
2024-01-06 16:00:00,295.3781,210.5365,426.639
2024-01-06 17:00:00,161.8286,173.8205,518.7416
2024-01-06 18:00:00,29.0214,159.7588,561.1892
2024-01-06 19:00:00,0.0,129.8687,593.578
2024-01-06 20:00:00,0.0,131.363,598.1313
2024-01-06 21:00:00,0.0,134.4185,625.2456
2024-01-06 22:00:00,0.0,150.7846,508.8053
2024-01-06 23:00:00,0.0,181.9539,562.8666
2024-01-07 00:00:00,0.0,175.0426,583.1075
2024-01-07 01:00:00,0.0,188.5922,586.9818
2024-01-07 02:00:00,0.0,194.2657,561.1335
2024-01-07 03:00:00,0.0,183.3131,490.8661
2024-01-07 04:00:00,0.0,221.404,451.0004
2024-01-07 05:00:00,0.0,221.4685,451.9044
2024-01-07 06:00:00,0.0,193.3485,417.8677
2024-01-07 07:00:00,13.1337,159.7117,443.2358
2024-01-07 08:00:00,151.7477,175.8651,322.0653
2024-01-07 09:00:00,293.5667,212.1602,173.9601
2024-01-07 10:00:00,392.8175,234.8775,148.9007
2024-01-07 11:00:00,445.1014,255.2941,154.9432
2024-01-07 12:00:00,417.6371,262.3867,155.3693
2024-01-07 13:00:00,450.1183,274.9676,150.9596
2024-01-07 14:00:00,415.0188,273.7541,150.6504
2024-01-07 15:00:00,335.8801,273.7356,151.2121
2024-01-07 16:00:00,261.8563,269.28,222.5813
2024-01-07 17:00:00,135.6218,263.9764,388.3271
2024-01-07 18:00:00,19.0645,261.1745,411.5449
2024-01-07 19:00:00,0.0,218.831,597.1675
2024-01-07 20:00:00,0.0,229.2419,483.9291
2024-01-07 21:00:00,0.0,201.1149,520.0459
2024-01-07 22:00:00,0.0,241.1217,510.3585
2024-01-07 23:00:00,0.0,162.7778,567.4379
2024-01-08 00:00:00,0.0,154.1078,503.1104
2024-01-08 01:00:00,0.0,155.2466,435.4412
2024-01-08 02:00:00,0.0,195.5764,447.2998
2024-01-08 03:00:00,0.0,210.9478,433.1602
2024-01-08 04:00:00,0.0,179.33,409.0652
2024-01-08 05:00:00,0.0,150.3286,417.7322
2024-01-08 06:00:00,0.0,164.5882,381.9601
2024-01-08 07:00:00,20.7959,178.8092,403.0361
2024-01-08 08:00:00,138.3834,170.9173,428.3647
2024-01-08 09:00:00,260.4672,234.6821,397.1392
2024-01-08 10:00:00,371.057,243.5731,357.0349
2024-01-08 11:00:00,410.753,257.5486,378.5121
2024-01-08 12:00:00,454.6515,272.4524,371.2002
2024-01-08 13:00:00,454.4911,268.3343,285.2504
2024-01-08 14:00:00,422.2005,277.3332,299.268
2024-01-08 15:00:00,384.9177,268.4736,383.3111
2024-01-08 16:00:00,285.7628,275.7519,434.9946
2024-01-08 17:00:00,135.2491,256.2221,464.0622
2024-01-08 18:00:00,10.7305,207.3873,573.272
2024-01-08 19:00:00,0.0,201.4608,576.086
2024-01-08 20:00:00,0.0,175.2304,604.9065
2024-01-08 21:00:00,0.0,184.2603,628.9103
2024-01-08 22:00:00,0.0,188.189,612.8417
2024-01-08 23:00:00,0.0,172.5274,595.8774
2024-01-09 00:00:00,0.0,181.2901,529.2692
2024-01-09 01:00:00,0.0,159.4473,515.0186
2024-01-09 02:00:00,0.0,165.0343,458.7427
2024-01-09 03:00:00,0.0,172.2553,414.0412
2024-01-09 04:00:00,0.0,134.3869,400.2557
2024-01-09 05:00:00,0.0,144.3542,418.4616
2024-01-09 06:00:00,0.0,125.3415,422.0573
2024-01-09 07:00:00,9.6054,103.5171,440.6625
2024-01-09 08:00:00,131.1579,69.3732,390.6613
2024-01-09 09:00:00,270.6339,105.6118,294.8217
2024-01-09 10:00:00,353.5522,149.4153,292.9794
2024-01-09 11:00:00,412.1507,143.6697,222.475
2024-01-09 12:00:00,392.8304,116.952,222.9057
2024-01-09 13:00:00,429.1999,115.7937,229.5571
2024-01-09 14:00:00,390.1098,84.4842,284.3637
2024-01-09 15:00:00,349.1499,38.7821,393.9023
2024-01-09 16:00:00,251.8191,28.4594,500.4105
2024-01-09 17:00:00,131.4501,64.7212,566.1805
2024-01-09 18:00:00,12.6841,43.8505,637.367
2024-01-09 19:00:00,0.0,71.585,658.3708
2024-01-09 20:00:00,0.0,73.1636,683.3796
2024-01-09 21:00:00,0.0,58.7531,679.9675
2024-01-09 22:00:00,0.0,54.0331,684.6537
2024-01-09 23:00:00,0.0,35.7886,687.1842
2024-01-10 00:00:00,0.0,21.4204,602.2994
2024-01-10 01:00:00,0.0,25.5785,526.9204
2024-01-10 02:00:00,0.0,23.5439,440.7752
2024-01-10 03:00:00,0.0,22.1959,402.5267
2024-01-10 04:00:00,0.0,29.6041,373.934
2024-01-10 05:00:00,0.0,37.9324,363.4251
2024-01-10 06:00:00,0.0,44.9247,369.7805
2024-01-10 07:00:00,11.3647,36.0848,415.1701
2024-01-10 08:00:00,135.4085,53.0937,396.1819
2024-01-10 09:00:00,275.9824,72.7741,419.5402
2024-01-10 10:00:00,359.6193,106.0829,375.6395
2024-01-10 11:00:00,408.4831,162.4574,373.3992
2024-01-10 12:00:00,346.7089,206.9785,395.4757
2024-01-10 13:00:00,339.9728,181.5532,407.8572
2024-01-10 14:00:00,382.1269,145.4099,416.0115
2024-01-10 15:00:00,351.0111,196.3134,404.5495
2024-01-10 16:00:00,232.9156,179.3511,401.6092
2024-01-10 17:00:00,100.1799,110.6478,515.3882
2024-01-10 18:00:00,18.426,117.1546,514.9084
2024-01-10 19:00:00,0.0,121.9616,609.6608
2024-01-10 20:00:00,0.0,114.9269,579.6882
2024-01-10 21:00:00,0.0,106.7838,488.2856
2024-01-10 22:00:00,0.0,72.2476,488.0344
2024-01-10 23:00:00,0.0,60.8448,496.7404
2024-01-11 00:00:00,0.0,80.4293,367.7246
2024-01-11 01:00:00,0.0,74.9814,340.2506
2024-01-11 02:00:00,0.0,84.3386,354.662
2024-01-11 03:00:00,0.0,70.2287,311.6577
2024-01-11 04:00:00,0.0,72.6631,307.1971
2024-01-11 05:00:00,0.0,92.9776,308.7497
2024-01-11 06:00:00,0.0,69.7294,342.1157
2024-01-11 07:00:00,31.8747,54.2552,455.4011
2024-01-11 08:00:00,142.0903,39.1585,483.1548
2024-01-11 09:00:00,284.0427,61.7296,543.7239
2024-01-11 10:00:00,366.2003,125.935,450.3955
2024-01-11 11:00:00,387.5511,148.0558,439.8765
2024-01-11 12:00:00,396.9863,153.5521,433.7248
2024-01-11 13:00:00,389.1932,160.4861,419.3736
2024-01-11 14:00:00,421.1959,169.2795,427.5026
2024-01-11 15:00:00,386.0471,158.9252,451.4353
2024-01-11 16:00:00,258.7492,159.4214,501.6449
2024-01-11 17:00:00,86.2608,162.1702,597.344
2024-01-11 18:00:00,10.8275,140.2238,581.1862
2024-01-11 19:00:00,0.0,164.9753,563.2389
2024-01-11 20:00:00,0.0,129.1244,564.7037
2024-01-11 21:00:00,0.0,104.902,564.2343
2024-01-11 22:00:00,0.0,50.5231,563.4888
2024-01-11 23:00:00,0.0,19.8035,559.9109
2024-01-12 00:00:00,0.0,11.4021,476.1816
2024-01-12 01:00:00,0.0,23.6444,394.4068
2024-01-12 02:00:00,0.0,16.1185,356.3283
2024-01-12 03:00:00,0.0,33.5626,328.072
2024-01-12 04:00:00,0.0,24.4017,348.518
2024-01-12 05:00:00,0.0,39.8453,317.0575
2024-01-12 06:00:00,0.0,50.1009,330.1622
2024-01-12 07:00:00,25.4816,38.0905,366.397
2024-01-12 08:00:00,141.2667,41.6342,503.759
2024-01-12 09:00:00,287.171,75.6359,424.8607
2024-01-12 10:00:00,391.8573,158.0791,482.0473
2024-01-12 11:00:00,446.8512,174.4039,443.7188
2024-01-12 12:00:00,459.7537,161.9577,437.009
2024-01-12 13:00:00,435.7113,144.2393,439.7607
2024-01-12 14:00:00,341.15,132.6284,498.0431
2024-01-12 15:00:00,286.7952,135.8849,506.3014
2024-01-12 16:00:00,213.3687,119.7661,521.0656
2024-01-12 17:00:00,98.9289,98.6189,656.8129
2024-01-12 18:00:00,9.9934,110.5042,571.4196
2024-01-12 19:00:00,0.0,113.8243,685.6151
2024-01-12 20:00:00,0.0,69.2688,700.276
2024-01-12 21:00:00,0.0,54.2071,669.1514
2024-01-12 22:00:00,0.0,24.5006,655.6206
2024-01-12 23:00:00,0.0,49.0064,564.6697
2024-01-13 00:00:00,0.0,72.7933,484.5728
2024-01-13 01:00:00,0.0,39.4763,456.5018
2024-01-13 02:00:00,0.0,39.211,397.6639
2024-01-13 03:00:00,0.0,24.8581,345.0391
2024-01-13 04:00:00,0.0,27.8778,350.3283
2024-01-13 05:00:00,0.0,29.5317,343.9012
2024-01-13 06:00:00,0.0,34.083,339.0736
2024-01-13 07:00:00,10.7774,26.8862,321.305
2024-01-13 08:00:00,71.8909,37.5478,294.3935
2024-01-13 09:00:00,186.0099,24.2394,361.5806
2024-01-13 10:00:00,264.3336,24.1499,375.3755
2024-01-13 11:00:00,399.338,21.2881,341.5213
2024-01-13 12:00:00,418.1268,48.8124,298.8499
2024-01-13 13:00:00,389.3183,42.6988,289.5495
2024-01-13 14:00:00,389.0723,81.9798,319.8672
2024-01-13 15:00:00,328.8099,93.6653,311.1696
2024-01-13 16:00:00,276.8884,129.8149,311.7839
2024-01-13 17:00:00,131.1462,141.5974,379.5396
2024-01-13 18:00:00,17.6844,99.8675,430.181
2024-01-13 19:00:00,0.0,57.6802,456.7256
2024-01-13 20:00:00,0.0,85.8156,464.0774
2024-01-13 21:00:00,0.0,104.0316,383.54
2024-01-13 22:00:00,0.0,153.2134,368.0016
2024-01-13 23:00:00,0.0,165.9044,355.48
2024-01-14 00:00:00,0.0,127.5585,290.8597
2024-01-14 01:00:00,0.0,111.9748,261.4522
2024-01-14 02:00:00,0.0,109.8778,260.672
2024-01-14 03:00:00,0.0,80.9616,250.6398
2024-01-14 04:00:00,0.0,61.5864,215.7991
2024-01-14 05:00:00,0.0,70.7797,217.4527
2024-01-14 06:00:00,0.0,75.0762,244.9494
2024-01-14 07:00:00,12.8272,66.1747,266.9903
2024-01-14 08:00:00,153.6912,87.7703,228.4209
2024-01-14 09:00:00,312.1245,141.2559,248.8053
2024-01-14 10:00:00,380.1932,188.8302,229.3493
2024-01-14 11:00:00,429.9667,153.1209,232.3767
2024-01-14 12:00:00,417.3168,141.2151,280.329
2024-01-14 13:00:00,432.8908,160.074,312.2636
2024-01-14 14:00:00,444.2102,191.9272,299.9269
2024-01-14 15:00:00,390.2166,216.4212,219.7479
2024-01-14 16:00:00,307.8395,234.6961,174.9081
2024-01-14 17:00:00,173.6655,230.0583,184.8649
2024-01-14 18:00:00,21.3606,197.3336,204.5919
2024-01-14 19:00:00,0.0,168.8411,280.7757
2024-01-14 20:00:00,0.0,176.9079,283.5015
2024-01-14 21:00:00,0.0,203.5278,253.8709
2024-01-14 22:00:00,0.0,190.6533,254.7199
2024-01-14 23:00:00,0.0,165.6164,253.6193
2024-01-15 00:00:00,0.0,153.7238,181.8597
2024-01-15 01:00:00,0.0,159.2206,144.1989
2024-01-15 02:00:00,0.0,213.3619,122.2124
2024-01-15 03:00:00,0.0,205.8929,123.0806
2024-01-15 04:00:00,0.0,198.6328,115.7237
2024-01-15 05:00:00,0.0,187.9979,113.6495
2024-01-15 06:00:00,0.0,182.6663,174.6453
2024-01-15 07:00:00,18.5869,205.6834,185.0327
2024-01-15 08:00:00,159.317,199.2012,237.0741
2024-01-15 09:00:00,311.4846,245.9587,247.7848
2024-01-15 10:00:00,406.6174,267.4409,228.0289
2024-01-15 11:00:00,455.9327,253.8342,227.9058
2024-01-15 12:00:00,486.8378,272.829,205.3212
2024-01-15 13:00:00,455.0244,269.59,206.4899
2024-01-15 14:00:00,399.7672,263.4637,200.416
2024-01-15 15:00:00,382.8003,268.1703,259.9877
2024-01-15 16:00:00,266.989,270.6533,313.6913
2024-01-15 17:00:00,161.8633,253.0739,381.7455
2024-01-15 18:00:00,27.5368,229.8974,368.3961
2024-01-15 19:00:00,0.0,232.8912,457.64
2024-01-15 20:00:00,0.0,186.7094,447.1619
2024-01-15 21:00:00,0.0,192.7677,448.4396
2024-01-15 22:00:00,0.0,196.3512,416.1908
2024-01-15 23:00:00,0.0,191.131,407.3659
2024-01-16 00:00:00,0.0,182.0293,309.0809
2024-01-16 01:00:00,0.0,160.4658,296.6441
2024-01-16 02:00:00,0.0,169.61,183.6063
2024-01-16 03:00:00,0.0,160.1706,194.3551
2024-01-16 04:00:00,0.0,179.6189,166.8802
2024-01-16 05:00:00,0.0,172.0124,199.7468
2024-01-16 06:00:00,0.0,178.7722,212.4897
2024-01-16 07:00:00,15.9728,188.1034,219.5863
2024-01-16 08:00:00,152.2155,202.9883,217.4163
2024-01-16 09:00:00,307.133,250.4,219.8504
2024-01-16 10:00:00,397.3301,269.7557,220.5166
2024-01-16 11:00:00,417.7979,266.0613,163.0301
2024-01-16 12:00:00,429.8636,261.4581,205.5081
2024-01-16 13:00:00,470.3381,260.0062,190.8495
2024-01-16 14:00:00,411.2448,232.8653,199.3196
2024-01-16 15:00:00,380.5619,230.1528,267.0569
2024-01-16 16:00:00,309.6873,242.5066,322.9517
2024-01-16 17:00:00,168.6082,247.8212,361.9985
2024-01-16 18:00:00,25.9777,232.5115,354.1828
2024-01-16 19:00:00,0.0,193.9755,461.0185
2024-01-16 20:00:00,0.0,194.698,419.3196
2024-01-16 21:00:00,0.0,157.7176,364.5873
2024-01-16 22:00:00,0.0,115.7134,408.6979
2024-01-16 23:00:00,0.0,154.2491,359.4074
2024-01-17 00:00:00,0.0,161.0546,322.1597
2024-01-17 01:00:00,0.0,158.4256,250.7243
2024-01-17 02:00:00,0.0,171.4135,174.1176
2024-01-17 03:00:00,0.0,152.4423,167.442
2024-01-17 04:00:00,0.0,114.1721,165.02
2024-01-17 05:00:00,0.0,127.9498,165.8262
2024-01-17 06:00:00,0.0,114.0541,176.1811
2024-01-17 07:00:00,18.2079,134.788,192.9231
2024-01-17 08:00:00,154.1287,168.1732,247.1861
2024-01-17 09:00:00,304.8835,247.8381,252.6807
2024-01-17 10:00:00,384.8152,239.5668,254.5792
2024-01-17 11:00:00,425.7752,248.8095,259.7831
2024-01-17 12:00:00,463.5668,233.4992,284.7742
2024-01-17 13:00:00,482.1976,260.7373,250.6282
2024-01-17 14:00:00,462.1689,277.7863,240.4946
2024-01-17 15:00:00,396.1924,287.0385,227.0291
2024-01-17 16:00:00,290.1058,283.3797,266.5767
2024-01-17 17:00:00,170.9307,288.7425,296.3486
2024-01-17 18:00:00,40.0641,264.9711,449.1993
2024-01-17 19:00:00,0.0,241.8947,535.0724
2024-01-17 20:00:00,0.0,229.635,477.9078
2024-01-17 21:00:00,0.0,212.964,495.9715
2024-01-17 22:00:00,0.0,225.2353,453.8987
2024-01-17 23:00:00,0.0,214.9569,454.259
2024-01-18 00:00:00,0.0,229.8668,437.2393
2024-01-18 01:00:00,0.0,222.177,360.9834
2024-01-18 02:00:00,0.0,247.5248,326.1467
2024-01-18 03:00:00,0.0,230.0424,283.0371
2024-01-18 04:00:00,0.0,158.6951,215.8453
2024-01-18 05:00:00,0.0,159.6162,206.6418
2024-01-18 06:00:00,0.0,181.4213,193.7206
2024-01-18 07:00:00,10.5084,172.8219,170.793
2024-01-18 08:00:00,140.8247,211.6765,178.2793
2024-01-18 09:00:00,285.2051,240.5512,161.2423
2024-01-18 10:00:00,374.5418,269.3125,166.3042
2024-01-18 11:00:00,417.1063,272.3568,181.9795
2024-01-18 12:00:00,431.6946,271.553,182.4758
2024-01-18 13:00:00,443.7784,277.6618,180.6451
2024-01-18 14:00:00,458.5774,279.1756,250.4134
2024-01-18 15:00:00,388.4583,225.7197,273.5491
2024-01-18 16:00:00,294.1463,224.661,240.7026
2024-01-18 17:00:00,157.3272,225.9625,344.4666
2024-01-18 18:00:00,19.5302,204.6602,409.0346
2024-01-18 19:00:00,0.0,183.4898,471.8303
2024-01-18 20:00:00,0.0,167.7857,486.7058
2024-01-18 21:00:00,0.0,170.3554,481.4023
2024-01-18 22:00:00,0.0,153.0377,481.4433
2024-01-18 23:00:00,0.0,161.5993,440.5427
2024-01-19 00:00:00,0.0,208.4399,335.2794
2024-01-19 01:00:00,0.0,192.4113,281.9496
2024-01-19 02:00:00,0.0,192.4927,241.9835
2024-01-19 03:00:00,0.0,207.0309,244.7991
2024-01-19 04:00:00,0.0,225.2329,235.6679
2024-01-19 05:00:00,0.0,177.3243,164.1037
2024-01-19 06:00:00,0.0,159.8445,234.2512
2024-01-19 07:00:00,8.7512,112.0783,248.2154
2024-01-19 08:00:00,131.4589,151.8445,233.1838
2024-01-19 09:00:00,270.6778,215.3614,195.2457
2024-01-19 10:00:00,359.2199,235.7992,189.0526
2024-01-19 11:00:00,408.6518,228.611,191.2267
2024-01-19 12:00:00,419.5198,251.222,234.5892
2024-01-19 13:00:00,394.0187,247.1869,298.6905
2024-01-19 14:00:00,360.1866,251.54,299.6071
2024-01-19 15:00:00,359.4537,254.2344,297.9703
2024-01-19 16:00:00,270.7621,249.023,324.5308
2024-01-19 17:00:00,173.7964,224.3324,357.5558
2024-01-19 18:00:00,19.8256,217.9877,447.4714
2024-01-19 19:00:00,0.0,186.3954,625.8081
2024-01-19 20:00:00,0.0,214.9174,608.5436
2024-01-19 21:00:00,0.0,209.0012,541.4683
2024-01-19 22:00:00,0.0,220.6359,474.3182
2024-01-19 23:00:00,0.0,204.0115,423.3886
2024-01-20 00:00:00,0.0,234.4073,417.5641
2024-01-20 01:00:00,0.0,196.3357,322.6352
2024-01-20 02:00:00,0.0,226.252,321.817
2024-01-20 03:00:00,0.0,205.0064,204.1054
2024-01-20 04:00:00,0.0,207.6601,162.3112
2024-01-20 05:00:00,0.0,223.2643,175.5985
2024-01-20 06:00:00,0.0,202.3051,231.4222
2024-01-20 07:00:00,18.7018,158.2954,242.4345
2024-01-20 08:00:00,158.4514,188.7258,181.6209
2024-01-20 09:00:00,311.1182,243.4407,165.0091
2024-01-20 10:00:00,402.8105,266.8786,176.5615
2024-01-20 11:00:00,461.0181,271.8352,160.9455
2024-01-20 12:00:00,483.3957,267.1204,167.596
2024-01-20 13:00:00,463.8056,273.3811,207.4284
2024-01-20 14:00:00,444.928,284.0731,206.878
2024-01-20 15:00:00,380.156,295.1788,214.783
2024-01-20 16:00:00,274.3617,293.0211,211.2062
2024-01-20 17:00:00,166.8045,292.9728,204.3076
2024-01-20 18:00:00,29.3267,265.4436,273.398
2024-01-20 19:00:00,0.0,238.063,370.2037
2024-01-20 20:00:00,0.0,195.5938,392.1403
2024-01-20 21:00:00,0.0,163.3217,399.6521
2024-01-20 22:00:00,0.0,151.0572,341.1341
2024-01-20 23:00:00,0.0,165.9349,309.0716
2024-01-21 00:00:00,0.0,176.9268,239.9912
2024-01-21 01:00:00,0.0,219.5312,239.9181
2024-01-21 02:00:00,0.0,240.1314,229.6261
2024-01-21 03:00:00,0.0,214.7302,244.3827
2024-01-21 04:00:00,0.0,230.3916,285.8183
2024-01-21 05:00:00,0.0,251.2534,241.7458
2024-01-21 06:00:00,0.0,247.0825,226.0055
2024-01-21 07:00:00,4.3333,229.1324,236.5629
2024-01-21 08:00:00,120.8595,230.8248,192.5419
2024-01-21 09:00:00,274.2539,268.8701,151.806
2024-01-21 10:00:00,378.9618,285.3935,138.5775
2024-01-21 11:00:00,403.7033,287.2706,101.4169
2024-01-21 12:00:00,436.0447,285.7213,146.8748
2024-01-21 13:00:00,451.3105,286.1087,116.9868
2024-01-21 14:00:00,392.8455,304.3237,108.6187
2024-01-21 15:00:00,344.993,303.5506,106.0871
2024-01-21 16:00:00,277.0851,301.9372,161.7719
2024-01-21 17:00:00,171.4366,299.2339,185.8451
2024-01-21 18:00:00,24.414,298.4033,302.6704
2024-01-21 19:00:00,0.0,286.6851,328.0732
2024-01-21 20:00:00,0.0,292.6525,316.7951
2024-01-21 21:00:00,0.0,282.4398,334.3778
2024-01-21 22:00:00,0.0,290.8685,355.3005
2024-01-21 23:00:00,0.0,290.4839,251.2844
2024-01-22 00:00:00,0.0,271.8609,257.8915
2024-01-22 01:00:00,0.0,242.7451,209.6562
2024-01-22 02:00:00,0.0,253.2757,191.0013
2024-01-22 03:00:00,0.0,255.4729,151.0106
2024-01-22 04:00:00,0.0,238.3448,161.5155
2024-01-22 05:00:00,0.0,229.5533,148.3925
2024-01-22 06:00:00,0.0,220.366,267.6019
2024-01-22 07:00:00,18.6202,246.183,256.7321
2024-01-22 08:00:00,145.0487,286.6091,217.9261
2024-01-22 09:00:00,295.9472,290.3407,228.4289
2024-01-22 10:00:00,373.7044,284.9693,202.7501
2024-01-22 11:00:00,440.9729,291.4261,217.3016
2024-01-22 12:00:00,472.0113,296.1021,220.2968
2024-01-22 13:00:00,464.8325,289.757,224.0527
2024-01-22 14:00:00,451.073,295.4717,241.696
2024-01-22 15:00:00,406.5369,299.4648,231.5505
2024-01-22 16:00:00,320.6242,293.2776,252.8549
2024-01-22 17:00:00,183.3346,290.0063,320.1674
2024-01-22 18:00:00,25.7251,293.7128,379.264
2024-01-22 19:00:00,0.0,276.1851,411.2861
2024-01-22 20:00:00,0.0,243.9081,411.5336
2024-01-22 21:00:00,0.0,230.0213,411.7561
2024-01-22 22:00:00,0.0,249.1979,369.3019
2024-01-22 23:00:00,0.0,269.7425,302.6297
2024-01-23 00:00:00,0.0,264.9103,284.4301
2024-01-23 01:00:00,0.0,246.4406,295.7551
2024-01-23 02:00:00,0.0,203.4085,202.2276
2024-01-23 03:00:00,0.0,182.9091,187.7866
2024-01-23 04:00:00,0.0,186.5422,140.1199
2024-01-23 05:00:00,0.0,168.3842,176.0827
2024-01-23 06:00:00,0.0,237.0695,210.4512
2024-01-23 07:00:00,12.587,247.3221,208.2355
2024-01-23 08:00:00,128.5157,258.7561,226.8724
2024-01-23 09:00:00,256.3695,266.0607,251.8282
2024-01-23 10:00:00,362.6319,285.0349,257.7843
2024-01-23 11:00:00,434.7024,292.3138,262.0733
2024-01-23 12:00:00,456.2344,282.9451,212.5129
2024-01-23 13:00:00,451.9423,281.3366,226.3686
2024-01-23 14:00:00,392.9372,292.2316,227.2825
2024-01-23 15:00:00,314.5619,288.1288,292.7776
2024-01-23 16:00:00,279.0773,285.9595,301.7569
2024-01-23 17:00:00,143.4911,271.3861,358.7389
2024-01-23 18:00:00,27.3305,262.8127,364.259
2024-01-23 19:00:00,0.0,238.5434,393.2478
2024-01-23 20:00:00,0.0,190.1326,437.4222
2024-01-23 21:00:00,0.0,217.7977,438.5888
2024-01-23 22:00:00,0.0,224.0363,372.2912
2024-01-23 23:00:00,0.0,218.0318,334.1364
2024-01-24 00:00:00,0.0,232.9419,259.2448
2024-01-24 01:00:00,0.0,238.2507,289.1149
2024-01-24 02:00:00,0.0,205.3505,225.3663
2024-01-24 03:00:00,0.0,206.7082,165.2206
2024-01-24 04:00:00,0.0,167.2521,170.1242
2024-01-24 05:00:00,0.0,173.7266,153.2906
2024-01-24 06:00:00,0.0,164.1354,177.7119
2024-01-24 07:00:00,15.5635,184.3703,179.8053
2024-01-24 08:00:00,139.6602,184.7991,260.4628
2024-01-24 09:00:00,288.0517,214.5903,261.3702
2024-01-24 10:00:00,376.4641,272.3503,215.4109
2024-01-24 11:00:00,430.7087,283.8621,183.7753
2024-01-24 12:00:00,442.5,284.3056,155.718
2024-01-24 13:00:00,428.4224,281.3649,160.2902
2024-01-24 14:00:00,411.757,277.8294,197.6623
2024-01-24 15:00:00,388.2539,286.3622,254.6401
2024-01-24 16:00:00,300.7942,280.6507,291.9762
2024-01-24 17:00:00,180.8967,270.6179,308.1787
2024-01-24 18:00:00,34.0674,237.0586,323.2597
2024-01-24 19:00:00,0.0,261.8785,382.3799
2024-01-24 20:00:00,0.0,257.872,371.9435
2024-01-24 21:00:00,0.0,218.3924,370.1188
2024-01-24 22:00:00,0.0,190.5729,332.3347
2024-01-24 23:00:00,0.0,194.4964,330.8375
2024-01-25 00:00:00,0.0,164.374,250.9332
2024-01-25 01:00:00,0.0,143.5797,238.6375
2024-01-25 02:00:00,0.0,112.1782,205.9109
2024-01-25 03:00:00,0.0,92.9493,212.0617
2024-01-25 04:00:00,0.0,115.6474,205.1294
2024-01-25 05:00:00,0.0,121.039,171.6671
2024-01-25 06:00:00,0.0,159.2216,163.3955
2024-01-25 07:00:00,9.1096,116.6452,182.6718
2024-01-25 08:00:00,141.4691,158.136,279.1931
2024-01-25 09:00:00,309.4871,263.9432,236.2588
2024-01-25 10:00:00,389.9552,284.9581,206.3208
2024-01-25 11:00:00,463.1778,279.3013,209.3742
2024-01-25 12:00:00,467.5272,279.6867,221.9747
2024-01-25 13:00:00,466.1382,270.4667,212.1217
2024-01-25 14:00:00,422.5882,278.2702,193.1161
2024-01-25 15:00:00,382.938,273.9497,290.5346
2024-01-25 16:00:00,312.825,266.7387,289.1396
2024-01-25 17:00:00,176.9879,258.4655,341.3648
2024-01-25 18:00:00,26.7819,225.3336,377.2204
2024-01-25 19:00:00,0.0,205.7016,405.9601
2024-01-25 20:00:00,0.0,200.4474,405.4818
2024-01-25 21:00:00,0.0,173.4713,375.656
2024-01-25 22:00:00,0.0,194.742,384.983
2024-01-25 23:00:00,0.0,196.5658,319.9785
2024-01-26 00:00:00,0.0,186.8301,242.8054
2024-01-26 01:00:00,0.0,211.5892,190.1006
2024-01-26 02:00:00,0.0,199.402,182.4469
2024-01-26 03:00:00,0.0,159.7217,181.45
2024-01-26 04:00:00,0.0,139.9334,173.1207
2024-01-26 05:00:00,0.0,193.6854,109.6724
2024-01-26 06:00:00,0.0,130.0817,176.3572
2024-01-26 07:00:00,20.5018,106.6602,230.9768
2024-01-26 08:00:00,145.7733,133.9723,225.4842
2024-01-26 09:00:00,296.877,204.3062,175.1815
2024-01-26 10:00:00,388.6175,260.1827,168.5581
2024-01-26 11:00:00,433.0736,264.3068,208.4158
2024-01-26 12:00:00,421.1287,248.7102,173.0198
2024-01-26 13:00:00,440.2645,274.3592,217.2546
2024-01-26 14:00:00,394.942,285.4369,229.8294
2024-01-26 15:00:00,383.9489,294.5025,247.3274
2024-01-26 16:00:00,279.1598,300.8037,334.9705
2024-01-26 17:00:00,128.7272,281.1711,390.5851
2024-01-26 18:00:00,22.1537,230.8048,406.5795
2024-01-26 19:00:00,0.0,238.0516,422.1132
2024-01-26 20:00:00,0.0,180.8845,406.9878
2024-01-26 21:00:00,0.0,188.4728,401.097
2024-01-26 22:00:00,0.0,129.0455,359.0165
2024-01-26 23:00:00,0.0,129.5795,349.1018
2024-01-27 00:00:00,0.0,118.7146,292.6491
2024-01-27 01:00:00,0.0,161.2666,212.9164
2024-01-27 02:00:00,0.0,96.938,173.0213
2024-01-27 03:00:00,0.0,105.3533,165.6789
2024-01-27 04:00:00,0.0,114.8278,163.9577
2024-01-27 05:00:00,0.0,92.8837,164.9194
2024-01-27 06:00:00,0.0,83.2303,206.6665
2024-01-27 07:00:00,14.5405,81.7226,163.6532
2024-01-27 08:00:00,143.262,83.3936,196.4453
2024-01-27 09:00:00,297.9899,103.8273,205.8472
2024-01-27 10:00:00,371.5171,113.2183,201.3446
2024-01-27 11:00:00,403.1499,94.3434,203.1321
2024-01-27 12:00:00,459.1633,126.1353,222.2693
2024-01-27 13:00:00,431.7885,128.8742,219.4156
2024-01-27 14:00:00,435.2541,151.0331,147.9863
2024-01-27 15:00:00,360.784,163.5557,147.7323
2024-01-27 16:00:00,297.1518,201.0844,126.3298
2024-01-27 17:00:00,184.1666,222.8547,153.9446
2024-01-27 18:00:00,28.2964,218.1424,218.4913
2024-01-27 19:00:00,0.0,197.9396,269.8471
2024-01-27 20:00:00,0.0,188.3972,237.0145
2024-01-27 21:00:00,0.0,185.9286,250.4382
2024-01-27 22:00:00,0.0,165.7269,302.844
2024-01-27 23:00:00,0.0,189.0696,289.8554
2024-01-28 00:00:00,0.0,193.2569,345.6238
2024-01-28 01:00:00,0.0,192.1357,367.2302
2024-01-28 02:00:00,0.0,179.2878,339.7568
2024-01-28 03:00:00,0.0,173.242,330.028
2024-01-28 04:00:00,0.0,152.0692,318.55
2024-01-28 05:00:00,0.0,173.3477,304.5405
2024-01-28 06:00:00,0.0,177.5851,302.8066
2024-01-28 07:00:00,24.3221,165.3612,245.804
2024-01-28 08:00:00,156.028,171.4893,163.8263
2024-01-28 09:00:00,276.7593,230.5831,113.6398
2024-01-28 10:00:00,380.8269,271.7409,115.8175
2024-01-28 11:00:00,396.3605,270.5989,111.2944
2024-01-28 12:00:00,450.8797,277.567,113.4742
2024-01-28 13:00:00,421.8718,253.5797,114.4456
2024-01-28 14:00:00,390.4613,249.4486,114.1388
2024-01-28 15:00:00,388.0228,256.0871,113.2762
2024-01-28 16:00:00,281.8966,260.8139,210.83
2024-01-28 17:00:00,142.1545,268.5955,208.1335
2024-01-28 18:00:00,23.5811,226.5353,205.7721
2024-01-28 19:00:00,0.0,176.4763,272.0276
2024-01-28 20:00:00,0.0,196.2372,247.4213
2024-01-28 21:00:00,0.0,200.1496,302.3
2024-01-28 22:00:00,0.0,212.062,303.8243
2024-01-28 23:00:00,0.0,235.3559,297.1265
2024-01-29 00:00:00,0.0,256.0117,243.7421
2024-01-29 01:00:00,0.0,240.6088,226.7304
2024-01-29 02:00:00,0.0,235.3151,213.5622
2024-01-29 03:00:00,0.0,220.0615,186.3093
2024-01-29 04:00:00,0.0,210.2407,190.6637
2024-01-29 05:00:00,0.0,179.2403,192.3676
2024-01-29 06:00:00,0.0,206.5753,196.7942
2024-01-29 07:00:00,18.0011,184.9149,187.3619
2024-01-29 08:00:00,164.6553,187.1751,256.5376
2024-01-29 09:00:00,274.0702,260.6719,331.7323
2024-01-29 10:00:00,345.6796,269.1562,302.3411
2024-01-29 11:00:00,458.3239,271.7074,298.2762
2024-01-29 12:00:00,430.4394,275.4472,224.0615
2024-01-29 13:00:00,430.6222,281.0486,211.1837
2024-01-29 14:00:00,445.0167,292.0593,253.6175
2024-01-29 15:00:00,412.5325,295.8807,280.853
2024-01-29 16:00:00,248.529,293.5941,292.385
2024-01-29 17:00:00,176.5329,282.5793,255.0266
2024-01-29 18:00:00,29.9343,257.6809,297.2889
2024-01-29 19:00:00,0.0,203.7647,309.4677
2024-01-29 20:00:00,0.0,226.8117,332.7653
2024-01-29 21:00:00,0.0,224.7489,343.2345
2024-01-29 22:00:00,0.0,242.0161,326.8228
2024-01-29 23:00:00,0.0,225.0842,322.7538
2024-01-30 00:00:00,0.0,217.8672,277.2556
2024-01-30 01:00:00,0.0,198.9759,250.1075
2024-01-30 02:00:00,0.0,234.3388,213.3959
2024-01-30 03:00:00,0.0,198.7387,190.3272
2024-01-30 04:00:00,0.0,181.7884,171.6327
2024-01-30 05:00:00,0.0,156.1653,171.0001
2024-01-30 06:00:00,0.0,175.2203,160.8102
2024-01-30 07:00:00,21.7186,203.8733,224.771
2024-01-30 08:00:00,146.1366,235.8803,237.6931
2024-01-30 09:00:00,323.2382,282.834,238.6243
2024-01-30 10:00:00,321.1888,303.1065,217.8158
2024-01-30 11:00:00,406.1259,302.9588,237.7998
2024-01-30 12:00:00,390.9417,302.0099,228.1961
2024-01-30 13:00:00,460.1323,308.63,165.7896
2024-01-30 14:00:00,444.0097,304.2469,201.3179
2024-01-30 15:00:00,399.2331,179.6511,211.3127
2024-01-30 16:00:00,304.117,294.0671,242.7257
2024-01-30 17:00:00,159.9745,290.1553,251.4387
2024-01-30 18:00:00,21.586,280.0041,304.5348
2024-01-30 19:00:00,0.0,267.0697,378.2148
2024-01-30 20:00:00,0.0,302.4242,348.0487
2024-01-30 21:00:00,0.0,269.2042,350.6353
2024-01-30 22:00:00,0.0,257.9667,336.91
2024-01-30 23:00:00,0.0,264.9965,352.1198
2024-01-31 00:00:00,0.0,247.104,265.059
2024-01-31 01:00:00,0.0,215.8087,232.1316
2024-01-31 02:00:00,0.0,224.2115,204.8377
2024-01-31 03:00:00,0.0,270.5198,166.3352
2024-01-31 04:00:00,0.0,231.4277,140.5229
2024-01-31 05:00:00,0.0,184.8751,157.3292
2024-01-31 06:00:00,0.0,224.4468,169.7015
2024-01-31 07:00:00,13.9641,235.1858,177.6914
2024-01-31 08:00:00,146.7509,205.3722,229.627
2024-01-31 09:00:00,297.7712,259.1285,258.1874
2024-01-31 10:00:00,340.7216,266.4729,221.1679
2024-01-31 11:00:00,437.6483,293.126,230.2258
2024-01-31 12:00:00,435.0527,297.6161,211.1403
2024-01-31 13:00:00,433.327,293.5303,147.8767
2024-01-31 14:00:00,391.4117,289.4104,171.5399
2024-01-31 15:00:00,355.2099,290.195,246.0504
2024-01-31 16:00:00,273.8033,282.6414,233.6752
2024-01-31 17:00:00,200.649,262.6226,249.9014
2024-01-31 18:00:00,39.1133,239.0769,368.8361
2024-01-31 19:00:00,0.0,228.1558,465.0705
2024-01-31 20:00:00,0.0,162.2159,480.2861
2024-01-31 21:00:00,0.0,170.7957,505.9449
2024-01-31 22:00:00,0.0,192.2925,418.3572
2024-01-31 23:00:00,0.0,174.9499,352.708
2024-02-01 00:00:00,0.0,158.8211,296.0334
2024-02-01 01:00:00,0.0,139.5274,272.4241
2024-02-01 02:00:00,0.0,109.5656,239.389
2024-02-01 03:00:00,0.0,117.3984,197.1666
2024-02-01 04:00:00,0.0,113.6892,209.6458
2024-02-01 05:00:00,0.0,106.3213,185.7789
2024-02-01 06:00:00,0.0,105.3767,190.6106
2024-02-01 07:00:00,11.8325,74.5324,221.5393
2024-02-01 08:00:00,117.285,100.0753,315.3968
2024-02-01 09:00:00,277.5789,207.2504,264.9661
2024-02-01 10:00:00,378.1848,258.7369,227.0946
2024-02-01 11:00:00,355.4449,246.3522,238.6092
2024-02-01 12:00:00,358.67,267.4467,245.5729
2024-02-01 13:00:00,400.0842,235.1513,212.5949
2024-02-01 14:00:00,344.5691,287.0544,260.1792
2024-02-01 15:00:00,292.8309,293.1602,254.246
2024-02-01 16:00:00,226.3774,284.6914,291.3826
2024-02-01 17:00:00,123.663,246.9733,266.803
2024-02-01 18:00:00,31.8561,162.4792,289.4193
2024-02-01 19:00:00,0.0,183.7652,347.9328
2024-02-01 20:00:00,0.0,182.7123,373.5945
2024-02-01 21:00:00,0.0,149.459,373.8344
2024-02-01 22:00:00,0.0,143.4155,345.8422
2024-02-01 23:00:00,0.0,82.6365,338.9676
2024-02-02 00:00:00,0.0,66.717,250.8289
2024-02-02 01:00:00,0.0,81.1943,201.9472
2024-02-02 02:00:00,0.0,81.9198,159.3778
2024-02-02 03:00:00,0.0,101.573,138.8336
2024-02-02 04:00:00,0.0,116.1896,173.6441
2024-02-02 05:00:00,0.0,109.9645,161.8792
2024-02-02 06:00:00,0.0,123.7272,176.8684
2024-02-02 07:00:00,18.5122,121.3794,186.2106
2024-02-02 08:00:00,106.575,103.517,296.485
2024-02-02 09:00:00,205.5916,171.5174,355.1332
2024-02-02 10:00:00,279.1914,77.6374,425.9907
2024-02-02 11:00:00,378.1032,114.978,435.7805
2024-02-02 12:00:00,391.74,156.7586,359.2554
2024-02-02 13:00:00,390.4635,237.6778,380.3209
2024-02-02 14:00:00,299.6439,119.2785,388.2335
2024-02-02 15:00:00,303.762,53.7316,419.5048
2024-02-02 16:00:00,193.4016,112.7144,514.417
2024-02-02 17:00:00,87.0235,111.3601,477.2897
2024-02-02 18:00:00,11.9894,102.0632,506.6532
2024-02-02 19:00:00,0.0,106.2452,614.5938
2024-02-02 20:00:00,0.0,113.589,588.1126
2024-02-02 21:00:00,0.0,93.1523,589.722
2024-02-02 22:00:00,0.0,111.9531,416.9978
2024-02-02 23:00:00,0.0,106.9852,337.3111
2024-02-03 00:00:00,0.0,68.191,317.9582
2024-02-03 01:00:00,0.0,71.9869,316.2009
2024-02-03 02:00:00,0.0,49.2166,322.416
2024-02-03 03:00:00,0.0,23.698,273.8348
2024-02-03 04:00:00,0.0,24.3321,245.2561
2024-02-03 05:00:00,0.0,3.0398,242.772
2024-02-03 06:00:00,0.0,0.8072,244.2589
2024-02-03 07:00:00,13.0452,1.2198,219.2163
2024-02-03 08:00:00,108.2979,0.6281,193.33
2024-02-03 09:00:00,274.6624,0.6112,261.4106
2024-02-03 10:00:00,285.3364,0.7311,255.3351
2024-02-03 11:00:00,328.7156,1.0156,291.6096
2024-02-03 12:00:00,410.1189,1.2618,269.2017
2024-02-03 13:00:00,456.6519,4.9336,259.2359
2024-02-03 14:00:00,399.2453,22.1187,262.819
2024-02-03 15:00:00,267.2431,14.092,329.9698
2024-02-03 16:00:00,252.5786,15.2181,342.0671
2024-02-03 17:00:00,135.5509,66.608,368.3529
2024-02-03 18:00:00,24.5345,29.0469,499.5787
2024-02-03 19:00:00,0.0,9.695,597.432
2024-02-03 20:00:00,0.0,7.3197,617.6763
2024-02-03 21:00:00,0.0,3.7494,533.7225
2024-02-03 22:00:00,0.0,0.705,497.0121
2024-02-03 23:00:00,0.0,0.3095,441.5106
2024-02-04 00:00:00,0.0,0.4144,369.8985
2024-02-04 01:00:00,0.0,0.7814,324.9744
2024-02-04 02:00:00,0.0,1.5117,305.7223
2024-02-04 03:00:00,0.0,2.1483,247.8921
2024-02-04 04:00:00,0.0,3.7218,224.0108
2024-02-04 05:00:00,0.0,8.1457,218.8149
2024-02-04 06:00:00,0.0,16.0283,184.174
2024-02-04 07:00:00,9.0422,6.6141,197.9189
2024-02-04 08:00:00,79.1156,8.0167,187.9211
2024-02-04 09:00:00,143.4233,10.222,193.5983
2024-02-04 10:00:00,197.9348,17.6298,191.5924
2024-02-04 11:00:00,294.1822,19.9586,179.6201
2024-02-04 12:00:00,337.4445,30.5904,170.6313
2024-02-04 13:00:00,326.8777,26.4641,153.3924
2024-02-04 14:00:00,308.5733,6.9394,149.5489
2024-02-04 15:00:00,293.9177,18.173,257.2145
2024-02-04 16:00:00,317.0526,43.5438,165.7829
2024-02-04 17:00:00,110.1097,33.1416,291.2252
2024-02-04 18:00:00,26.1173,12.771,390.689
2024-02-04 19:00:00,0.0,6.6769,508.118
2024-02-04 20:00:00,0.0,13.0319,539.1076
2024-02-04 21:00:00,0.0,12.761,533.6603
2024-02-04 22:00:00,0.0,16.1309,501.4553
2024-02-04 23:00:00,0.0,18.1032,486.7265
2024-02-05 00:00:00,0.0,19.5143,448.301
2024-02-05 01:00:00,0.0,25.9639,329.1355
2024-02-05 02:00:00,0.0,24.9629,264.7655
2024-02-05 03:00:00,0.0,22.1772,236.3955
2024-02-05 04:00:00,0.0,21.9448,188.8817
2024-02-05 05:00:00,0.0,15.0235,177.6155
2024-02-05 06:00:00,0.0,3.4905,163.9555
2024-02-05 07:00:00,24.3665,4.3932,104.1255
2024-02-05 08:00:00,146.7972,1.1141,210.1455
2024-02-05 09:00:00,295.4917,3.1276,236.5055
2024-02-05 10:00:00,393.1448,34.7749,255.4447
2024-02-05 11:00:00,427.6958,43.0227,288.2155
2024-02-05 12:00:00,429.9444,46.5944,312.2359
2024-02-05 13:00:00,470.892,44.0489,331.1856
2024-02-05 14:00:00,418.2124,24.4151,355.5233
2024-02-05 15:00:00,401.9913,100.2071,362.4042
2024-02-05 16:00:00,310.9566,94.7446,403.1771
2024-02-05 17:00:00,161.8355,88.6655,327.397
2024-02-05 18:00:00,25.7176,55.1857,363.6033
2024-02-05 19:00:00,0.0,10.3392,420.4501
2024-02-05 20:00:00,0.0,8.5098,390.1715
2024-02-05 21:00:00,0.0,4.0488,388.4886
2024-02-05 22:00:00,0.0,2.3373,381.9352
2024-02-05 23:00:00,0.0,3.5764,333.0379
2024-02-06 00:00:00,0.0,7.3761,312.7069
2024-02-06 01:00:00,0.0,20.926,244.2946
2024-02-06 02:00:00,0.0,20.0145,210.4363
2024-02-06 03:00:00,0.0,16.7287,179.0711
2024-02-06 04:00:00,0.0,9.7597,136.566
2024-02-06 05:00:00,0.0,9.7034,108.0422
2024-02-06 06:00:00,0.0,4.6383,176.6595
2024-02-06 07:00:00,18.1005,2.9668,218.4955
2024-02-06 08:00:00,170.6787,0.4349,222.296
2024-02-06 09:00:00,329.1786,2.8154,216.2051
2024-02-06 10:00:00,434.1089,6.8137,212.121
2024-02-06 11:00:00,485.4915,37.2549,213.6483
2024-02-06 12:00:00,484.6237,91.0792,238.6912
2024-02-06 13:00:00,471.0158,97.3578,224.7049
2024-02-06 14:00:00,430.136,113.87,249.6844
2024-02-06 15:00:00,358.5038,151.2265,373.0489
2024-02-06 16:00:00,270.7422,134.054,345.4603
2024-02-06 17:00:00,134.3169,233.5823,342.2645
2024-02-06 18:00:00,25.8006,210.5056,406.8131
2024-02-06 19:00:00,0.0,205.0861,443.3183
2024-02-06 20:00:00,0.0,102.5783,425.0297
2024-02-06 21:00:00,0.0,143.726,354.5152
2024-02-06 22:00:00,0.0,142.7835,327.016
2024-02-06 23:00:00,0.0,121.0491,296.7494
2024-02-07 00:00:00,0.0,124.3967,200.3378
2024-02-07 01:00:00,0.0,99.9419,171.1873
2024-02-07 02:00:00,0.0,87.0745,118.7978
2024-02-07 03:00:00,0.0,104.8488,102.6655
2024-02-07 04:00:00,0.0,100.1922,103.5155
2024-02-07 05:00:00,0.0,133.7709,102.1455
2024-02-07 06:00:00,0.0,182.5959,104.8145
2024-02-07 07:00:00,14.8941,121.5619,120.1087
2024-02-07 08:00:00,92.6923,204.5385,171.2097
2024-02-07 09:00:00,219.4928,217.7658,210.5419
2024-02-07 10:00:00,367.9382,277.7221,189.2392
2024-02-07 11:00:00,379.6981,248.7096,219.1521
2024-02-07 12:00:00,445.7199,271.0344,175.6972
2024-02-07 13:00:00,421.8355,257.9951,214.709
2024-02-07 14:00:00,397.2517,302.8389,210.761
2024-02-07 15:00:00,377.6682,298.4621,256.6028
2024-02-07 16:00:00,336.1661,299.7368,242.9592
2024-02-07 17:00:00,197.1452,285.0521,290.8613
2024-02-07 18:00:00,30.4485,263.7896,303.2453
2024-02-07 19:00:00,0.0,279.9435,398.2048
2024-02-07 20:00:00,0.0,237.0643,409.7141
2024-02-07 21:00:00,0.0,219.3992,392.7797
2024-02-07 22:00:00,0.0,213.4572,388.8129
2024-02-07 23:00:00,0.0,238.0431,359.915
2024-02-08 00:00:00,0.0,246.4644,205.9561
2024-02-08 01:00:00,0.0,248.2665,169.2931
2024-02-08 02:00:00,0.0,261.9793,121.0151
2024-02-08 03:00:00,0.0,278.8454,111.2834
2024-02-08 04:00:00,0.0,192.8787,90.1729
2024-02-08 05:00:00,0.0,242.9174,90.1878
2024-02-08 06:00:00,0.0,205.9588,123.1258
2024-02-08 07:00:00,24.8585,173.8193,149.4503
2024-02-08 08:00:00,175.8617,187.6386,174.857
2024-02-08 09:00:00,310.6094,230.1362,201.5123
2024-02-08 10:00:00,439.0277,248.1151,215.4219
2024-02-08 11:00:00,421.2165,289.8062,224.1835
2024-02-08 12:00:00,498.8237,276.1234,159.0915
2024-02-08 13:00:00,487.2954,284.9248,177.0043
2024-02-08 14:00:00,389.7635,302.9158,186.0995
2024-02-08 15:00:00,345.7479,300.0314,188.1582
2024-02-08 16:00:00,327.4711,302.546,157.7526
2024-02-08 17:00:00,174.2084,291.1264,195.9675
2024-02-08 18:00:00,27.271,285.839,346.7322
2024-02-08 19:00:00,0.0,208.1617,423.1484
2024-02-08 20:00:00,0.0,222.6686,433.6081
2024-02-08 21:00:00,0.0,182.503,392.451
2024-02-08 22:00:00,0.0,187.6657,422.6738
2024-02-08 23:00:00,0.0,139.5874,390.7668
2024-02-09 00:00:00,0.0,133.9805,386.3173
2024-02-09 01:00:00,0.0,128.691,334.2825
2024-02-09 02:00:00,0.0,125.4056,325.3914
2024-02-09 03:00:00,0.0,125.1317,266.12
2024-02-09 04:00:00,0.0,117.8836,236.5394
2024-02-09 05:00:00,0.0,147.7148,230.9115
2024-02-09 06:00:00,0.0,191.5481,269.7571
2024-02-09 07:00:00,10.2455,220.3621,244.1381
2024-02-09 08:00:00,155.8292,226.5685,232.9008
2024-02-09 09:00:00,312.8573,256.0064,187.2077
2024-02-09 10:00:00,418.3863,292.5036,160.5096
2024-02-09 11:00:00,484.5687,293.0741,150.7638
2024-02-09 12:00:00,418.1248,288.8219,151.6481
2024-02-09 13:00:00,480.7223,298.9447,154.8691
2024-02-09 14:00:00,459.2302,282.728,181.1081
2024-02-09 15:00:00,432.2942,301.9182,160.4926
2024-02-09 16:00:00,354.2729,302.4398,159.6683
2024-02-09 17:00:00,207.6853,306.4772,151.1827
2024-02-09 18:00:00,37.4227,275.244,317.1405
2024-02-09 19:00:00,0.0,260.7883,530.0446
2024-02-09 20:00:00,0.0,231.2337,510.8255
2024-02-09 21:00:00,0.0,242.4875,502.4817
2024-02-09 22:00:00,0.0,255.0953,500.1674
2024-02-09 23:00:00,0.0,224.0538,349.0268
2024-02-10 00:00:00,0.0,245.0196,324.9085
2024-02-10 01:00:00,0.0,248.7369,415.5336
2024-02-10 02:00:00,0.0,256.0926,392.4764
2024-02-10 03:00:00,0.0,291.6902,284.6491
2024-02-10 04:00:00,0.0,252.4806,277.2749
2024-02-10 05:00:00,0.0,230.1484,233.7362
2024-02-10 06:00:00,0.0,239.0262,220.6569
2024-02-10 07:00:00,15.1295,254.2036,223.9634
2024-02-10 08:00:00,162.1971,278.4854,118.0054
2024-02-10 09:00:00,337.3404,298.9581,128.5086
2024-02-10 10:00:00,446.4321,302.7747,116.3793
2024-02-10 11:00:00,515.5869,295.1778,224.8781
2024-02-10 12:00:00,534.744,255.4448,229.4945
2024-02-10 13:00:00,534.6953,257.6926,123.85
2024-02-10 14:00:00,487.9912,257.4885,119.4101
2024-02-10 15:00:00,422.3762,256.0777,200.1492
2024-02-10 16:00:00,327.1256,253.1479,198.4574
2024-02-10 17:00:00,230.1554,172.6004,192.9615
2024-02-10 18:00:00,42.2294,176.2974,250.8086
2024-02-10 19:00:00,0.0,157.5112,353.0295
2024-02-10 20:00:00,0.0,150.7644,297.8495
2024-02-10 21:00:00,0.0,198.9381,289.6691
2024-02-10 22:00:00,0.0,191.6148,282.0027
2024-02-10 23:00:00,0.0,174.5844,288.8001
2024-02-11 00:00:00,0.0,224.2023,255.4301
2024-02-11 01:00:00,0.0,249.666,203.8055
2024-02-11 02:00:00,0.0,251.4331,207.4547
2024-02-11 03:00:00,0.0,238.7953,148.9986
2024-02-11 04:00:00,0.0,196.0021,141.9252
2024-02-11 05:00:00,0.0,240.4028,215.5741
2024-02-11 06:00:00,0.0,249.5197,229.5529
2024-02-11 07:00:00,17.8208,232.5506,240.4996
2024-02-11 08:00:00,165.2545,230.0397,189.5868
2024-02-11 09:00:00,324.6624,249.4871,165.8545
2024-02-11 10:00:00,421.3771,264.4235,149.3692
2024-02-11 11:00:00,466.3274,264.6899,129.7382
2024-02-11 12:00:00,499.4559,268.2657,150.0885
2024-02-11 13:00:00,422.5888,261.4286,112.746
2024-02-11 14:00:00,488.8967,262.3922,124.09
2024-02-11 15:00:00,390.6158,273.968,136.2567
2024-02-11 16:00:00,329.6431,256.0861,139.8087
2024-02-11 17:00:00,180.1192,273.9716,130.8953
2024-02-11 18:00:00,41.8502,250.3874,158.0271
2024-02-11 19:00:00,0.0,183.8714,299.834
2024-02-11 20:00:00,0.0,203.7789,312.2075
2024-02-11 21:00:00,0.0,195.3603,324.9177
2024-02-11 22:00:00,0.0,221.457,322.6164
2024-02-11 23:00:00,0.0,205.5553,315.0117
2024-02-12 00:00:00,0.0,210.2709,200.8452
2024-02-12 01:00:00,0.0,227.536,174.2789
2024-02-12 02:00:00,0.0,228.7529,172.3892
2024-02-12 03:00:00,0.0,173.8149,159.9252
2024-02-12 04:00:00,0.0,145.0954,158.926
2024-02-12 05:00:00,0.0,72.4764,159.7087
2024-02-12 06:00:00,0.0,82.3565,171.7346
2024-02-12 07:00:00,28.9323,71.3319,176.5532
2024-02-12 08:00:00,155.0973,76.379,204.4648
2024-02-12 09:00:00,317.0322,151.8323,167.9292
2024-02-12 10:00:00,407.3432,222.5427,168.3526
2024-02-12 11:00:00,453.2568,228.597,178.8441
2024-02-12 12:00:00,470.2159,207.2473,180.178
2024-02-12 13:00:00,414.5046,158.1976,253.5187
2024-02-12 14:00:00,365.8946,140.4486,271.6479
2024-02-12 15:00:00,358.41,142.031,226.729
2024-02-12 16:00:00,334.5471,172.6067,160.0408
2024-02-12 17:00:00,183.8718,214.2034,170.9437
2024-02-12 18:00:00,30.0052,186.5001,209.3679
2024-02-12 19:00:00,0.0,166.4727,319.9629
2024-02-12 20:00:00,0.0,156.7033,336.3238
2024-02-12 21:00:00,0.0,157.0497,330.3245
2024-02-12 22:00:00,0.0,158.8529,318.8765
2024-02-12 23:00:00,0.0,79.6913,337.814
2024-02-13 00:00:00,0.0,88.8611,276.47
2024-02-13 01:00:00,0.0,85.6111,234.8149
2024-02-13 02:00:00,0.0,97.8975,205.2254
2024-02-13 03:00:00,0.0,90.7569,204.9715
2024-02-13 04:00:00,0.0,114.8448,170.0905
2024-02-13 05:00:00,0.0,104.9618,139.173
2024-02-13 06:00:00,0.0,109.7765,204.9042
2024-02-13 07:00:00,22.6704,96.5911,325.3128
2024-02-13 08:00:00,152.534,169.9375,291.7951
2024-02-13 09:00:00,305.2017,235.1801,166.2499
2024-02-13 10:00:00,400.4412,252.7149,156.3638
2024-02-13 11:00:00,495.1228,252.5595,124.7831
2024-02-13 12:00:00,493.5826,283.6959,94.7793
2024-02-13 13:00:00,452.3001,294.5201,111.0823
2024-02-13 14:00:00,462.821,299.2312,120.9744
2024-02-13 15:00:00,386.7695,292.6137,164.5037
2024-02-13 16:00:00,358.1948,296.8838,168.1922
2024-02-13 17:00:00,180.4433,289.627,228.1463
2024-02-13 18:00:00,36.5332,274.142,241.3897
2024-02-13 19:00:00,0.0,220.7961,280.6799
2024-02-13 20:00:00,0.0,236.2297,339.8362
2024-02-13 21:00:00,0.0,277.7769,327.1207
2024-02-13 22:00:00,0.0,261.2585,329.5103
2024-02-13 23:00:00,0.0,206.777,327.488
2024-02-14 00:00:00,0.0,241.4622,222.3452
2024-02-14 01:00:00,0.0,252.1004,183.2487
2024-02-14 02:00:00,0.0,278.273,191.2327
2024-02-14 03:00:00,0.0,294.2915,138.0662
2024-02-14 04:00:00,0.0,300.1817,110.4097
2024-02-14 05:00:00,0.0,272.3092,79.7109
2024-02-14 06:00:00,0.0,257.3695,79.269
2024-02-14 07:00:00,30.9183,256.3819,88.3757
2024-02-14 08:00:00,161.7165,252.8189,94.9404
2024-02-14 09:00:00,327.6964,257.0328,141.8063
2024-02-14 10:00:00,436.6064,271.4964,148.4366
2024-02-14 11:00:00,501.9849,272.257,166.9912
2024-02-14 12:00:00,517.0122,268.4881,178.9307
2024-02-14 13:00:00,509.4388,266.3755,197.3601
2024-02-14 14:00:00,439.0849,271.8575,252.0564
2024-02-14 15:00:00,445.577,180.778,321.5663
2024-02-14 16:00:00,355.1806,185.3269,344.8517
2024-02-14 17:00:00,205.3612,296.5221,282.6644
2024-02-14 18:00:00,35.2359,280.1454,294.2847
2024-02-14 19:00:00,0.0,259.9739,345.8402
2024-02-14 20:00:00,0.0,222.6232,308.9206
2024-02-14 21:00:00,0.0,253.3327,255.7878
2024-02-14 22:00:00,0.0,278.5078,259.0836
2024-02-14 23:00:00,0.0,288.6243,256.1653
2024-02-15 00:00:00,0.0,291.2955,255.1284
2024-02-15 01:00:00,0.0,270.6007,197.7601
2024-02-15 02:00:00,0.0,231.7121,171.9456
2024-02-15 03:00:00,0.0,203.4348,161.7501
2024-02-15 04:00:00,0.0,250.5212,155.0009
2024-02-15 05:00:00,0.0,261.12,149.4811
2024-02-15 06:00:00,0.0,249.2804,138.0287
2024-02-15 07:00:00,16.1785,260.9913,131.0031
2024-02-15 08:00:00,149.3232,252.157,179.0465
2024-02-15 09:00:00,294.5995,288.7322,196.5773
2024-02-15 10:00:00,361.472,296.4047,193.547
2024-02-15 11:00:00,371.1247,290.1121,191.8408
2024-02-15 12:00:00,380.851,308.8806,165.8388
2024-02-15 13:00:00,359.4891,313.942,163.0534
2024-02-15 14:00:00,365.9442,312.4692,153.9396
2024-02-15 15:00:00,375.2585,316.2564,201.2713
2024-02-15 16:00:00,305.7117,315.6729,235.3976
2024-02-15 17:00:00,183.5793,313.8056,241.7291
2024-02-15 18:00:00,39.377,306.9297,211.7234
2024-02-15 19:00:00,0.0,303.2734,258.8906
2024-02-15 20:00:00,0.0,290.645,288.0861
2024-02-15 21:00:00,0.0,257.8738,341.3839
2024-02-15 22:00:00,0.0,198.1388,297.4784
2024-02-15 23:00:00,0.0,227.891,266.1729
2024-02-16 00:00:00,0.0,208.4494,248.0718
2024-02-16 01:00:00,0.0,190.5683,207.901
2024-02-16 02:00:00,0.0,213.2475,207.5818
2024-02-16 03:00:00,0.0,189.4395,200.3376
2024-02-16 04:00:00,0.0,195.4585,196.7576
2024-02-16 05:00:00,0.0,205.5846,158.1046
2024-02-16 06:00:00,0.0,193.7097,173.6266
2024-02-16 07:00:00,26.3528,230.4548,194.7708
2024-02-16 08:00:00,149.8707,245.5775,184.9165
2024-02-16 09:00:00,311.8956,290.9789,189.2931
2024-02-16 10:00:00,415.7488,309.7525,133.622
2024-02-16 11:00:00,483.1276,307.0092,153.2443
2024-02-16 12:00:00,509.2447,306.6606,154.6686
2024-02-16 13:00:00,508.2205,308.1477,154.6697
2024-02-16 14:00:00,478.0834,309.0629,168.8479
2024-02-16 15:00:00,420.1314,313.2622,171.5586
2024-02-16 16:00:00,322.0991,310.5162,184.6729
2024-02-16 17:00:00,170.3729,316.4575,138.7269
2024-02-16 18:00:00,26.9695,302.8146,183.4072
2024-02-16 19:00:00,0.0,287.7842,303.636
2024-02-16 20:00:00,0.0,268.6708,286.5357
2024-02-16 21:00:00,0.0,274.1191,296.529
2024-02-16 22:00:00,0.0,253.1242,294.8407
2024-02-16 23:00:00,0.0,229.9509,294.2721
2024-02-17 00:00:00,0.0,233.4207,325.865
2024-02-17 01:00:00,0.0,218.8887,334.553
2024-02-17 02:00:00,0.0,188.8002,369.887
2024-02-17 03:00:00,0.0,205.378,293.6579
2024-02-17 04:00:00,0.0,209.5015,276.6517
2024-02-17 05:00:00,0.0,206.3349,276.7639
2024-02-17 06:00:00,0.0,196.6964,226.6894
2024-02-17 07:00:00,20.2877,233.1051,220.8145
2024-02-17 08:00:00,120.8489,232.2585,174.0824
2024-02-17 09:00:00,287.6877,257.6578,162.4763
2024-02-17 10:00:00,405.519,272.2452,131.2246
2024-02-17 11:00:00,452.5458,272.9585,124.8185
2024-02-17 12:00:00,477.9745,239.109,97.0509
2024-02-17 13:00:00,438.6374,266.9401,90.3949
2024-02-17 14:00:00,342.4056,241.6873,106.3606
2024-02-17 15:00:00,248.8425,251.6663,218.2386
2024-02-17 16:00:00,232.7651,227.2518,185.5054
2024-02-17 17:00:00,114.6843,246.3625,220.1499
2024-02-17 18:00:00,29.1991,239.2192,339.2392
2024-02-17 19:00:00,0.0,169.587,412.0557
2024-02-17 20:00:00,0.0,176.7861,403.2159
2024-02-17 21:00:00,0.0,132.398,412.9817
2024-02-17 22:00:00,0.0,113.1766,393.8699
2024-02-17 23:00:00,0.0,95.2793,390.0027
2024-02-18 00:00:00,0.0,53.0934,349.585
2024-02-18 01:00:00,0.0,67.2085,305.3017
2024-02-18 02:00:00,0.0,55.8856,303.5231
2024-02-18 03:00:00,0.0,32.7088,280.8167
2024-02-18 04:00:00,0.0,23.676,263.9872
2024-02-18 05:00:00,0.0,17.0928,225.4726
2024-02-18 06:00:00,0.0,12.9078,190.613
2024-02-18 07:00:00,28.0817,9.5619,150.3727
2024-02-18 08:00:00,96.0565,12.8941,165.0533
2024-02-18 09:00:00,214.3574,72.7903,122.6414
2024-02-18 10:00:00,310.7408,135.5627,103.5214
2024-02-18 11:00:00,373.3496,106.8184,71.2368
2024-02-18 12:00:00,401.5707,123.7535,66.6431
2024-02-18 13:00:00,400.618,140.5463,88.1119
2024-02-18 14:00:00,336.8011,145.6355,72.4506
2024-02-18 15:00:00,287.8568,237.0312,59.0304
2024-02-18 16:00:00,228.2031,242.5318,60.5474
2024-02-18 17:00:00,136.8801,192.904,129.7649
2024-02-18 18:00:00,17.7456,165.1357,306.799
2024-02-18 19:00:00,0.0,129.9368,380.0069
2024-02-18 20:00:00,0.0,100.0528,397.0875
2024-02-18 21:00:00,0.0,87.1362,410.5496
2024-02-18 22:00:00,0.0,89.4704,441.6008
2024-02-18 23:00:00,0.0,107.6861,315.4342
2024-02-19 00:00:00,0.0,115.6964,286.042
2024-02-19 01:00:00,0.0,116.704,271.5161
2024-02-19 02:00:00,0.0,156.0901,226.5095
2024-02-19 03:00:00,0.0,148.4812,173.9402
2024-02-19 04:00:00,0.0,211.4973,175.8036
2024-02-19 05:00:00,0.0,164.4379,168.0931
2024-02-19 06:00:00,0.0,199.0777,172.0044
2024-02-19 07:00:00,29.6478,193.5209,178.2025
2024-02-19 08:00:00,147.419,186.069,194.3196
2024-02-19 09:00:00,301.4379,262.2897,200.8701
2024-02-19 10:00:00,355.1448,270.9317,207.7471
2024-02-19 11:00:00,420.7312,280.9189,214.6386
2024-02-19 12:00:00,469.6427,306.8042,157.8373
2024-02-19 13:00:00,450.0881,300.862,156.2229
2024-02-19 14:00:00,421.5495,207.8133,231.6166
2024-02-19 15:00:00,370.6142,271.4611,320.0154
2024-02-19 16:00:00,272.8466,294.2926,255.2223
2024-02-19 17:00:00,155.3055,295.5991,239.9049
2024-02-19 18:00:00,35.4373,295.4393,249.5613
2024-02-19 19:00:00,0.0,302.8482,333.3415
2024-02-19 20:00:00,0.0,306.4195,338.9431
2024-02-19 21:00:00,0.0,302.4246,385.7517
2024-02-19 22:00:00,0.0,293.257,354.9158
2024-02-19 23:00:00,0.0,298.2488,356.4435
2024-02-20 00:00:00,0.0,304.9231,297.5965
2024-02-20 01:00:00,0.0,301.4935,273.2094
2024-02-20 02:00:00,0.0,302.0949,262.1488
2024-02-20 03:00:00,0.0,293.9697,198.1733
2024-02-20 04:00:00,0.0,286.0032,187.2336
2024-02-20 05:00:00,0.0,256.8314,183.8914
2024-02-20 06:00:00,0.0,262.1124,177.2585
2024-02-20 07:00:00,14.9403,189.1084,150.383
2024-02-20 08:00:00,93.7553,197.2342,252.8089
2024-02-20 09:00:00,233.0923,256.0602,266.7326
2024-02-20 10:00:00,327.5768,290.4184,307.101
2024-02-20 11:00:00,385.9153,269.0637,323.2077
2024-02-20 12:00:00,407.1399,287.1097,335.9643
2024-02-20 13:00:00,344.0794,281.1041,319.9449
2024-02-20 14:00:00,386.8791,283.0923,337.1832
2024-02-20 15:00:00,335.6884,295.9308,308.1565
2024-02-20 16:00:00,301.6582,277.5937,369.1962
2024-02-20 17:00:00,172.723,288.4989,309.0153
2024-02-20 18:00:00,37.6759,221.2117,359.0526
2024-02-20 19:00:00,0.0,160.1786,391.1272
2024-02-20 20:00:00,0.0,128.4982,421.8156
2024-02-20 21:00:00,0.0,129.0172,400.7705
2024-02-20 22:00:00,0.0,124.3224,347.2822
2024-02-20 23:00:00,0.0,128.9826,318.586
2024-02-21 00:00:00,0.0,133.6644,176.3493
2024-02-21 01:00:00,0.0,147.7558,155.0477
2024-02-21 02:00:00,0.0,175.7566,149.6097
2024-02-21 03:00:00,0.0,176.4401,144.1382
2024-02-21 04:00:00,0.0,228.7571,132.0074
2024-02-21 05:00:00,0.0,222.7102,132.0158
2024-02-21 06:00:00,0.0,214.1134,148.1593
2024-02-21 07:00:00,21.1062,189.462,169.2071
2024-02-21 08:00:00,177.4454,184.1955,243.9884
2024-02-21 09:00:00,313.6539,271.943,125.2851
2024-02-21 10:00:00,423.7226,282.4137,123.1576
2024-02-21 11:00:00,398.8531,255.1269,163.4699
2024-02-21 12:00:00,418.8916,286.3339,144.1443
2024-02-21 13:00:00,351.5039,297.3497,250.6546
2024-02-21 14:00:00,426.9627,283.0737,250.7687
2024-02-21 15:00:00,261.9091,301.9463,267.7577
2024-02-21 16:00:00,259.7982,261.2862,311.4808
2024-02-21 17:00:00,159.4975,235.0703,303.2564
2024-02-21 18:00:00,25.3539,222.4278,380.1227
2024-02-21 19:00:00,0.0,170.422,541.3608
2024-02-21 20:00:00,0.0,193.2271,588.8341
2024-02-21 21:00:00,0.0,197.571,582.5628
2024-02-21 22:00:00,0.0,217.7008,587.4173
2024-02-21 23:00:00,0.0,206.5332,610.336
2024-02-22 00:00:00,0.0,240.4851,610.3246
2024-02-22 01:00:00,0.0,223.9037,613.8147
2024-02-22 02:00:00,0.0,272.9152,527.0175
2024-02-22 03:00:00,0.0,283.0589,503.1681
2024-02-22 04:00:00,0.0,265.2554,503.8885
2024-02-22 05:00:00,0.0,290.3659,470.6836
2024-02-22 06:00:00,0.0,271.3298,512.817
2024-02-22 07:00:00,24.5259,241.8311,557.2152
2024-02-22 08:00:00,175.386,259.4362,545.6845
2024-02-22 09:00:00,332.7702,302.6545,474.9614
2024-02-22 10:00:00,381.1068,303.2532,484.1569
2024-02-22 11:00:00,443.3172,293.6744,459.8108
2024-02-22 12:00:00,486.4794,305.0172,424.4337
2024-02-22 13:00:00,458.5605,298.3111,431.8594
2024-02-22 14:00:00,446.587,300.7009,467.475
2024-02-22 15:00:00,414.693,307.9949,499.6876
2024-02-22 16:00:00,333.3796,306.1047,559.9276
2024-02-22 17:00:00,181.4628,303.4924,613.3976
2024-02-22 18:00:00,40.2083,290.0803,645.9449
2024-02-22 19:00:00,0.0,289.8791,666.0125
2024-02-22 20:00:00,0.0,266.3489,674.5409
2024-02-22 21:00:00,0.0,243.3888,640.422
2024-02-22 22:00:00,0.0,242.2711,587.7417
2024-02-22 23:00:00,0.0,244.5946,518.1572
2024-02-23 00:00:00,0.0,235.0563,463.7197
2024-02-23 01:00:00,0.0,228.5619,467.2453
2024-02-23 02:00:00,0.0,224.7179,413.1736
2024-02-23 03:00:00,0.0,250.6698,359.9806
2024-02-23 04:00:00,0.0,246.9204,329.4887
2024-02-23 05:00:00,0.0,225.7911,338.124
2024-02-23 06:00:00,0.0,211.961,373.9175
2024-02-23 07:00:00,29.6049,202.2033,352.033
2024-02-23 08:00:00,187.9711,168.0528,364.2099
2024-02-23 09:00:00,340.5506,223.1861,348.3738
2024-02-23 10:00:00,447.5472,215.18,360.3741
2024-02-23 11:00:00,480.8884,224.7347,361.1796
2024-02-23 12:00:00,531.0879,186.4884,380.1778
2024-02-23 13:00:00,523.1865,168.7066,428.6988
2024-02-23 14:00:00,506.3295,122.0686,434.8381
2024-02-23 15:00:00,470.7981,161.3266,314.7135
2024-02-23 16:00:00,379.8869,204.1324,313.5672
2024-02-23 17:00:00,209.6133,237.7115,310.107
2024-02-23 18:00:00,39.4037,210.9338,430.3027
2024-02-23 19:00:00,0.0,216.6992,473.0611
2024-02-23 20:00:00,0.0,174.1125,496.1294
2024-02-23 21:00:00,0.0,187.2737,437.8501
2024-02-23 22:00:00,0.0,188.261,414.0223
2024-02-23 23:00:00,0.0,166.6895,419.3515
2024-02-24 00:00:00,0.0,121.7769,400.8917
2024-02-24 01:00:00,0.0,150.8481,347.2359
2024-02-24 02:00:00,0.0,99.5051,330.1277
2024-02-24 03:00:00,0.0,134.8169,307.6278
2024-02-24 04:00:00,0.0,138.9302,254.6844
2024-02-24 05:00:00,0.0,87.6846,256.3269
2024-02-24 06:00:00,0.0,89.5455,253.7039
2024-02-24 07:00:00,26.4367,91.3293,260.4508
2024-02-24 08:00:00,189.8459,76.1604,214.8785
2024-02-24 09:00:00,343.7018,137.0857,171.6943
2024-02-24 10:00:00,409.6216,140.4334,163.8564
2024-02-24 11:00:00,489.1882,147.7883,209.936
2024-02-24 12:00:00,504.3755,165.7913,201.21
2024-02-24 13:00:00,522.8306,175.8444,223.1145
2024-02-24 14:00:00,462.1379,214.0896,257.8704
2024-02-24 15:00:00,422.5873,260.588,222.5097
2024-02-24 16:00:00,335.9974,262.5434,224.0743
2024-02-24 17:00:00,211.1912,277.6514,230.2939
2024-02-24 18:00:00,51.5771,284.1856,403.414
2024-02-24 19:00:00,0.0,301.6875,444.9503
2024-02-24 20:00:00,0.0,239.2186,454.8969
2024-02-24 21:00:00,0.0,180.5046,519.6927
2024-02-24 22:00:00,0.0,264.2597,451.297
2024-02-24 23:00:00,0.0,239.257,449.7976
2024-02-25 00:00:00,0.0,182.0554,438.5306
2024-02-25 01:00:00,0.0,273.0773,360.8198
2024-02-25 02:00:00,0.0,259.8298,279.9835
2024-02-25 03:00:00,0.0,226.9355,206.2445
2024-02-25 04:00:00,0.0,212.8368,205.3739
2024-02-25 05:00:00,0.0,202.7674,162.943
2024-02-25 06:00:00,0.0,242.9149,154.814
2024-02-25 07:00:00,18.6944,252.9518,199.5096
2024-02-25 08:00:00,166.2065,236.1008,184.1012
2024-02-25 09:00:00,313.2897,265.3033,132.3757
2024-02-25 10:00:00,383.3871,287.7982,97.5258
2024-02-25 11:00:00,466.5554,304.9733,116.9368
2024-02-25 12:00:00,486.144,300.5526,138.9592
2024-02-25 13:00:00,478.8997,303.7048,162.6217
2024-02-25 14:00:00,471.9279,302.018,144.6171
2024-02-25 15:00:00,424.001,307.4024,148.3113
2024-02-25 16:00:00,339.8246,313.6597,207.5205
2024-02-25 17:00:00,198.9444,308.6786,235.7665
2024-02-25 18:00:00,39.3716,293.519,296.815
2024-02-25 19:00:00,0.0,295.012,411.0402
2024-02-25 20:00:00,0.0,265.7344,439.3243
2024-02-25 21:00:00,0.0,238.4356,444.5939
2024-02-25 22:00:00,0.0,239.5684,417.7738
2024-02-25 23:00:00,0.0,276.9255,349.4616
2024-02-26 00:00:00,0.0,254.791,324.0581
2024-02-26 01:00:00,0.0,234.3924,250.1505
2024-02-26 02:00:00,0.0,238.7475,240.8379
2024-02-26 03:00:00,0.0,275.28,200.8983
2024-02-26 04:00:00,0.0,243.4985,196.5517
2024-02-26 05:00:00,0.0,192.2715,182.3527
2024-02-26 06:00:00,0.0,171.3082,247.4757
2024-02-26 07:00:00,24.7914,136.1916,309.4816
2024-02-26 08:00:00,176.5523,116.4891,424.1769
2024-02-26 09:00:00,287.4797,223.3871,405.6905
2024-02-26 10:00:00,423.7976,283.3421,326.5285
2024-02-26 11:00:00,470.5044,282.3053,312.2496
2024-02-26 12:00:00,500.8178,285.5108,280.9838
2024-02-26 13:00:00,480.5307,283.0221,300.646
2024-02-26 14:00:00,461.0713,286.4627,304.5544
2024-02-26 15:00:00,394.3689,288.2089,222.7162
2024-02-26 16:00:00,307.0229,282.2602,172.6553
2024-02-26 17:00:00,173.3943,272.8691,138.4005
2024-02-26 18:00:00,37.6389,255.4775,201.5862
2024-02-26 19:00:00,0.0,241.6108,283.6973
2024-02-26 20:00:00,0.0,232.6249,345.3637
2024-02-26 21:00:00,0.0,208.2337,341.8296
2024-02-26 22:00:00,0.0,228.1182,337.0566
2024-02-26 23:00:00,0.0,213.8456,322.4851
2024-02-27 00:00:00,0.0,232.7647,276.8746
2024-02-27 01:00:00,0.0,233.9874,272.1911
2024-02-27 02:00:00,0.0,226.0296,129.0583
2024-02-27 03:00:00,0.0,246.9385,116.4061
2024-02-27 04:00:00,0.0,222.2834,104.5654
2024-02-27 05:00:00,0.0,204.5938,105.9188
2024-02-27 06:00:00,0.0,211.7667,164.5465
2024-02-27 07:00:00,13.1031,209.1108,205.1993
2024-02-27 08:00:00,172.3988,213.6943,233.7316
2024-02-27 09:00:00,336.3282,198.8007,225.1428
2024-02-27 10:00:00,390.8777,272.3595,244.1726
2024-02-27 11:00:00,481.4331,285.5654,247.3626
2024-02-27 12:00:00,521.0379,293.9689,228.1614
2024-02-27 13:00:00,499.1637,298.6169,233.8974
2024-02-27 14:00:00,411.9413,288.1714,290.6291
2024-02-27 15:00:00,354.0964,301.3637,351.013
2024-02-27 16:00:00,290.7109,299.3068,286.4917
2024-02-27 17:00:00,187.2441,278.0588,301.6515
2024-02-27 18:00:00,33.6418,274.2148,358.8026
2024-02-27 19:00:00,0.0,237.4078,487.4118
2024-02-27 20:00:00,0.0,228.3804,512.8687
2024-02-27 21:00:00,0.0,281.788,610.7153
2024-02-27 22:00:00,0.0,262.8282,620.7903
2024-02-27 23:00:00,0.0,234.2271,595.4034
2024-02-28 00:00:00,0.0,263.098,378.3893
2024-02-28 01:00:00,0.0,285.2531,323.7727
2024-02-28 02:00:00,0.0,294.2361,215.6094
2024-02-28 03:00:00,0.0,304.6949,133.0855
2024-02-28 04:00:00,0.0,275.1499,120.2473
2024-02-28 05:00:00,0.0,262.4377,140.197
2024-02-28 06:00:00,0.0,278.6575,217.3953
2024-02-28 07:00:00,28.3838,267.1572,223.5794
2024-02-28 08:00:00,178.3932,234.4284,267.647
2024-02-28 09:00:00,315.6371,292.3476,260.8585
2024-02-28 10:00:00,413.9079,279.1108,263.6129
2024-02-28 11:00:00,484.6704,291.1238,91.0113
2024-02-28 12:00:00,496.5707,300.0445,71.3337
2024-02-28 13:00:00,481.8599,307.3504,130.5513
2024-02-28 14:00:00,471.8807,309.1468,247.7536
2024-02-28 15:00:00,444.2819,313.2809,300.4282
2024-02-28 16:00:00,345.0797,304.4113,352.8613
2024-02-28 17:00:00,207.2352,309.0366,359.1288
2024-02-28 18:00:00,36.9605,313.8882,455.6783
2024-02-28 19:00:00,0.0,299.4608,578.5438
2024-02-28 20:00:00,0.0,278.5088,586.3001
2024-02-28 21:00:00,0.0,271.4845,589.904
2024-02-28 22:00:00,0.0,293.9044,534.8832
2024-02-28 23:00:00,0.0,275.496,509.8026
2024-02-29 00:00:00,0.0,281.8852,415.2814
2024-02-29 01:00:00,0.0,294.8616,350.899
2024-02-29 02:00:00,0.0,308.39,293.6373
2024-02-29 03:00:00,0.0,296.8223,194.0541
2024-02-29 04:00:00,0.0,281.9558,192.9584
2024-02-29 05:00:00,0.0,257.5087,196.2829
2024-02-29 06:00:00,0.0,262.5172,201.74
2024-02-29 07:00:00,26.447,250.3142,268.9349
2024-02-29 08:00:00,183.1238,220.5316,248.9584
2024-02-29 09:00:00,338.7252,290.5165,196.8244
2024-02-29 10:00:00,443.892,279.5683,217.033
2024-02-29 11:00:00,487.4357,288.1325,226.8523
2024-02-29 12:00:00,474.152,309.1328,227.923
2024-02-29 13:00:00,489.7959,305.5724,217.644
2024-02-29 14:00:00,430.7556,306.2849,220.5874
2024-02-29 15:00:00,398.0547,305.1191,258.4732
2024-02-29 16:00:00,321.6774,302.9474,258.4596
2024-02-29 17:00:00,197.059,293.7911,263.7751
2024-02-29 18:00:00,35.1149,304.1466,319.4913
2024-02-29 19:00:00,0.0,294.2253,376.6666
2024-02-29 20:00:00,0.0,293.1366,379.396
2024-02-29 21:00:00,0.0,298.8149,351.1179
2024-02-29 22:00:00,0.0,302.1636,349.2268
2024-02-29 23:00:00,0.0,310.9756,294.3923
2024-03-01 00:00:00,0.0,289.9977,289.1825
2024-03-01 01:00:00,0.0,301.6507,205.2134
2024-03-01 02:00:00,0.0,312.5577,194.7804
2024-03-01 03:00:00,0.0,277.1996,136.545
2024-03-01 04:00:00,0.0,249.0581,117.6194
2024-03-01 05:00:00,0.0,295.3776,114.5281
2024-03-01 06:00:00,0.0,207.3452,117.0761
2024-03-01 07:00:00,45.4305,187.5318,161.9871
2024-03-01 08:00:00,186.2995,191.2238,175.8423
2024-03-01 09:00:00,324.471,283.0839,188.5454
2024-03-01 10:00:00,439.9063,286.7272,194.6353
2024-03-01 11:00:00,480.5321,302.8537,193.3363
2024-03-01 12:00:00,475.0983,304.275,202.5404
2024-03-01 13:00:00,491.5147,314.5981,208.8638
2024-03-01 14:00:00,478.6263,309.2814,212.8341
2024-03-01 15:00:00,429.8627,293.2306,224.57
2024-03-01 16:00:00,292.1688,227.1504,332.3218
2024-03-01 17:00:00,186.795,256.1585,203.8262
2024-03-01 18:00:00,37.9802,223.548,304.5237
2024-03-01 19:00:00,0.0,138.0656,316.2627
2024-03-01 20:00:00,0.0,125.1493,348.2293
2024-03-01 21:00:00,0.0,176.1559,345.9038
2024-03-01 22:00:00,0.0,242.7161,240.7393
2024-03-01 23:00:00,0.0,181.0973,236.4512
2024-03-02 00:00:00,0.0,206.3489,217.4248
2024-03-02 01:00:00,0.0,228.6388,278.7261
2024-03-02 02:00:00,0.0,253.8176,240.8302
2024-03-02 03:00:00,0.0,179.4444,243.2783
2024-03-02 04:00:00,0.0,153.715,232.6135
2024-03-02 05:00:00,0.0,205.2296,203.2496
2024-03-02 06:00:00,0.0,208.9561,394.0123
2024-03-02 07:00:00,13.7564,236.8252,332.2613
2024-03-02 08:00:00,174.6494,224.0299,181.5482
2024-03-02 09:00:00,343.4816,268.3205,125.7721
2024-03-02 10:00:00,415.3064,251.6303,140.3684
2024-03-02 11:00:00,449.3717,246.696,138.8894
2024-03-02 12:00:00,483.9832,228.1975,135.0252
2024-03-02 13:00:00,464.3958,242.4562,132.8267
2024-03-02 14:00:00,437.5189,235.6702,132.2221
2024-03-02 15:00:00,404.3427,230.8448,146.0245
2024-03-02 16:00:00,262.2346,262.7782,207.4308
2024-03-02 17:00:00,173.6266,260.4201,204.6487
2024-03-02 18:00:00,32.5105,260.9412,295.3535
2024-03-02 19:00:00,0.0,195.9115,335.8738
2024-03-02 20:00:00,0.0,155.5817,301.7708
2024-03-02 21:00:00,0.0,161.2804,298.2144
2024-03-02 22:00:00,0.0,168.3777,298.0177
2024-03-02 23:00:00,0.0,178.0576,259.3918
2024-03-03 00:00:00,0.0,210.6981,342.2041
2024-03-03 01:00:00,0.0,221.1864,291.5617
2024-03-03 02:00:00,0.0,197.6379,236.7132
2024-03-03 03:00:00,0.0,219.375,285.698
2024-03-03 04:00:00,0.0,180.6969,327.9279
2024-03-03 05:00:00,0.0,171.1036,340.3658
2024-03-03 06:00:00,0.0,183.313,433.714
2024-03-03 07:00:00,30.3225,140.232,439.6375
2024-03-03 08:00:00,179.0397,145.6289,382.1004
2024-03-03 09:00:00,337.5276,225.6781,217.3017
2024-03-03 10:00:00,436.2971,253.8472,160.537
2024-03-03 11:00:00,497.4877,239.6004,175.4353
2024-03-03 12:00:00,504.5016,225.2352,214.8736
2024-03-03 13:00:00,498.1187,227.5565,180.3787
2024-03-03 14:00:00,485.1964,207.9616,183.6231
2024-03-03 15:00:00,411.8059,241.906,220.8144
2024-03-03 16:00:00,346.8992,247.7545,96.5054
2024-03-03 17:00:00,211.3083,245.4946,102.6932
2024-03-03 18:00:00,41.5316,255.1267,197.54
2024-03-03 19:00:00,0.0,201.0436,357.428
2024-03-03 20:00:00,0.0,245.5723,358.0438
2024-03-03 21:00:00,0.0,231.3712,344.973
2024-03-03 22:00:00,0.0,230.2971,344.5995
2024-03-03 23:00:00,0.0,173.1269,357.1453
2024-03-04 00:00:00,0.0,165.5263,329.7443
2024-03-04 01:00:00,0.0,141.3443,280.3879
2024-03-04 02:00:00,0.0,152.4348,255.9115
2024-03-04 03:00:00,0.0,128.4803,237.9962
2024-03-04 04:00:00,0.0,121.5338,186.3774
2024-03-04 05:00:00,0.0,76.0545,209.3526
2024-03-04 06:00:00,0.0,57.7749,181.8783
2024-03-04 07:00:00,21.8765,79.5357,190.2724
2024-03-04 08:00:00,183.1344,101.3205,180.4378
2024-03-04 09:00:00,349.8957,150.4461,187.4715
2024-03-04 10:00:00,466.9896,155.7182,190.2953
2024-03-04 11:00:00,489.4513,143.834,192.7873
2024-03-04 12:00:00,487.3337,175.742,204.079
2024-03-04 13:00:00,511.768,155.5693,270.5459
2024-03-04 14:00:00,525.9118,238.6142,242.3378
2024-03-04 15:00:00,470.8184,248.6109,247.8335
2024-03-04 16:00:00,376.2747,246.7924,289.9118
2024-03-04 17:00:00,230.5401,241.8685,318.6609
2024-03-04 18:00:00,45.391,250.2991,378.011
2024-03-04 19:00:00,0.0,223.3271,488.5492
2024-03-04 20:00:00,0.0,235.6115,470.5106
2024-03-04 21:00:00,0.0,239.4076,440.7354
2024-03-04 22:00:00,0.0,212.4078,423.7689
2024-03-04 23:00:00,0.0,201.1755,391.1353
2024-03-05 00:00:00,0.0,174.4107,348.6692
2024-03-05 01:00:00,0.0,202.5513,272.6804
2024-03-05 02:00:00,0.0,183.6959,244.9593
2024-03-05 03:00:00,0.0,164.4034,235.1486
2024-03-05 04:00:00,0.0,165.2102,166.5972
2024-03-05 05:00:00,0.0,151.601,198.9983
2024-03-05 06:00:00,0.0,120.8761,223.626
2024-03-05 07:00:00,18.1201,132.3999,221.4281
2024-03-05 08:00:00,170.3031,164.7552,232.987
2024-03-05 09:00:00,299.2798,215.2179,203.2058
2024-03-05 10:00:00,450.8534,205.5137,169.4902
2024-03-05 11:00:00,482.7319,198.5973,181.693
2024-03-05 12:00:00,503.8601,198.9984,186.126
2024-03-05 13:00:00,477.193,250.3035,189.0838
2024-03-05 14:00:00,487.9226,219.7672,185.2591
2024-03-05 15:00:00,441.4693,226.73,236.366
2024-03-05 16:00:00,360.4391,242.0133,230.4547
2024-03-05 17:00:00,215.213,237.4392,222.3014
2024-03-05 18:00:00,44.6736,232.2194,253.3336
2024-03-05 19:00:00,0.0,194.4271,288.2879
2024-03-05 20:00:00,0.0,217.4767,365.5749
2024-03-05 21:00:00,0.0,176.3036,337.1591
2024-03-05 22:00:00,0.0,196.6792,338.3732
2024-03-05 23:00:00,0.0,155.1141,260.1873
2024-03-06 00:00:00,0.0,157.0422,251.1163
2024-03-06 01:00:00,0.0,141.0865,206.4725
2024-03-06 02:00:00,0.0,122.1529,165.3348
2024-03-06 03:00:00,0.0,118.0973,110.6958
2024-03-06 04:00:00,0.0,126.8571,114.0115
2024-03-06 05:00:00,0.0,84.5856,100.4049
2024-03-06 06:00:00,0.0,95.6054,147.0734
2024-03-06 07:00:00,20.351,114.71,155.2673
2024-03-06 08:00:00,182.3605,125.0724,136.4605
2024-03-06 09:00:00,354.179,178.1393,136.7987
2024-03-06 10:00:00,461.7908,184.635,154.3395
2024-03-06 11:00:00,517.2838,193.225,205.7127
2024-03-06 12:00:00,487.2007,169.6288,219.1958
2024-03-06 13:00:00,512.2159,187.973,251.2858
2024-03-06 14:00:00,505.9465,244.6901,258.0771
2024-03-06 15:00:00,470.3386,211.0699,239.6175
2024-03-06 16:00:00,370.7388,195.9003,358.1404
2024-03-06 17:00:00,217.1417,170.99,446.0108
2024-03-06 18:00:00,42.7065,130.2553,489.7343
2024-03-06 19:00:00,0.0,134.2128,489.9293
2024-03-06 20:00:00,0.0,129.7729,439.2566
2024-03-06 21:00:00,0.0,163.5733,401.4911
2024-03-06 22:00:00,0.0,167.5256,359.2532
2024-03-06 23:00:00,0.0,195.3775,298.737
2024-03-07 00:00:00,0.0,170.055,281.5637
2024-03-07 01:00:00,0.0,151.6371,210.5516
2024-03-07 02:00:00,0.0,143.5559,225.7315
2024-03-07 03:00:00,0.0,158.689,153.3291
2024-03-07 04:00:00,0.0,163.2974,141.6675
2024-03-07 05:00:00,0.0,159.0796,71.2142
2024-03-07 06:00:00,0.0,116.2222,145.4585
2024-03-07 07:00:00,23.1459,88.7566,166.484
2024-03-07 08:00:00,172.6961,90.6372,179.0227
2024-03-07 09:00:00,308.1372,158.1557,176.2565
2024-03-07 10:00:00,407.4589,141.008,246.6586
2024-03-07 11:00:00,416.9002,122.7554,320.7934
2024-03-07 12:00:00,415.236,129.7031,327.4167
2024-03-07 13:00:00,473.3115,117.5834,334.0577
2024-03-07 14:00:00,472.2094,135.4156,327.3052
2024-03-07 15:00:00,416.3935,140.7897,335.1454
2024-03-07 16:00:00,315.6715,198.0698,334.6739
2024-03-07 17:00:00,191.6126,196.1064,271.8617
2024-03-07 18:00:00,35.9197,208.7895,268.9385
2024-03-07 19:00:00,0.0,179.2161,380.0308
2024-03-07 20:00:00,0.0,194.9602,316.9699
2024-03-07 21:00:00,0.0,186.2153,331.4434
2024-03-07 22:00:00,0.0,201.2061,327.5411
2024-03-07 23:00:00,0.0,190.3702,293.9261
2024-03-08 00:00:00,0.0,190.4198,207.3887
2024-03-08 01:00:00,0.0,184.5688,161.1606
2024-03-08 02:00:00,0.0,127.7983,164.933
2024-03-08 03:00:00,0.0,99.7405,233.5628
2024-03-08 04:00:00,0.0,89.3749,184.2065
2024-03-08 05:00:00,0.0,96.4368,183.4741
2024-03-08 06:00:00,0.0,94.3037,154.672
2024-03-08 07:00:00,32.6301,115.9092,206.4431
2024-03-08 08:00:00,145.2208,120.7841,211.5356
2024-03-08 09:00:00,321.2608,200.3073,196.6684
2024-03-08 10:00:00,383.6614,234.2228,244.8561
2024-03-08 11:00:00,442.1434,198.7909,284.4663
2024-03-08 12:00:00,431.2358,224.9253,307.654
2024-03-08 13:00:00,458.3123,172.7037,287.0491
2024-03-08 14:00:00,403.5657,176.1142,323.5652
2024-03-08 15:00:00,410.3532,188.7105,256.6454
2024-03-08 16:00:00,300.6292,222.2341,165.1747
2024-03-08 17:00:00,177.8052,208.9923,208.4286
2024-03-08 18:00:00,22.8115,240.8585,271.7045
2024-03-08 19:00:00,0.0,229.4788,415.373
2024-03-08 20:00:00,0.0,174.6495,441.8688
2024-03-08 21:00:00,0.0,199.4082,440.0487
2024-03-08 22:00:00,0.0,182.8717,406.0565
2024-03-08 23:00:00,0.0,170.9472,349.2114
2024-03-09 00:00:00,0.0,163.5143,314.59
2024-03-09 01:00:00,0.0,113.1059,297.7483
2024-03-09 02:00:00,0.0,90.1889,359.0038
2024-03-09 03:00:00,0.0,115.0605,308.8018
2024-03-09 04:00:00,0.0,127.6229,243.8612
2024-03-09 05:00:00,0.0,117.413,260.9769
2024-03-09 06:00:00,0.0,113.3479,260.4796
2024-03-09 07:00:00,19.8974,113.1717,252.8445
2024-03-09 08:00:00,151.1555,111.5115,254.7709
2024-03-09 09:00:00,290.6527,183.9938,181.9767
2024-03-09 10:00:00,381.2454,153.8894,199.0399
2024-03-09 11:00:00,448.4913,112.6413,226.1054
2024-03-09 12:00:00,429.15,108.7258,279.2108
2024-03-09 13:00:00,418.6227,103.0335,310.1862
2024-03-09 14:00:00,477.0263,150.9979,208.8484
2024-03-09 15:00:00,408.8512,176.9453,238.5948
2024-03-09 16:00:00,321.3682,226.5081,235.9966
2024-03-09 17:00:00,172.8822,275.5641,242.7655
2024-03-09 18:00:00,33.6646,262.8449,314.3985
2024-03-09 19:00:00,0.0,233.3783,436.201
2024-03-09 20:00:00,0.0,239.7331,349.9364
2024-03-09 21:00:00,0.0,208.792,348.3424
2024-03-09 22:00:00,0.0,206.8713,341.3467
2024-03-09 23:00:00,0.0,168.5867,332.3473
2024-03-10 00:00:00,0.0,115.3725,283.6528
2024-03-10 01:00:00,0.0,69.9371,303.786
2024-03-10 02:00:00,0.0,52.8192,262.6391
2024-03-10 03:00:00,0.0,62.7824,216.5119
2024-03-10 04:00:00,0.0,62.9404,204.4628
2024-03-10 05:00:00,0.0,62.605,205.2277
2024-03-10 06:00:00,0.0,54.8205,208.6579
2024-03-10 07:00:00,17.7633,42.9885,211.2036
2024-03-10 08:00:00,141.726,40.6387,139.4011
2024-03-10 09:00:00,302.5939,188.2509,129.841
2024-03-10 10:00:00,404.4684,251.2817,78.3879
2024-03-10 11:00:00,474.1048,263.4792,47.549
2024-03-10 12:00:00,469.9603,286.8066,49.4739
2024-03-10 13:00:00,438.5164,282.275,61.3478
2024-03-10 14:00:00,433.6654,282.2031,61.8997
2024-03-10 15:00:00,382.0668,282.0609,74.3971
2024-03-10 16:00:00,250.2864,294.3036,92.1606
2024-03-10 17:00:00,134.3874,267.8879,196.6007
2024-03-10 18:00:00,25.4201,262.8223,279.4792
2024-03-10 19:00:00,0.0,210.2467,395.9807
2024-03-10 20:00:00,0.0,260.4377,340.4971
2024-03-10 21:00:00,0.0,228.9383,458.196
2024-03-10 22:00:00,0.0,253.6079,412.8975
2024-03-10 23:00:00,0.0,276.8308,349.4356
2024-03-11 00:00:00,0.0,251.4322,317.7482
2024-03-11 01:00:00,0.0,252.0452,264.6934
2024-03-11 02:00:00,0.0,262.4612,244.9528
2024-03-11 03:00:00,0.0,278.2213,208.2607
2024-03-11 04:00:00,0.0,294.2468,197.1191
2024-03-11 05:00:00,0.0,265.1877,190.7668
2024-03-11 06:00:00,0.0,251.4079,197.9875
2024-03-11 07:00:00,15.8224,231.868,172.1389
2024-03-11 08:00:00,135.9881,267.9414,168.1874
2024-03-11 09:00:00,305.1258,292.3455,159.0966
2024-03-11 10:00:00,402.5727,306.7621,162.6376
2024-03-11 11:00:00,430.4696,309.515,251.2211
2024-03-11 12:00:00,469.6896,298.4025,257.848
2024-03-11 13:00:00,512.0375,300.7506,270.7009
2024-03-11 14:00:00,484.6269,299.2559,259.3067
2024-03-11 15:00:00,399.7371,310.4614,291.854
2024-03-11 16:00:00,356.8902,296.5221,251.0238
2024-03-11 17:00:00,205.1436,298.594,313.3772
2024-03-11 18:00:00,42.001,297.3932,293.0377
2024-03-11 19:00:00,0.0,275.3655,340.6523
2024-03-11 20:00:00,0.0,297.3107,336.4682
2024-03-11 21:00:00,0.0,302.1779,298.717
2024-03-11 22:00:00,0.0,304.3866,319.5891
2024-03-11 23:00:00,0.0,297.1303,219.6098
2024-03-12 00:00:00,0.0,278.0073,185.7399
2024-03-12 01:00:00,0.0,270.4552,160.8837
2024-03-12 02:00:00,0.0,236.6843,157.0517
2024-03-12 03:00:00,0.0,238.7656,150.6338
2024-03-12 04:00:00,0.0,248.9832,167.0599
2024-03-12 05:00:00,0.0,232.6582,168.7872
2024-03-12 06:00:00,0.0,181.5242,177.9668
2024-03-12 07:00:00,28.6604,250.0437,159.0021
2024-03-12 08:00:00,137.9665,269.634,141.0027
2024-03-12 09:00:00,316.8726,290.2848,161.4593
2024-03-12 10:00:00,379.7995,296.0525,143.1256
2024-03-12 11:00:00,453.3218,301.1512,161.9477
2024-03-12 12:00:00,478.8944,310.7516,161.7456
2024-03-12 13:00:00,421.3783,311.1974,193.6336
2024-03-12 14:00:00,452.9394,316.8093,309.8632
2024-03-12 15:00:00,346.1394,317.5202,327.5624
2024-03-12 16:00:00,281.0746,313.8514,346.4961
2024-03-12 17:00:00,170.6425,311.3249,328.7431
2024-03-12 18:00:00,40.5996,311.3306,341.7033
2024-03-12 19:00:00,0.0,280.6074,312.2483
2024-03-12 20:00:00,0.0,273.892,306.897
2024-03-12 21:00:00,0.0,291.4587,376.722
2024-03-12 22:00:00,0.0,276.1638,319.3357
2024-03-12 23:00:00,0.0,290.9665,262.9103
2024-03-13 00:00:00,0.0,272.4764,187.3178
2024-03-13 01:00:00,0.0,271.4538,132.5794
2024-03-13 02:00:00,0.0,252.5285,112.4688
2024-03-13 03:00:00,0.0,243.7759,95.1865
2024-03-13 04:00:00,0.0,271.3212,82.2297
2024-03-13 05:00:00,0.0,301.5415,107.1514
2024-03-13 06:00:00,0.0,310.2185,105.9819
2024-03-13 07:00:00,20.218,294.8,127.6894
2024-03-13 08:00:00,155.9862,305.9311,216.4599
2024-03-13 09:00:00,281.4004,305.2834,226.0101
2024-03-13 10:00:00,378.208,292.6498,272.9352
2024-03-13 11:00:00,483.2021,306.3924,290.1556
2024-03-13 12:00:00,507.5301,306.198,272.3685
2024-03-13 13:00:00,493.2532,313.043,252.849
2024-03-13 14:00:00,439.6174,309.7833,286.5245
2024-03-13 15:00:00,379.2955,308.8816,315.7878
2024-03-13 16:00:00,319.651,303.9957,301.2467
2024-03-13 17:00:00,171.9536,302.4429,333.0539
2024-03-13 18:00:00,33.3345,271.4339,347.1234
2024-03-13 19:00:00,0.0,273.786,382.6746
2024-03-13 20:00:00,0.0,272.1228,402.2115
2024-03-13 21:00:00,0.0,251.3815,495.6177
2024-03-13 22:00:00,0.0,261.6096,441.1379
2024-03-13 23:00:00,0.0,252.0385,358.8659
2024-03-14 00:00:00,0.0,257.9992,261.9388
2024-03-14 01:00:00,0.0,243.1601,215.8536
2024-03-14 02:00:00,0.0,224.8838,183.3845
2024-03-14 03:00:00,0.0,277.011,186.8279
2024-03-14 04:00:00,0.0,234.4057,186.4829
2024-03-14 05:00:00,0.0,217.5776,181.3968
2024-03-14 06:00:00,0.0,203.0039,187.3033
2024-03-14 07:00:00,25.6813,161.9413,151.3978
2024-03-14 08:00:00,161.0983,196.0248,189.446
2024-03-14 09:00:00,306.0974,232.828,153.3799
2024-03-14 10:00:00,389.5072,259.4879,163.155
2024-03-14 11:00:00,441.2382,248.6041,239.0277
2024-03-14 12:00:00,447.2804,259.4292,234.5349
2024-03-14 13:00:00,468.3538,262.9906,215.8647
2024-03-14 14:00:00,488.9124,266.8145,214.0591
2024-03-14 15:00:00,392.5447,280.3547,265.2871
2024-03-14 16:00:00,319.0144,295.0489,305.4036
2024-03-14 17:00:00,171.2954,278.0272,352.8287
2024-03-14 18:00:00,38.9703,267.3575,420.0604
2024-03-14 19:00:00,0.0,255.7286,476.1618
2024-03-14 20:00:00,0.0,259.8437,520.2534
2024-03-14 21:00:00,0.0,239.7474,515.087
2024-03-14 22:00:00,0.0,252.1544,541.4181
2024-03-14 23:00:00,0.0,266.9522,448.7924
2024-03-15 00:00:00,0.0,272.4684,414.9069
2024-03-15 01:00:00,0.0,232.3334,320.2984
2024-03-15 02:00:00,0.0,267.6203,227.7385
2024-03-15 03:00:00,0.0,245.3436,202.8518
2024-03-15 04:00:00,0.0,228.4061,205.2397
2024-03-15 05:00:00,0.0,277.1317,157.4106
2024-03-15 06:00:00,0.0,235.9007,153.616
2024-03-15 07:00:00,29.8247,211.035,212.4782
2024-03-15 08:00:00,153.7323,194.1948,312.0818
2024-03-15 09:00:00,257.0463,250.0647,288.4336
2024-03-15 10:00:00,394.7541,275.392,189.6352
2024-03-15 11:00:00,357.8439,291.5836,173.1818
2024-03-15 12:00:00,412.1437,273.9373,163.8322
2024-03-15 13:00:00,361.2145,273.915,166.8574
2024-03-15 14:00:00,332.1166,281.3091,178.0953
2024-03-15 15:00:00,325.8515,302.9308,234.6526
2024-03-15 16:00:00,212.0107,309.8569,332.3698
2024-03-15 17:00:00,127.1275,303.5131,358.4854
2024-03-15 18:00:00,20.5154,283.3258,385.0928
2024-03-15 19:00:00,0.0,255.3825,450.8676
2024-03-15 20:00:00,0.0,251.8065,473.5335
2024-03-15 21:00:00,0.0,239.6836,434.1021
2024-03-15 22:00:00,0.0,228.392,417.0377
2024-03-15 23:00:00,0.0,225.2305,380.4743
2024-03-16 00:00:00,0.0,218.8592,349.4362
2024-03-16 01:00:00,0.0,177.9343,247.2777
2024-03-16 02:00:00,0.0,165.2236,274.9776
2024-03-16 03:00:00,0.0,158.7284,238.6535
2024-03-16 04:00:00,0.0,167.4208,181.2405
2024-03-16 05:00:00,0.0,177.321,189.8575
2024-03-16 06:00:00,0.0,131.2988,216.8033
2024-03-16 07:00:00,23.7319,116.6158,226.3023
2024-03-16 08:00:00,150.5439,114.3677,251.2209
2024-03-16 09:00:00,303.4557,175.5572,171.1574
2024-03-16 10:00:00,403.6742,224.3373,186.7497
2024-03-16 11:00:00,407.7351,234.5288,135.6563
2024-03-16 12:00:00,458.4081,243.2526,141.5992
2024-03-16 13:00:00,467.5165,263.1247,89.3418
2024-03-16 14:00:00,431.2627,286.0809,69.0705
2024-03-16 15:00:00,365.1061,290.536,136.1508
2024-03-16 16:00:00,270.6511,272.2208,139.3081
2024-03-16 17:00:00,141.7556,278.5971,168.092
2024-03-16 18:00:00,29.1943,251.9759,286.8724
2024-03-16 19:00:00,0.0,232.3565,383.6869
2024-03-16 20:00:00,0.0,202.5809,408.7968
2024-03-16 21:00:00,0.0,227.9064,393.1602
2024-03-16 22:00:00,0.0,232.7358,341.864
2024-03-16 23:00:00,0.0,188.2384,377.4067
2024-03-17 00:00:00,0.0,198.6466,345.2965
2024-03-17 01:00:00,0.0,216.6585,280.9055
2024-03-17 02:00:00,0.0,182.7593,228.5041
2024-03-17 03:00:00,0.0,170.1168,230.8027
2024-03-17 04:00:00,0.0,177.5632,203.6557
2024-03-17 05:00:00,0.0,175.0916,197.093
2024-03-17 06:00:00,0.0,143.2859,281.4147
2024-03-17 07:00:00,27.4855,122.1898,224.7858
2024-03-17 08:00:00,132.1383,167.0652,110.8247
2024-03-17 09:00:00,264.9712,248.7792,45.9845
2024-03-17 10:00:00,287.8228,228.7788,41.3484
2024-03-17 11:00:00,321.8501,238.3988,79.364
2024-03-17 12:00:00,382.5672,217.5013,82.9216
2024-03-17 13:00:00,385.1672,228.7527,81.7935
2024-03-17 14:00:00,454.3463,267.1287,71.4026
2024-03-17 15:00:00,327.6661,287.5028,82.4238
2024-03-17 16:00:00,258.5633,291.6147,186.0319
2024-03-17 17:00:00,136.1489,287.4769,203.5601
2024-03-17 18:00:00,34.0459,258.0985,282.4974
2024-03-17 19:00:00,0.0,241.4994,354.6073
2024-03-17 20:00:00,0.0,229.3119,324.2577
2024-03-17 21:00:00,0.0,206.8749,359.4806
2024-03-17 22:00:00,0.0,218.7423,348.8295
2024-03-17 23:00:00,0.0,209.7989,356.9033
2024-03-18 00:00:00,0.0,233.9389,302.7287
2024-03-18 01:00:00,0.0,182.6393,271.7315
2024-03-18 02:00:00,0.0,186.961,242.9722
2024-03-18 03:00:00,0.0,170.2852,242.3583
2024-03-18 04:00:00,0.0,197.681,244.3907
2024-03-18 05:00:00,0.0,162.0023,243.135
2024-03-18 06:00:00,0.0,170.6821,261.1512
2024-03-18 07:00:00,30.6596,139.1782,228.471
2024-03-18 08:00:00,124.1302,122.0951,287.8443
2024-03-18 09:00:00,221.4611,177.2408,328.1075
2024-03-18 10:00:00,310.1222,215.282,228.7315
2024-03-18 11:00:00,367.3845,225.7072,252.5773
2024-03-18 12:00:00,412.5215,231.8094,245.3587
2024-03-18 13:00:00,430.0557,254.3507,201.947
2024-03-18 14:00:00,427.2854,262.0205,256.3083
2024-03-18 15:00:00,385.404,289.1695,244.5027
2024-03-18 16:00:00,306.0717,297.7403,251.6641
2024-03-18 17:00:00,154.0927,299.5867,258.8215
2024-03-18 18:00:00,18.1373,275.4241,346.6393
2024-03-18 19:00:00,0.0,257.8319,404.3465
2024-03-18 20:00:00,0.0,216.6414,454.5476
2024-03-18 21:00:00,0.0,243.6693,441.3803
2024-03-18 22:00:00,0.0,245.8702,432.2583
2024-03-18 23:00:00,0.0,205.2482,357.4815
2024-03-19 00:00:00,0.0,198.562,314.035
2024-03-19 01:00:00,0.0,201.9587,293.9813
2024-03-19 02:00:00,0.0,217.1406,259.5005
2024-03-19 03:00:00,0.0,190.9077,261.3801
2024-03-19 04:00:00,0.0,180.6671,234.9327
2024-03-19 05:00:00,0.0,228.9785,223.6527
2024-03-19 06:00:00,0.0,222.2535,218.2534
2024-03-19 07:00:00,32.6465,250.9371,216.5805
2024-03-19 08:00:00,147.8894,209.6916,211.7915
2024-03-19 09:00:00,280.6691,284.8423,152.5367
2024-03-19 10:00:00,367.0563,282.3365,209.554
2024-03-19 11:00:00,397.162,288.5823,122.7517
2024-03-19 12:00:00,416.5291,266.4142,139.5559
2024-03-19 13:00:00,377.5671,272.9324,223.3267
2024-03-19 14:00:00,361.3739,257.1769,307.4813
2024-03-19 15:00:00,314.2183,270.5589,334.8393
2024-03-19 16:00:00,231.2335,269.0209,338.5949
2024-03-19 17:00:00,95.0337,265.4295,330.1852
2024-03-19 18:00:00,18.8321,203.4054,364.4391
2024-03-19 19:00:00,0.0,238.8718,458.7781
2024-03-19 20:00:00,0.0,189.9579,452.0249
2024-03-19 21:00:00,0.0,202.5868,555.7046
2024-03-19 22:00:00,0.0,133.8267,582.4644
2024-03-19 23:00:00,0.0,155.5227,513.3634
2024-03-20 00:00:00,0.0,174.1193,473.3899
2024-03-20 01:00:00,0.0,134.75,474.7658
2024-03-20 02:00:00,0.0,125.68,351.2096
2024-03-20 03:00:00,0.0,161.59,303.4567
2024-03-20 04:00:00,0.0,143.1,221.1013
2024-03-20 05:00:00,0.0,66.05,217.6466
2024-03-20 06:00:00,0.0,55.95,215.0558
2024-03-20 07:00:00,19.502,52.1,235.2104
2024-03-20 08:00:00,165.6698,59.42,324.82
2024-03-20 09:00:00,295.7736,177.15,262.8541
2024-03-20 10:00:00,367.2055,146.41,257.6932
2024-03-20 11:00:00,422.0766,177.3,257.4833
2024-03-20 12:00:00,393.4124,205.25,257.6221
2024-03-20 13:00:00,374.3817,251.0,237.4173
2024-03-20 14:00:00,306.0888,250.8,308.824
2024-03-20 15:00:00,309.0025,189.6,304.0304
2024-03-20 16:00:00,211.0072,153.23,421.9301
2024-03-20 17:00:00,128.4293,190.38,392.2056
2024-03-20 18:00:00,22.5203,171.6,404.7415
2024-03-20 19:00:00,0.0,128.4,478.3469
2024-03-20 20:00:00,0.0,135.07,456.2553
2024-03-20 21:00:00,0.0,113.54,435.7254
2024-03-20 22:00:00,0.0,134.7,363.1593
2024-03-20 23:00:00,0.0,124.63,342.8435
2024-03-21 00:00:00,0.0,88.88,247.2412
2024-03-21 01:00:00,0.0,130.0,160.6885
2024-03-21 02:00:00,0.0,53.62,135.1945
2024-03-21 03:00:00,0.0,81.76,130.8331
2024-03-21 04:00:00,0.0,145.8,112.6359
2024-03-21 05:00:00,0.0,103.8,147.4768
2024-03-21 06:00:00,0.0,74.64,155.1902
2024-03-21 07:00:00,34.8886,91.07,201.4463
2024-03-21 08:00:00,163.2184,117.6,214.4917
2024-03-21 09:00:00,314.5405,143.33,215.8471
2024-03-21 10:00:00,367.9091,187.9,231.4346
2024-03-21 11:00:00,420.7646,187.97,221.3905
2024-03-21 12:00:00,462.4628,188.45,210.6392
2024-03-21 13:00:00,426.5894,187.65,239.3451
2024-03-21 14:00:00,461.4832,198.9,336.8423
2024-03-21 15:00:00,373.6224,222.29,364.3816
2024-03-21 16:00:00,281.6087,224.88,359.0042
2024-03-21 17:00:00,180.9932,198.46,351.8347
2024-03-21 18:00:00,35.3391,207.19,374.109
2024-03-21 19:00:00,0.0,138.6,456.9552
2024-03-21 20:00:00,0.0,144.38,500.9306
2024-03-21 21:00:00,0.0,132.47,462.8613
2024-03-21 22:00:00,0.0,117.46,449.1932
2024-03-21 23:00:00,0.0,103.7,403.9979
2024-03-22 00:00:00,0.0,95.84,334.4818
2024-03-22 01:00:00,0.0,69.43,279.3739
2024-03-22 02:00:00,0.0,49.04,210.81
2024-03-22 03:00:00,0.0,97.9,132.0694
2024-03-22 04:00:00,0.0,100.37,130.7854
2024-03-22 05:00:00,0.0,101.8,134.5795
2024-03-22 06:00:00,0.0,41.6,146.3548
2024-03-22 07:00:00,37.0021,44.2,169.2345
2024-03-22 08:00:00,207.548,44.57,169.1714
2024-03-22 09:00:00,351.0792,95.5,156.5918
2024-03-22 10:00:00,428.0798,126.86,194.7182
2024-03-22 11:00:00,455.4412,94.1,255.4821
2024-03-22 12:00:00,459.9769,99.1,296.275
2024-03-22 13:00:00,473.2279,109.33,310.649
2024-03-22 14:00:00,499.0443,125.2,333.8499
2024-03-22 15:00:00,391.6901,112.9,287.4279
2024-03-22 16:00:00,281.7346,167.3,204.2246
2024-03-22 17:00:00,138.0198,228.98,191.5727
2024-03-22 18:00:00,26.2985,201.6,192.0394
2024-03-22 19:00:00,0.0,178.2,274.9868
2024-03-22 20:00:00,0.0,216.2,267.8945
2024-03-22 21:00:00,0.0,187.61,235.3626
2024-03-22 22:00:00,0.0,155.43,218.4706
2024-03-22 23:00:00,0.0,94.81,206.5746
2024-03-23 00:00:00,0.0,93.18,204.7493
2024-03-23 01:00:00,0.0,49.238,184.7093
2024-03-23 02:00:00,0.0,64.838,157.0517
2024-03-23 03:00:00,0.0,62.858,146.7797
2024-03-23 04:00:00,0.0,45.438,130.8093
2024-03-23 05:00:00,0.0,14.578,155.1757
2024-03-23 06:00:00,0.0,12.438,103.4123
2024-03-23 07:00:00,35.1832,21.138,120.8172
2024-03-23 08:00:00,144.8566,15.108,125.5635
2024-03-23 09:00:00,262.3983,62.838,139.9165
2024-03-23 10:00:00,355.1189,71.738,142.2699
2024-03-23 11:00:00,425.2648,64.948,139.5913
2024-03-23 12:00:00,450.6032,60.848,144.4504
2024-03-23 13:00:00,380.5024,49.538,147.5837
2024-03-23 14:00:00,399.5724,54.288,114.2769
2024-03-23 15:00:00,325.7343,46.038,147.7008
2024-03-23 16:00:00,207.0701,28.868,179.2611
2024-03-23 17:00:00,115.9927,38.048,181.5187
2024-03-23 18:00:00,40.2297,39.278,179.6144
2024-03-23 19:00:00,0.0,12.238,282.5064
2024-03-23 20:00:00,0.0,25.798,283.7153
2024-03-23 21:00:00,0.0,21.858,281.9438
2024-03-23 22:00:00,0.0,30.738,233.428
2024-03-23 23:00:00,0.0,22.238,222.9485
2024-03-24 00:00:00,0.0,4.238,214.4809
2024-03-24 01:00:00,0.0,13.9,154.6275
2024-03-24 02:00:00,0.0,17.5,118.8973
2024-03-24 03:00:00,0.0,15.3,47.3547
2024-03-24 04:00:00,0.0,8.0,72.7069
2024-03-24 05:00:00,0.0,11.8,90.6166
2024-03-24 06:00:00,0.0,11.3,91.8433
2024-03-24 07:00:00,30.2328,10.81,86.4715
2024-03-24 08:00:00,131.0605,3.5,124.9327
2024-03-24 09:00:00,253.0771,6.86,167.3307
2024-03-24 10:00:00,316.2835,3.5,149.2076
2024-03-24 11:00:00,404.5507,29.85,136.1471
2024-03-24 12:00:00,454.2936,59.45,140.4755
2024-03-24 13:00:00,371.2813,98.51,170.6455
2024-03-24 14:00:00,432.3745,144.48,146.9369
2024-03-24 15:00:00,324.2086,141.5,188.4349
2024-03-24 16:00:00,265.8702,111.4,156.9706
2024-03-24 17:00:00,169.3727,137.45,155.7559
2024-03-24 18:00:00,19.3145,152.18,219.2178
2024-03-24 19:00:00,0.0,137.75,217.2818
2024-03-24 20:00:00,0.0,74.95,223.6357
2024-03-24 21:00:00,0.0,17.46,239.927
2024-03-24 22:00:00,0.0,13.3,260.5693
2024-03-24 23:00:00,0.0,16.8,228.6741
2024-03-25 00:00:00,0.0,8.4,202.7809
2024-03-25 01:00:00,0.0,26.3,127.6799
2024-03-25 02:00:00,0.0,19.91,83.587
2024-03-25 03:00:00,0.0,32.6,80.0783
2024-03-25 04:00:00,0.0,35.53,81.3321
2024-03-25 05:00:00,0.0,46.7,80.5285
2024-03-25 06:00:00,0.0,34.12,105.4411
2024-03-25 07:00:00,37.2708,30.4,113.208
2024-03-25 08:00:00,169.9866,21.06,128.3799
2024-03-25 09:00:00,299.8119,6.97,125.5359
2024-03-25 10:00:00,379.9898,0.0,145.8365
2024-03-25 11:00:00,401.1914,0.0,173.4153
2024-03-25 12:00:00,446.8317,0.0,175.8966
2024-03-25 13:00:00,422.8246,5.3,169.679
2024-03-25 14:00:00,424.3264,35.84,238.7083
2024-03-25 15:00:00,408.4418,20.4,249.2707
2024-03-25 16:00:00,276.4081,21.73,245.2138
2024-03-25 17:00:00,79.3228,74.41,294.0831
2024-03-25 18:00:00,6.6323,63.25,311.0438
2024-03-25 19:00:00,0.0,0.0,385.313
2024-03-25 20:00:00,0.0,0.0,389.7448
2024-03-25 21:00:00,0.0,0.0,389.0265
2024-03-25 22:00:00,0.0,0.0,375.0152
2024-03-25 23:00:00,0.0,0.0,317.4994
2024-03-26 00:00:00,0.0,0.0,297.2575
2024-03-26 01:00:00,0.0,0.0,189.5518
2024-03-26 02:00:00,0.0,0.0,144.7339
2024-03-26 03:00:00,0.0,0.0,111.7312
2024-03-26 04:00:00,0.0,0.0,100.3256
2024-03-26 05:00:00,0.0,0.0,98.6195
2024-03-26 06:00:00,0.0,0.0,95.8391
2024-03-26 07:00:00,17.8898,0.0,115.0288
2024-03-26 08:00:00,137.7732,0.0,149.8658
2024-03-26 09:00:00,253.558,0.0,151.1767
2024-03-26 10:00:00,296.9182,0.0,161.2045
2024-03-26 11:00:00,351.4126,14.27,159.7603
2024-03-26 12:00:00,398.8926,33.55,163.1851
2024-03-26 13:00:00,405.0288,48.0,230.5062
2024-03-26 14:00:00,436.2153,45.7,221.1025
2024-03-26 15:00:00,377.2864,56.86,223.0813
2024-03-26 16:00:00,168.3004,127.5,244.2454
2024-03-26 17:00:00,85.4971,59.42,384.6776
2024-03-26 18:00:00,11.4947,8.12,410.8608
2024-03-26 19:00:00,0.0,0.0,423.2928
2024-03-26 20:00:00,0.0,0.0,457.2257
2024-03-26 21:00:00,0.0,0.0,413.0238
2024-03-26 22:00:00,0.0,0.0,418.2223
2024-03-26 23:00:00,0.0,0.0,363.3952
2024-03-27 00:00:00,0.0,0.0,253.0077
2024-03-27 01:00:00,0.0,0.0,245.5172
2024-03-27 02:00:00,0.0,0.0,168.3225
2024-03-27 03:00:00,0.0,0.9,126.5844
2024-03-27 04:00:00,0.0,0.0,116.5925
2024-03-27 05:00:00,0.0,0.7,109.3138
2024-03-27 06:00:00,0.0,0.0,122.2384
2024-03-27 07:00:00,28.6177,0.0,113.6312
2024-03-27 08:00:00,124.6779,1.5,165.39
2024-03-27 09:00:00,245.4791,6.94,165.8369
2024-03-27 10:00:00,344.1508,6.93,228.8925
2024-03-27 11:00:00,363.2345,12.37,217.8637
2024-03-27 12:00:00,412.4426,2.6,225.4893
2024-03-27 13:00:00,391.7023,10.7,266.5208
2024-03-27 14:00:00,338.481,81.01,293.6148
2024-03-27 15:00:00,249.7082,68.58,306.615
2024-03-27 16:00:00,182.5987,87.11,291.0454
2024-03-27 17:00:00,77.0077,64.91,300.0261
2024-03-27 18:00:00,18.763,18.5,308.0525
2024-03-27 19:00:00,0.0,0.0,467.0092
2024-03-27 20:00:00,0.0,0.0,459.2927
2024-03-27 21:00:00,0.0,0.0,405.4669
2024-03-27 22:00:00,0.0,0.0,402.4886
2024-03-27 23:00:00,0.0,0.0,364.2745
2024-03-28 00:00:00,0.0,0.0,305.7288
2024-03-28 01:00:00,0.0,0.238,253.6442
2024-03-28 02:00:00,0.0,0.238,279.9853
2024-03-28 03:00:00,0.0,0.238,219.0401
2024-03-28 04:00:00,0.0,0.238,209.0933
2024-03-28 05:00:00,0.0,0.238,160.9055
2024-03-28 06:00:00,0.0,0.238,173.4755
2024-03-28 07:00:00,33.0392,0.238,161.9859
2024-03-28 08:00:00,171.7732,0.238,175.7763
2024-03-28 09:00:00,294.8829,0.238,193.7512
2024-03-28 10:00:00,358.716,0.938,200.2489
2024-03-28 11:00:00,412.8473,1.438,223.5603
2024-03-28 12:00:00,442.9117,4.638,216.6979
2024-03-28 13:00:00,488.9033,5.538,213.7816
2024-03-28 14:00:00,466.6639,27.118,224.5746
2024-03-28 15:00:00,432.3329,74.878,229.9044
2024-03-28 16:00:00,326.6027,63.078,289.952
2024-03-28 17:00:00,109.8027,17.038,303.2698
2024-03-28 18:00:00,15.5742,12.388,372.4895
2024-03-28 19:00:00,0.0,0.238,458.0847
2024-03-28 20:00:00,0.0,2.238,599.5028
2024-03-28 21:00:00,0.0,1.438,594.1581
2024-03-28 22:00:00,0.0,23.138,501.8541
2024-03-28 23:00:00,0.0,45.538,434.4644
2024-03-29 00:00:00,0.0,32.538,466.6326
2024-03-29 01:00:00,0.0,33.29,447.5355
2024-03-29 02:00:00,0.0,39.27,420.606
2024-03-29 03:00:00,0.0,50.5,398.7715
2024-03-29 04:00:00,0.0,44.53,345.8209
2024-03-29 05:00:00,0.0,39.3,341.8853
2024-03-29 06:00:00,0.0,45.9,324.193
2024-03-29 07:00:00,39.705,38.69,230.332
2024-03-29 08:00:00,189.6157,79.49,128.109
2024-03-29 09:00:00,305.8555,158.92,56.8451
2024-03-29 10:00:00,397.694,210.95,61.7507
2024-03-29 11:00:00,404.1411,223.71,67.1656
2024-03-29 12:00:00,470.6917,242.06,69.4051
2024-03-29 13:00:00,459.1929,244.91,80.9426
2024-03-29 14:00:00,420.5812,239.5,75.8245
2024-03-29 15:00:00,428.2031,243.57,129.1628
2024-03-29 16:00:00,311.7529,245.7,152.004
2024-03-29 17:00:00,173.0016,243.91,176.0829
2024-03-29 18:00:00,29.2666,230.05,186.6415
2024-03-29 19:00:00,0.0,208.0,286.1191
2024-03-29 20:00:00,0.0,181.05,392.3766
2024-03-29 21:00:00,0.0,137.78,383.6971
2024-03-29 22:00:00,0.0,118.03,410.8123
2024-03-29 23:00:00,0.0,86.91,388.8349
2024-03-30 00:00:00,0.0,110.47,369.5097
2024-03-30 01:00:00,0.0,121.7,241.8741
2024-03-30 02:00:00,0.0,105.94,169.8343
2024-03-30 03:00:00,0.0,113.15,163.3989
2024-03-30 04:00:00,0.0,91.31,117.5776
2024-03-30 05:00:00,0.0,73.63,149.6381
2024-03-30 06:00:00,0.0,95.63,148.6434
2024-03-30 07:00:00,45.8547,83.85,156.71
2024-03-30 08:00:00,215.5846,94.8,155.4289
2024-03-30 09:00:00,359.2471,147.5,171.8387
2024-03-30 10:00:00,424.864,243.43,194.6639
2024-03-30 11:00:00,508.8208,244.18,203.2011
2024-03-30 12:00:00,521.4674,252.81,200.6249
2024-03-30 13:00:00,515.9989,255.17,182.542
2024-03-30 14:00:00,450.2696,249.3,184.7519
2024-03-30 15:00:00,406.4284,252.03,174.4676
2024-03-30 16:00:00,327.0383,253.9,239.9934
2024-03-30 17:00:00,152.2037,251.8,353.7486
2024-03-30 18:00:00,27.9886,246.38,323.9042
2024-03-30 19:00:00,0.0,211.77,372.3425
2024-03-30 20:00:00,0.0,206.85,371.1711
2024-03-30 21:00:00,0.0,175.34,356.7689
2024-03-30 22:00:00,0.0,176.61,333.055
2024-03-30 23:00:00,0.0,170.67,301.229
2024-03-31 00:00:00,0.0,140.8,289.972
2024-03-31 01:00:00,0.0,125.418,235.0198
2024-03-31 02:00:00,0.0,126.168,169.6398
2024-03-31 03:00:00,0.0,142.948,184.2166
2024-03-31 04:00:00,0.0,119.038,184.4071
2024-03-31 05:00:00,0.0,85.668,184.8035
2024-03-31 06:00:00,0.0,112.918,189.0172
2024-03-31 07:00:00,32.6358,93.558,193.9054
2024-03-31 08:00:00,158.5051,168.938,262.3904
2024-03-31 09:00:00,293.2074,238.638,162.0057
2024-03-31 10:00:00,437.4706,255.058,100.0935
2024-03-31 11:00:00,494.8712,251.878,84.9435
2024-03-31 12:00:00,528.6086,248.068,170.2893
2024-03-31 13:00:00,538.3945,248.158,167.1891
2024-03-31 14:00:00,509.7602,235.208,186.8888
2024-03-31 15:00:00,438.2396,223.988,195.7434
2024-03-31 16:00:00,351.7656,220.968,221.1371
2024-03-31 17:00:00,204.6544,253.728,232.2536
2024-03-31 18:00:00,37.8298,243.288,270.7485
2024-03-31 19:00:00,0.0,224.518,323.486
2024-03-31 20:00:00,0.0,178.668,362.8427
2024-03-31 21:00:00,0.0,179.298,359.5181
2024-03-31 22:00:00,0.0,132.238,348.8287
2024-03-31 23:00:00,0.0,206.588,259.4877
2024-04-01 00:00:00,0.0,114.438,275.8844
2024-04-01 01:00:00,0.0,116.23,173.9111
2024-04-01 02:00:00,0.0,95.75,122.062
2024-04-01 03:00:00,0.0,94.2,102.1635
2024-04-01 04:00:00,0.0,85.82,88.6244
2024-04-01 05:00:00,0.0,52.03,101.6653
2024-04-01 06:00:00,0.0,44.45,218.2672
2024-04-01 07:00:00,49.2442,53.9,190.944
2024-04-01 08:00:00,203.9054,108.77,230.3557
2024-04-01 09:00:00,346.3252,201.1,346.5499
2024-04-01 10:00:00,439.2438,217.93,347.1495
2024-04-01 11:00:00,504.6043,234.43,303.6818
2024-04-01 12:00:00,494.6433,232.72,255.8733
2024-04-01 13:00:00,501.3423,207.75,240.7496
2024-04-01 14:00:00,467.7141,215.37,235.8629
2024-04-01 15:00:00,397.7381,226.07,291.9494
2024-04-01 16:00:00,317.2896,241.4,315.2106
2024-04-01 17:00:00,157.0066,245.1,337.761
2024-04-01 18:00:00,22.1595,238.75,275.9312
2024-04-01 19:00:00,0.0,218.14,286.1036
2024-04-01 20:00:00,0.0,196.86,338.2277
2024-04-01 21:00:00,0.0,162.07,373.8971
2024-04-01 22:00:00,0.0,155.2,313.2628
2024-04-01 23:00:00,0.0,167.97,302.4361
2024-04-02 00:00:00,0.0,165.05,253.0269
2024-04-02 01:00:00,0.0,137.55,190.9417
2024-04-02 02:00:00,0.0,118.49,187.4152
2024-04-02 03:00:00,0.0,56.55,199.3474
2024-04-02 04:00:00,0.0,49.5,197.4485
2024-04-02 05:00:00,0.0,28.1,187.8149
2024-04-02 06:00:00,0.0,51.03,185.0555
2024-04-02 07:00:00,39.2352,36.2,198.0633
2024-04-02 08:00:00,198.6946,50.42,209.8816
2024-04-02 09:00:00,315.2274,139.72,190.8797
2024-04-02 10:00:00,404.761,153.86,207.7843
2024-04-02 11:00:00,454.7741,147.23,250.2942
2024-04-02 12:00:00,462.7876,134.77,254.7942
2024-04-02 13:00:00,437.7275,135.35,252.1724
2024-04-02 14:00:00,427.4401,131.15,245.0923
2024-04-02 15:00:00,356.9018,132.0,250.4959
2024-04-02 16:00:00,286.6583,151.6,244.1792
2024-04-02 17:00:00,160.2149,153.27,242.1653
2024-04-02 18:00:00,26.9961,168.47,269.559
2024-04-02 19:00:00,0.0,143.42,331.5555
2024-04-02 20:00:00,0.0,136.82,355.8627
2024-04-02 21:00:00,0.0,117.87,328.6438
2024-04-02 22:00:00,0.0,88.3,346.5078
2024-04-02 23:00:00,0.0,76.44,293.2967
2024-04-03 00:00:00,0.0,19.9,276.8534
2024-04-03 01:00:00,0.0,7.8,302.4518
2024-04-03 02:00:00,0.0,8.0,182.4235
2024-04-03 03:00:00,0.0,16.49,164.0807
2024-04-03 04:00:00,0.0,14.1,153.1498
2024-04-03 05:00:00,0.0,6.8,157.0095
2024-04-03 06:00:00,0.0,2.6,147.015
2024-04-03 07:00:00,33.341,2.3,150.2383
2024-04-03 08:00:00,143.4915,0.0,178.0393
2024-04-03 09:00:00,271.8254,0.7,230.1573
2024-04-03 10:00:00,336.3052,0.0,252.7769
2024-04-03 11:00:00,357.905,0.0,264.4864
2024-04-03 12:00:00,314.2714,3.55,270.3592
2024-04-03 13:00:00,371.9462,5.7,271.0411
2024-04-03 14:00:00,369.8814,9.89,258.2029
2024-04-03 15:00:00,333.0495,24.5,237.39
2024-04-03 16:00:00,223.4672,24.5,269.8277
2024-04-03 17:00:00,81.0971,8.7,397.8228
2024-04-03 18:00:00,9.081,10.2,375.8158
2024-04-03 19:00:00,0.0,1.1,464.0677
2024-04-03 20:00:00,0.0,0.0,466.3818
2024-04-03 21:00:00,0.0,0.0,451.4148
2024-04-03 22:00:00,0.0,3.0,412.6467
2024-04-03 23:00:00,0.0,0.0,352.704
2024-04-04 00:00:00,0.0,0.0,374.6284
2024-04-04 01:00:00,0.0,0.0,361.5608
2024-04-04 02:00:00,0.0,0.0,314.5882
2024-04-04 03:00:00,0.0,0.0,242.113
2024-04-04 04:00:00,0.0,0.0,230.7677
2024-04-04 05:00:00,0.0,0.0,233.7754
2024-04-04 06:00:00,0.0,1.6,235.9548
2024-04-04 07:00:00,26.8497,9.7,249.8677
2024-04-04 08:00:00,102.0706,0.0,230.6114
2024-04-04 09:00:00,237.4573,7.0,229.5676
2024-04-04 10:00:00,289.1094,5.2,239.1984
2024-04-04 11:00:00,350.3484,1.9,265.1776
2024-04-04 12:00:00,385.5725,10.3,246.8908
2024-04-04 13:00:00,372.2432,24.6,295.6467
2024-04-04 14:00:00,373.7984,21.7,208.8834
2024-04-04 15:00:00,216.363,1.1,309.63
2024-04-04 16:00:00,161.268,20.48,437.4367
2024-04-04 17:00:00,74.4644,22.0,414.1905
2024-04-04 18:00:00,12.4448,17.81,440.7378
2024-04-04 19:00:00,0.0,34.7,453.046
2024-04-04 20:00:00,0.0,32.2,424.1047
2024-04-04 21:00:00,0.0,32.2,421.085
2024-04-04 22:00:00,0.0,17.2,346.2696
2024-04-04 23:00:00,0.0,11.1,352.1783
2024-04-05 00:00:00,0.0,1.6,316.9374
2024-04-05 01:00:00,0.0,0.0,293.2647
2024-04-05 02:00:00,0.0,0.7,252.7289
2024-04-05 03:00:00,0.0,0.0,231.9387
2024-04-05 04:00:00,0.0,1.1,226.309
2024-04-05 05:00:00,0.0,13.1,146.7061
2024-04-05 06:00:00,0.0,14.91,136.3477
2024-04-05 07:00:00,41.2251,4.5,144.0146
2024-04-05 08:00:00,156.1753,15.79,155.027
2024-04-05 09:00:00,280.9918,48.4,235.5802
2024-04-05 10:00:00,379.8972,82.8,229.5957
2024-04-05 11:00:00,442.5427,128.2,209.4065
2024-04-05 12:00:00,420.8762,124.28,175.5599
2024-04-05 13:00:00,428.8959,170.41,165.2118
2024-04-05 14:00:00,367.642,175.38,183.2903
2024-04-05 15:00:00,348.4377,193.1,166.9019
2024-04-05 16:00:00,190.666,190.2,121.6529
2024-04-05 17:00:00,119.3186,156.45,179.8836
2024-04-05 18:00:00,20.5161,177.4,202.813
2024-04-05 19:00:00,0.0,153.8,256.2621
2024-04-05 20:00:00,0.0,87.0,347.5509
2024-04-05 21:00:00,0.0,111.65,355.0275
2024-04-05 22:00:00,0.0,107.9,287.4092
2024-04-05 23:00:00,0.0,99.6,285.6266
2024-04-06 00:00:00,0.0,100.4,322.6704
2024-04-06 01:00:00,0.0,80.9,143.5812
2024-04-06 02:00:00,0.0,68.99,121.5846
2024-04-06 03:00:00,0.0,47.07,93.6802
2024-04-06 04:00:00,0.0,9.83,85.9164
2024-04-06 05:00:00,0.0,0.8,74.3509
2024-04-06 06:00:00,0.0,5.4,72.3155
2024-04-06 07:00:00,34.8048,8.3,68.9713
2024-04-06 08:00:00,172.068,8.78,69.1676
2024-04-06 09:00:00,354.7929,27.17,87.0353
2024-04-06 10:00:00,376.7076,46.06,104.3397
2024-04-06 11:00:00,427.7154,54.3,106.7664
2024-04-06 12:00:00,439.1295,42.13,87.563
2024-04-06 13:00:00,351.9662,31.05,187.165
2024-04-06 14:00:00,361.9229,28.96,217.7489
2024-04-06 15:00:00,233.0247,10.75,259.5008
2024-04-06 16:00:00,171.4787,61.5,255.0862
2024-04-06 17:00:00,99.9733,129.89,187.0514
2024-04-06 18:00:00,26.005,121.1,187.6887
2024-04-06 19:00:00,0.0,130.5,180.3898
2024-04-06 20:00:00,0.0,134.3,159.5901
2024-04-06 21:00:00,0.0,119.2,166.9552
2024-04-06 22:00:00,0.0,116.14,164.4303
2024-04-06 23:00:00,0.0,96.3,164.232
2024-04-07 00:00:00,0.0,100.56,96.9249
2024-04-07 01:00:00,0.0,48.078,59.8146
2024-04-07 02:00:00,0.0,36.138,61.4129
2024-04-07 03:00:00,0.0,28.808,45.487
2024-04-07 04:00:00,0.0,12.238,45.9082
2024-04-07 05:00:00,0.0,27.738,41.4022
2024-04-07 06:00:00,0.0,31.938,51.9187
2024-04-07 07:00:00,41.3873,29.438,72.6204
2024-04-07 08:00:00,184.127,34.028,89.1621
2024-04-07 09:00:00,262.8225,86.788,81.4939
2024-04-07 10:00:00,397.5292,113.238,90.2456
2024-04-07 11:00:00,412.3862,139.238,95.2573
2024-04-07 12:00:00,448.8273,182.028,85.8163
2024-04-07 13:00:00,408.7937,208.418,138.9301
2024-04-07 14:00:00,387.7517,214.448,100.8771
2024-04-07 15:00:00,332.3045,211.038,98.4842
2024-04-07 16:00:00,241.7045,210.288,101.0261
2024-04-07 17:00:00,134.8276,221.868,139.63
2024-04-07 18:00:00,27.0922,175.638,119.3835
2024-04-07 19:00:00,0.0,138.698,207.6994
2024-04-07 20:00:00,0.0,119.118,214.1658
2024-04-07 21:00:00,0.0,141.338,214.0954
2024-04-07 22:00:00,0.0,142.838,215.6739
2024-04-07 23:00:00,0.0,143.938,212.3176
2024-04-08 00:00:00,0.0,127.438,211.8698
2024-04-08 01:00:00,0.0,144.868,80.4573
2024-04-08 02:00:00,0.0,137.038,70.6217
2024-04-08 03:00:00,0.0,95.888,41.8276
2024-04-08 04:00:00,0.0,98.758,42.0123
2024-04-08 05:00:00,0.0,94.308,43.2329
2024-04-08 06:00:00,0.0,57.608,44.7198
2024-04-08 07:00:00,48.409,78.218,76.7702
2024-04-08 08:00:00,165.2871,121.648,78.1457
2024-04-08 09:00:00,237.7888,150.838,86.7946
2024-04-08 10:00:00,370.6577,143.338,87.2397
2024-04-08 11:00:00,390.7832,143.998,156.4374
2024-04-08 12:00:00,413.6323,156.638,171.7587
2024-04-08 13:00:00,388.162,170.468,162.5673
2024-04-08 14:00:00,316.4184,161.928,190.8787
2024-04-08 15:00:00,251.0891,217.188,195.909
2024-04-08 16:00:00,103.5985,146.288,227.3983
2024-04-08 17:00:00,72.6129,182.988,194.8432
2024-04-08 18:00:00,14.8312,177.738,200.9402
2024-04-08 19:00:00,0.0,184.868,198.5902
2024-04-08 20:00:00,0.0,193.338,194.4007
2024-04-08 21:00:00,0.0,152.918,195.29
2024-04-08 22:00:00,0.0,108.838,192.8033
2024-04-08 23:00:00,0.0,104.228,197.5335
2024-04-09 00:00:00,0.0,80.588,108.0982
2024-04-09 01:00:00,0.0,84.828,97.9411
2024-04-09 02:00:00,0.0,75.498,68.966
2024-04-09 03:00:00,0.0,75.148,55.3743
2024-04-09 04:00:00,0.0,54.748,56.3342
2024-04-09 05:00:00,0.0,24.738,56.1394
2024-04-09 06:00:00,0.0,7.138,56.1651
2024-04-09 07:00:00,22.8728,22.738,63.1313
2024-04-09 08:00:00,121.251,24.058,105.7352
2024-04-09 09:00:00,243.7193,13.938,116.7573
2024-04-09 10:00:00,341.1026,60.288,120.3507
2024-04-09 11:00:00,305.4464,58.838,139.2114
2024-04-09 12:00:00,321.2077,58.838,155.0558
2024-04-09 13:00:00,298.2343,58.838,156.3368
2024-04-09 14:00:00,294.8989,1.138,257.8237
2024-04-09 15:00:00,152.2169,1.138,259.7362
2024-04-09 16:00:00,79.3379,1.138,270.0699
2024-04-09 17:00:00,51.1931,1.138,276.0127
2024-04-09 18:00:00,19.6803,77.038,288.5427
2024-04-09 19:00:00,0.0,115.268,292.1116
2024-04-09 20:00:00,0.0,61.918,301.5568
2024-04-09 21:00:00,0.0,104.038,296.9389
2024-04-09 22:00:00,0.0,75.248,297.8008
2024-04-09 23:00:00,0.0,75.038,293.5368
2024-04-10 00:00:00,0.0,82.868,164.7387
2024-04-10 01:00:00,0.0,45.338,139.8174
2024-04-10 02:00:00,0.0,42.488,145.3788
2024-04-10 03:00:00,0.0,22.238,99.3971
2024-04-10 04:00:00,0.0,1.138,100.4003
2024-04-10 05:00:00,0.0,0.238,98.6949
2024-04-10 06:00:00,0.0,0.238,114.8169
2024-04-10 07:00:00,36.3615,0.238,125.8614
2024-04-10 08:00:00,175.277,0.238,117.7052
2024-04-10 09:00:00,274.8917,22.308,164.975
2024-04-10 10:00:00,405.177,37.318,224.1105
2024-04-10 11:00:00,463.735,49.098,241.4626
2024-04-10 12:00:00,429.6083,50.868,260.6424
2024-04-10 13:00:00,344.1235,57.698,251.972
2024-04-10 14:00:00,336.1839,40.758,279.1609
2024-04-10 15:00:00,281.9384,155.448,272.27
2024-04-10 16:00:00,161.452,141.668,342.4136
2024-04-10 17:00:00,63.5727,113.638,363.5424
2024-04-10 18:00:00,13.7256,79.818,363.4465
2024-04-10 19:00:00,0.0,38.558,403.8269
2024-04-10 20:00:00,0.0,6.138,435.3431
2024-04-10 21:00:00,0.0,0.238,419.1271
2024-04-10 22:00:00,0.0,0.238,406.9033
2024-04-10 23:00:00,0.0,2.238,395.899
2024-04-11 00:00:00,0.0,0.238,312.9333
2024-04-11 01:00:00,0.0,4.938,235.6396
2024-04-11 02:00:00,0.0,32.488,153.6586
2024-04-11 03:00:00,0.0,42.888,134.9186
2024-04-11 04:00:00,0.0,40.188,135.3538
2024-04-11 05:00:00,0.0,14.928,134.6747
2024-04-11 06:00:00,0.0,7.338,136.0597
2024-04-11 07:00:00,32.2415,5.238,148.6551
2024-04-11 08:00:00,159.0206,18.768,168.9685
2024-04-11 09:00:00,312.9819,33.638,185.0144
2024-04-11 10:00:00,344.0914,48.148,200.366
2024-04-11 11:00:00,455.9322,45.658,229.1721
2024-04-11 12:00:00,396.8471,57.118,225.6105
2024-04-11 13:00:00,367.7042,62.318,256.0669
2024-04-11 14:00:00,375.8385,32.5901,254.4457
2024-04-11 15:00:00,418.8721,35.8557,310.6594
2024-04-11 16:00:00,322.5987,154.9613,262.3442
2024-04-11 17:00:00,169.8533,168.2269,250.6285
2024-04-11 18:00:00,27.1141,196.1326,277.5111
2024-04-11 19:00:00,0.0,126.5182,333.5892
2024-04-11 20:00:00,0.0,88.8439,439.821
2024-04-11 21:00:00,0.0,104.4157,430.4973
2024-04-11 22:00:00,0.0,120.49,375.0878
2024-04-11 23:00:00,0.0,133.5,300.0921
2024-04-12 00:00:00,0.0,133.61,214.8908
2024-04-12 01:00:00,0.0,161.0031,201.5616
2024-04-12 02:00:00,0.0,147.8587,187.9505
2024-04-12 03:00:00,0.0,178.1709,116.2701
2024-04-12 04:00:00,0.0,192.0383,54.9738
2024-04-12 05:00:00,0.0,157.4996,62.9738
2024-04-12 06:00:00,0.0,117.0045,62.8084
2024-04-12 07:00:00,45.3814,141.4319,79.0454
2024-04-12 08:00:00,187.5137,178.3137,81.9509
2024-04-12 09:00:00,321.7476,215.4841,90.1548
2024-04-12 10:00:00,411.0345,234.5132,133.1227
2024-04-12 11:00:00,471.634,238.3994,159.5804
2024-04-12 12:00:00,501.8103,233.3204,231.1475
2024-04-12 13:00:00,503.4369,240.1437,205.9102
2024-04-12 14:00:00,385.1192,251.5148,206.1343
2024-04-12 15:00:00,390.7097,259.7774,228.4561
2024-04-12 16:00:00,295.1696,256.0998,217.6614
2024-04-12 17:00:00,143.2613,256.1816,136.8233
2024-04-12 18:00:00,20.1566,252.6368,135.6593
2024-04-12 19:00:00,0.0,232.6994,152.9392
2024-04-12 20:00:00,0.0,254.6075,241.4704
2024-04-12 21:00:00,0.0,267.2121,240.4556
2024-04-12 22:00:00,0.0,264.4687,236.519
2024-04-12 23:00:00,0.0,260.7689,183.1102
2024-04-13 00:00:00,0.0,259.2356,163.2552
2024-04-13 01:00:00,0.0,274.0197,152.8208
2024-04-13 02:00:00,0.0,273.4849,80.0207
2024-04-13 03:00:00,0.0,268.883,108.5405
2024-04-13 04:00:00,0.0,265.9514,101.3449
2024-04-13 05:00:00,0.0,268.6676,113.6398
2024-04-13 06:00:00,0.0,270.6922,116.7951
2024-04-13 07:00:00,48.5791,258.3736,170.9782
2024-04-13 08:00:00,192.7463,258.2369,203.7539
2024-04-13 09:00:00,326.2869,269.233,210.0477
2024-04-13 10:00:00,459.9531,271.8311,135.3833
2024-04-13 11:00:00,511.4186,283.9081,126.1184
2024-04-13 12:00:00,536.9822,279.5825,159.6749
2024-04-13 13:00:00,525.2303,278.874,147.7524
2024-04-13 14:00:00,424.2094,280.03,167.8632
2024-04-13 15:00:00,382.6745,273.6789,209.9041
2024-04-13 16:00:00,284.2473,281.0061,146.9626
2024-04-13 17:00:00,150.6694,275.6396,94.3844
2024-04-13 18:00:00,28.0732,260.812,91.3354
2024-04-13 19:00:00,0.0,271.0339,90.238
2024-04-13 20:00:00,0.0,279.3046,88.1282
2024-04-13 21:00:00,0.0,286.5972,117.6658
2024-04-13 22:00:00,0.0,288.0842,110.5991
2024-04-13 23:00:00,0.0,255.7439,110.4527
2024-04-14 00:00:00,0.0,272.8228,128.8067
2024-04-14 01:00:00,0.0,272.2967,146.5824
2024-04-14 02:00:00,0.0,287.5296,176.9051
2024-04-14 03:00:00,0.0,283.9181,187.8906
2024-04-14 04:00:00,0.0,284.8707,187.6509
2024-04-14 05:00:00,0.0,224.1897,217.76
2024-04-14 06:00:00,0.0,205.0639,147.3607
2024-04-14 07:00:00,51.1161,205.9544,107.2929
2024-04-14 08:00:00,223.3036,219.2526,130.6056
2024-04-14 09:00:00,388.2336,266.1342,115.5767
2024-04-14 10:00:00,425.0495,265.1631,111.4038
2024-04-14 11:00:00,458.1477,279.4077,120.7027
2024-04-14 12:00:00,510.9713,283.0797,166.1073
2024-04-14 13:00:00,530.2722,286.2212,127.8078
2024-04-14 14:00:00,478.1556,288.9225,171.2384
2024-04-14 15:00:00,434.4709,284.0134,177.7551
2024-04-14 16:00:00,344.9921,285.451,160.9506
2024-04-14 17:00:00,200.97,282.3466,149.3288
2024-04-14 18:00:00,40.2247,266.4141,134.7085
2024-04-14 19:00:00,0.0,278.5482,110.7184
2024-04-14 20:00:00,0.0,272.9742,106.656
2024-04-14 21:00:00,0.0,270.6906,107.346
2024-04-14 22:00:00,0.0,274.9273,78.8925
2024-04-14 23:00:00,0.0,289.2207,80.0108
2024-04-15 00:00:00,0.0,282.8402,93.9925
2024-04-15 01:00:00,0.0,284.3881,127.7007
2024-04-15 02:00:00,0.0,256.5683,159.3067
2024-04-15 03:00:00,0.0,269.8845,150.3365
2024-04-15 04:00:00,0.0,192.6187,155.961
2024-04-15 05:00:00,0.0,172.6896,156.1892
2024-04-15 06:00:00,0.0,165.632,231.6781
2024-04-15 07:00:00,49.6895,207.8126,205.9439
2024-04-15 08:00:00,219.2972,219.9823,249.2164
2024-04-15 09:00:00,356.3872,264.5861,172.5214
2024-04-15 10:00:00,438.3673,262.6382,160.9156
2024-04-15 11:00:00,491.6214,291.8061,151.6233
2024-04-15 12:00:00,494.74,267.2916,199.5482
2024-04-15 13:00:00,420.9447,250.4325,198.9103
2024-04-15 14:00:00,458.511,252.9675,106.8161
2024-04-15 15:00:00,419.9974,270.738,106.7386
2024-04-15 16:00:00,317.6814,284.4161,91.3369
2024-04-15 17:00:00,182.1367,288.5214,90.2819
2024-04-15 18:00:00,41.7674,280.9932,131.8464
2024-04-15 19:00:00,0.0,222.2458,228.8123
2024-04-15 20:00:00,0.0,230.6679,236.8938
2024-04-15 21:00:00,0.0,208.779,236.0205
2024-04-15 22:00:00,0.0,213.4771,243.2575
2024-04-15 23:00:00,0.0,214.3999,207.5375
2024-04-16 00:00:00,0.0,192.1486,197.2848
2024-04-16 01:00:00,0.0,230.768,108.0639
2024-04-16 02:00:00,0.0,208.5422,113.5278
2024-04-16 03:00:00,0.0,237.3394,79.4729
2024-04-16 04:00:00,0.0,214.1435,71.7959
2024-04-16 05:00:00,0.0,230.2392,63.3201
2024-04-16 06:00:00,0.0,219.5888,63.4554
2024-04-16 07:00:00,57.6036,238.4206,71.2834
2024-04-16 08:00:00,207.7169,270.3215,74.0874
2024-04-16 09:00:00,336.9268,296.1963,105.892
2024-04-16 10:00:00,418.1588,288.2563,118.1326
2024-04-16 11:00:00,460.2036,294.3552,152.0668
2024-04-16 12:00:00,490.995,292.641,154.3477
2024-04-16 13:00:00,485.0196,299.0185,162.163
2024-04-16 14:00:00,471.0628,304.6925,180.6043
2024-04-16 15:00:00,415.4468,307.6604,226.0252
2024-04-16 16:00:00,309.622,292.075,221.9985
2024-04-16 17:00:00,183.5092,297.622,223.3539
2024-04-16 18:00:00,46.7178,283.0997,166.0253
2024-04-16 19:00:00,0.0,219.8779,237.0174
2024-04-16 20:00:00,0.0,185.795,284.38
2024-04-16 21:00:00,0.0,194.2247,336.0811
2024-04-16 22:00:00,0.0,204.1789,294.4368
2024-04-16 23:00:00,0.0,153.6194,300.1222
2024-04-17 00:00:00,0.0,164.0767,212.5891
2024-04-17 01:00:00,0.0,114.1828,211.6386
2024-04-17 02:00:00,0.0,117.3546,147.3334
2024-04-17 03:00:00,0.0,167.3621,109.8291
2024-04-17 04:00:00,0.0,152.9764,104.9043
2024-04-17 05:00:00,0.0,150.1805,106.6198
2024-04-17 06:00:00,0.0,200.9908,98.6786
2024-04-17 07:00:00,65.9415,194.8127,47.132
2024-04-17 08:00:00,223.5035,231.9306,57.0674
2024-04-17 09:00:00,357.9346,271.4878,106.1512
2024-04-17 10:00:00,440.5235,280.0011,117.094
2024-04-17 11:00:00,503.1195,284.612,129.0305
2024-04-17 12:00:00,488.6335,256.5383,154.2533
2024-04-17 13:00:00,476.2834,229.9133,237.3543
2024-04-17 14:00:00,434.3184,217.9876,311.7117
2024-04-17 15:00:00,400.2538,229.1673,294.7749
2024-04-17 16:00:00,263.7515,222.4351,304.9159
2024-04-17 17:00:00,166.2573,245.7117,204.2099
2024-04-17 18:00:00,48.1973,243.9437,252.5163
2024-04-17 19:00:00,0.0,229.8441,348.3084
2024-04-17 20:00:00,0.0,232.3674,343.3404
2024-04-17 21:00:00,0.0,213.4852,320.3226
2024-04-17 22:00:00,0.0,205.5616,306.4007
2024-04-17 23:00:00,0.0,180.6007,245.2929
2024-04-18 00:00:00,0.0,158.9251,268.6518
2024-04-18 01:00:00,0.0,139.7775,182.5999
2024-04-18 02:00:00,0.0,118.0913,185.1046
2024-04-18 03:00:00,0.0,132.8147,154.2965
2024-04-18 04:00:00,0.0,125.989,136.304
2024-04-18 05:00:00,0.0,108.6316,79.735
2024-04-18 06:00:00,0.0,134.6517,82.8656
2024-04-18 07:00:00,59.4116,160.8303,76.1441
2024-04-18 08:00:00,215.5504,187.9772,65.6421
2024-04-18 09:00:00,341.0742,224.2324,67.0234
2024-04-18 10:00:00,426.2082,245.1575,79.2321
2024-04-18 11:00:00,408.0255,257.7953,93.1146
2024-04-18 12:00:00,488.3831,215.1129,99.0146
2024-04-18 13:00:00,500.6759,248.1459,111.4074
2024-04-18 14:00:00,449.8139,244.5739,124.3777
2024-04-18 15:00:00,412.1227,273.8512,130.1949
2024-04-18 16:00:00,301.9884,277.1399,114.3562
2024-04-18 17:00:00,180.6924,292.0015,195.3893
2024-04-18 18:00:00,38.604,265.3864,199.9817
2024-04-18 19:00:00,0.0,246.3792,240.3155
2024-04-18 20:00:00,0.0,215.5988,279.4683
2024-04-18 21:00:00,0.0,212.5477,285.995
2024-04-18 22:00:00,0.0,160.7753,275.9973
2024-04-18 23:00:00,0.0,123.405,218.9659
2024-04-19 00:00:00,0.0,109.2581,177.1812
2024-04-19 01:00:00,0.0,132.8008,103.497
2024-04-19 02:00:00,0.0,107.972,103.5017
2024-04-19 03:00:00,0.0,118.9833,81.7896
2024-04-19 04:00:00,0.0,136.3848,62.1835
2024-04-19 05:00:00,0.0,129.3793,46.1402
2024-04-19 06:00:00,0.0,122.7952,46.6611
2024-04-19 07:00:00,73.5081,127.9639,54.1841
2024-04-19 08:00:00,187.697,176.2935,43.5671
2024-04-19 09:00:00,301.4987,215.3129,56.7855
2024-04-19 10:00:00,393.2267,196.2469,73.6041
2024-04-19 11:00:00,475.4647,202.4617,85.1059
2024-04-19 12:00:00,484.836,169.2379,126.1021
2024-04-19 13:00:00,390.4541,151.5236,167.9435
2024-04-19 14:00:00,389.2423,132.6005,175.5919
2024-04-19 15:00:00,331.0855,124.4709,193.8113
2024-04-19 16:00:00,181.116,151.3306,225.1918
2024-04-19 17:00:00,95.5093,155.1425,240.792
2024-04-19 18:00:00,18.6676,215.8532,246.5249
2024-04-19 19:00:00,0.0,158.4998,303.3096
2024-04-19 20:00:00,0.0,186.0218,300.7339
2024-04-19 21:00:00,0.0,138.8228,329.0293
2024-04-19 22:00:00,0.0,99.4847,334.8505
2024-04-19 23:00:00,0.0,93.0977,306.2392
2024-04-20 00:00:00,0.0,97.0963,216.9963
2024-04-20 01:00:00,0.0,93.0754,218.0734
2024-04-20 02:00:00,0.0,90.8494,153.5263
2024-04-20 03:00:00,0.0,85.4557,126.9233
2024-04-20 04:00:00,0.0,77.3245,160.1157
2024-04-20 05:00:00,0.0,104.8509,180.1176
2024-04-20 06:00:00,0.0,73.8748,180.6811
2024-04-20 07:00:00,59.0472,61.6348,185.3578
2024-04-20 08:00:00,224.0937,105.5967,162.5231
2024-04-20 09:00:00,296.3514,140.1091,117.6758
2024-04-20 10:00:00,364.3334,134.5116,110.4618
2024-04-20 11:00:00,382.4406,107.8166,77.3342
2024-04-20 12:00:00,405.1195,124.9596,250.4941
2024-04-20 13:00:00,446.9989,138.0051,169.2156
2024-04-20 14:00:00,443.0707,191.9573,137.3954
2024-04-20 15:00:00,389.1615,202.0884,111.0072
2024-04-20 16:00:00,240.6029,277.0004,166.0432
2024-04-20 17:00:00,159.2353,278.9866,148.7483
2024-04-20 18:00:00,37.4034,245.6783,281.0743
2024-04-20 19:00:00,0.0,168.9225,344.8326
2024-04-20 20:00:00,0.0,222.0374,314.8127
2024-04-20 21:00:00,0.0,194.6583,299.67
2024-04-20 22:00:00,0.0,133.2511,310.4211
2024-04-20 23:00:00,0.0,86.3392,303.4657
2024-04-21 00:00:00,0.0,66.541,251.4572
2024-04-21 01:00:00,0.0,54.7087,211.5311
2024-04-21 02:00:00,0.0,56.7221,186.3902
2024-04-21 03:00:00,0.0,46.912,154.0167
2024-04-21 04:00:00,0.0,65.8119,153.5695
2024-04-21 05:00:00,0.0,50.1017,158.1986
2024-04-21 06:00:00,0.0,44.0175,159.6453
2024-04-21 07:00:00,48.0416,44.1316,169.1929
2024-04-21 08:00:00,175.533,27.3885,124.8322
2024-04-21 09:00:00,282.6601,32.3562,82.7599
2024-04-21 10:00:00,351.7841,22.7666,83.6758
2024-04-21 11:00:00,452.0304,27.276,71.2331
2024-04-21 12:00:00,378.9185,13.3382,79.4463
2024-04-21 13:00:00,372.9698,18.218,103.6931
2024-04-21 14:00:00,349.7271,37.1997,99.1369
2024-04-21 15:00:00,244.2339,32.0513,188.6695
2024-04-21 16:00:00,159.3976,17.2298,221.9687
2024-04-21 17:00:00,65.2275,34.739,252.1097
2024-04-21 18:00:00,17.1979,26.8142,319.7997
2024-04-21 19:00:00,0.0,68.6196,315.6069
2024-04-21 20:00:00,0.0,47.3361,372.5527
2024-04-21 21:00:00,0.0,17.1956,411.2467
2024-04-21 22:00:00,0.0,2.1775,361.3145
2024-04-21 23:00:00,0.0,1.5102,365.5729
2024-04-22 00:00:00,0.0,3.5043,400.9747
2024-04-22 01:00:00,0.0,11.4529,333.4908
2024-04-22 02:00:00,0.0,1.402,349.5007
2024-04-22 03:00:00,0.0,15.8254,267.914
2024-04-22 04:00:00,0.0,4.7193,237.0626
2024-04-22 05:00:00,0.0,6.5837,243.2917
2024-04-22 06:00:00,0.0,7.6277,252.4053
2024-04-22 07:00:00,48.08,6.8357,220.2339
2024-04-22 08:00:00,137.1962,3.0126,219.1319
2024-04-22 09:00:00,240.165,7.1974,229.1388
2024-04-22 10:00:00,231.014,6.4195,314.0338
2024-04-22 11:00:00,303.1511,3.9673,316.8555
2024-04-22 12:00:00,304.3836,2.579,324.1754
2024-04-22 13:00:00,263.3171,32.0369,313.3231
2024-04-22 14:00:00,219.418,21.165,348.0652
2024-04-22 15:00:00,167.0186,10.3632,368.3056
2024-04-22 16:00:00,164.524,3.0374,402.1774
2024-04-22 17:00:00,90.1358,0.4337,431.2631
2024-04-22 18:00:00,16.3526,4.1647,444.5575
2024-04-22 19:00:00,0.0,45.401,482.6801
2024-04-22 20:00:00,0.0,54.5923,511.0231
2024-04-22 21:00:00,0.0,55.1418,447.639
2024-04-22 22:00:00,0.0,66.0899,445.7468
2024-04-22 23:00:00,0.0,69.3462,341.5967
2024-04-23 00:00:00,0.0,51.1195,267.1226
2024-04-23 01:00:00,0.0,45.335,182.2398
2024-04-23 02:00:00,0.0,49.4162,144.1834
2024-04-23 03:00:00,0.0,87.2061,139.6448
2024-04-23 04:00:00,0.0,97.42,119.64
2024-04-23 05:00:00,0.0,70.8187,117.3271
2024-04-23 06:00:00,0.0,86.1903,121.7706
2024-04-23 07:00:00,79.4277,106.2374,115.1617
2024-04-23 08:00:00,222.3457,126.979,118.7377
2024-04-23 09:00:00,327.8323,198.8817,125.1906
2024-04-23 10:00:00,388.1831,216.0065,177.9941
2024-04-23 11:00:00,424.0732,240.4031,230.0595
2024-04-23 12:00:00,440.005,268.597,194.8045
2024-04-23 13:00:00,369.9651,251.0017,209.8443
2024-04-23 14:00:00,404.6676,269.0767,182.6728
2024-04-23 15:00:00,340.3088,292.6385,182.5207
2024-04-23 16:00:00,245.7078,279.5487,195.0506
2024-04-23 17:00:00,87.4387,264.6669,283.8815
2024-04-23 18:00:00,18.3374,199.1588,306.6032
2024-04-23 19:00:00,0.0,221.6628,310.9716
2024-04-23 20:00:00,0.0,169.7889,377.6109
2024-04-23 21:00:00,0.0,187.9181,366.3581
2024-04-23 22:00:00,0.0,178.5377,306.3376
2024-04-23 23:00:00,0.0,208.4362,269.2524
2024-04-24 00:00:00,0.0,166.9732,288.7427
2024-04-24 01:00:00,0.0,195.0801,180.0216
2024-04-24 02:00:00,0.0,125.7917,179.3648
2024-04-24 03:00:00,0.0,117.3541,141.5429
2024-04-24 04:00:00,0.0,114.4833,135.5397
2024-04-24 05:00:00,0.0,193.6984,113.9321
2024-04-24 06:00:00,0.0,215.2455,81.3871
2024-04-24 07:00:00,54.8281,148.6607,86.0892
2024-04-24 08:00:00,200.4648,149.578,62.9186
2024-04-24 09:00:00,265.4203,96.4911,123.7707
2024-04-24 10:00:00,320.941,104.0331,150.7446
2024-04-24 11:00:00,439.5155,181.442,122.307
2024-04-24 12:00:00,402.925,250.1397,155.896
2024-04-24 13:00:00,396.9104,287.5011,153.2332
2024-04-24 14:00:00,417.7015,301.6012,194.3515
2024-04-24 15:00:00,273.6815,259.1511,230.4676
2024-04-24 16:00:00,230.2212,306.8296,226.9651
2024-04-24 17:00:00,139.8748,294.0547,209.149
2024-04-24 18:00:00,15.7794,207.4999,285.8083
2024-04-24 19:00:00,0.0,218.4579,422.6066
2024-04-24 20:00:00,0.0,269.7301,401.3873
2024-04-24 21:00:00,0.0,195.5857,396.3208
2024-04-24 22:00:00,0.0,272.0398,334.7815
2024-04-24 23:00:00,0.0,204.4216,302.9046
2024-04-25 00:00:00,0.0,131.4984,235.0544
2024-04-25 01:00:00,0.0,160.0383,174.2059
2024-04-25 02:00:00,0.0,121.8445,374.8198
2024-04-25 03:00:00,0.0,277.1591,149.5358
2024-04-25 04:00:00,0.0,179.5514,138.9487
2024-04-25 05:00:00,0.0,140.754,145.8367
2024-04-25 06:00:00,0.0,169.3902,137.7734
2024-04-25 07:00:00,47.4452,169.8812,140.964
2024-04-25 08:00:00,218.422,281.1253,135.3021
2024-04-25 09:00:00,259.9118,188.5154,145.5945
2024-04-25 10:00:00,343.3082,149.7297,234.7525
2024-04-25 11:00:00,400.2458,258.0272,163.6679
2024-04-25 12:00:00,436.6751,304.5552,110.9687
2024-04-25 13:00:00,396.2325,263.1665,116.565
2024-04-25 14:00:00,339.8981,287.008,122.3404
2024-04-25 15:00:00,164.0323,285.8976,152.6721
2024-04-25 16:00:00,96.0,290.2931,193.1635
2024-04-25 17:00:00,47.8464,215.3305,208.9871
2024-04-25 18:00:00,18.1805,161.0964,202.6785
2024-04-25 19:00:00,0.0,136.9138,332.6382
2024-04-25 20:00:00,0.0,186.8769,347.9777
2024-04-25 21:00:00,0.0,132.7157,341.07
2024-04-25 22:00:00,0.0,127.1389,336.5107
2024-04-25 23:00:00,0.0,134.6777,272.9534
2024-04-26 00:00:00,0.0,123.0871,200.0955
2024-04-26 01:00:00,0.0,170.9726,112.1367
2024-04-26 02:00:00,0.0,155.9486,76.8989
2024-04-26 03:00:00,0.0,109.178,67.0901
2024-04-26 04:00:00,0.0,131.149,66.1254
2024-04-26 05:00:00,0.0,85.8801,69.3739
2024-04-26 06:00:00,0.0,67.0452,67.9069
2024-04-26 07:00:00,51.0378,78.0996,81.5769
2024-04-26 08:00:00,178.4322,79.0657,82.4022
2024-04-26 09:00:00,277.508,126.9211,91.6039
2024-04-26 10:00:00,376.8305,154.2178,102.3147
2024-04-26 11:00:00,377.6948,166.9254,92.8258
2024-04-26 12:00:00,368.2841,190.3699,103.8319
2024-04-26 13:00:00,352.6962,126.8622,103.1916
2024-04-26 14:00:00,401.49,132.3229,111.2554
2024-04-26 15:00:00,237.8909,106.131,282.4641
2024-04-26 16:00:00,158.9238,206.743,279.7811
2024-04-26 17:00:00,49.8203,167.8347,271.7673
2024-04-26 18:00:00,5.216,121.5605,336.3126
2024-04-26 19:00:00,0.0,60.8158,373.3269
2024-04-26 20:00:00,0.0,85.6004,370.5982
2024-04-26 21:00:00,0.0,188.8917,359.8858
2024-04-26 22:00:00,0.0,96.2792,326.8818
2024-04-26 23:00:00,0.0,71.1451,343.8461
2024-04-27 00:00:00,0.0,81.3608,269.8289
2024-04-27 01:00:00,0.0,103.5912,154.1067
2024-04-27 02:00:00,0.0,105.8571,157.6791
2024-04-27 03:00:00,0.0,127.0435,190.9673
2024-04-27 04:00:00,0.0,63.0228,183.9726
2024-04-27 05:00:00,0.0,32.4414,189.0384
2024-04-27 06:00:00,0.0,59.6068,161.7086
2024-04-27 07:00:00,46.6293,42.8988,177.9109
2024-04-27 08:00:00,148.426,90.0858,111.7092
2024-04-27 09:00:00,226.88,127.3962,114.6665
2024-04-27 10:00:00,303.0852,98.1803,176.1367
2024-04-27 11:00:00,330.4196,117.9035,138.8978
2024-04-27 12:00:00,290.6801,65.255,177.9834
2024-04-27 13:00:00,266.8499,53.664,302.8569
2024-04-27 14:00:00,262.7903,74.8114,352.4411
2024-04-27 15:00:00,190.0937,30.1405,325.9283
2024-04-27 16:00:00,121.9345,16.2747,319.4112
2024-04-27 17:00:00,46.668,17.4255,401.112
2024-04-27 18:00:00,9.872,30.8587,479.7953
2024-04-27 19:00:00,0.0,24.8214,515.6514
2024-04-27 20:00:00,0.0,8.4627,542.3232
2024-04-27 21:00:00,0.0,12.6522,557.3033
2024-04-27 22:00:00,0.0,14.9364,541.1517
2024-04-27 23:00:00,0.0,14.9946,523.5571
2024-04-28 00:00:00,0.0,24.0409,371.007
2024-04-28 01:00:00,0.0,23.4711,281.6678
2024-04-28 02:00:00,0.0,24.9386,267.0968
2024-04-28 03:00:00,0.0,12.5309,206.9371
2024-04-28 04:00:00,0.0,12.0856,191.944
2024-04-28 05:00:00,0.0,12.1476,181.6408
2024-04-28 06:00:00,0.0,12.6904,191.4675
2024-04-28 07:00:00,49.9353,10.884,161.3543
2024-04-28 08:00:00,191.0505,6.2595,150.4394
2024-04-28 09:00:00,271.7543,2.1884,109.8578
2024-04-28 10:00:00,369.2522,1.6274,118.4716
2024-04-28 11:00:00,362.4009,3.1593,119.7513
2024-04-28 12:00:00,377.0486,7.5299,137.6966
2024-04-28 13:00:00,310.126,21.4078,190.1262
2024-04-28 14:00:00,200.4307,19.9354,281.5036
2024-04-28 15:00:00,24.5647,20.3735,348.6017
2024-04-28 16:00:00,8.4347,8.7378,378.2472
2024-04-28 17:00:00,8.1627,10.1047,418.1128
2024-04-28 18:00:00,3.2931,12.7972,407.4759
2024-04-28 19:00:00,0.0,3.4076,493.4975
2024-04-28 20:00:00,0.0,6.0716,476.2356
2024-04-28 21:00:00,0.0,7.5441,461.8241
2024-04-28 22:00:00,0.0,8.9132,474.0752
2024-04-28 23:00:00,0.0,9.864,382.0556
2024-04-29 00:00:00,0.0,6.2748,338.6942
2024-04-29 01:00:00,0.0,2.6922,343.4019
2024-04-29 02:00:00,0.0,1.4651,234.1672
2024-04-29 03:00:00,0.0,4.6522,227.3807
2024-04-29 04:00:00,0.0,11.3674,222.029
2024-04-29 05:00:00,0.0,6.1818,210.4692
2024-04-29 06:00:00,0.0,2.2431,209.8023
2024-04-29 07:00:00,55.806,5.6577,215.1689
2024-04-29 08:00:00,128.6726,5.1344,257.1851
2024-04-29 09:00:00,244.066,3.8301,337.8189
2024-04-29 10:00:00,324.5907,0.2268,310.5099
2024-04-29 11:00:00,328.9827,1.2852,315.7959
2024-04-29 12:00:00,312.0017,1.8028,364.6987
2024-04-29 13:00:00,362.7099,34.5575,455.4917
2024-04-29 14:00:00,405.0654,21.4982,395.5538
2024-04-29 15:00:00,314.9229,44.7548,415.574
2024-04-29 16:00:00,124.936,48.6802,441.2802
2024-04-29 17:00:00,64.0425,5.2866,494.0844
2024-04-29 18:00:00,20.0588,5.8805,454.5386
2024-04-29 19:00:00,0.0,4.3174,530.6199
2024-04-29 20:00:00,0.0,25.6834,511.5119
2024-04-29 21:00:00,0.0,51.8923,496.2299
2024-04-29 22:00:00,0.0,80.8984,469.1785
2024-04-29 23:00:00,0.0,60.1288,467.7818
2024-04-30 00:00:00,0.0,24.4333,451.9149
2024-04-30 01:00:00,0.0,16.7313,313.7816
2024-04-30 02:00:00,0.0,22.5216,272.6983
2024-04-30 03:00:00,0.0,10.6292,243.6747
2024-04-30 04:00:00,0.0,6.9051,246.774
2024-04-30 05:00:00,0.0,8.4207,249.0288
2024-04-30 06:00:00,0.0,14.2603,263.0347
2024-04-30 07:00:00,42.6011,7.3672,267.3082
2024-04-30 08:00:00,188.3708,4.5233,251.9343
2024-04-30 09:00:00,255.2871,14.5441,282.7146
2024-04-30 10:00:00,326.6938,32.6333,345.3311
2024-04-30 11:00:00,373.5186,136.865,363.7876
2024-04-30 12:00:00,341.3458,170.0058,367.0141
2024-04-30 13:00:00,330.0019,148.805,433.318
2024-04-30 14:00:00,333.7142,124.407,442.2373
2024-04-30 15:00:00,341.1224,179.1876,420.3649
2024-04-30 16:00:00,220.0637,174.235,418.0212
2024-04-30 17:00:00,83.0315,153.6273,494.4547
2024-04-30 18:00:00,23.6856,173.4062,480.5683
2024-04-30 19:00:00,0.0,105.7551,468.7958
2024-04-30 20:00:00,0.0,113.4363,495.7059
2024-04-30 21:00:00,0.0,123.1766,490.7502
2024-04-30 22:00:00,0.0,108.0265,463.2078
2024-04-30 23:00:00,0.0,77.0161,422.2971
2024-05-01 00:00:00,0.0,96.3495,377.1626
2024-05-01 01:00:00,0.0,97.9834,320.439
2024-05-01 02:00:00,0.0,91.6369,258.2847
2024-05-01 03:00:00,0.0,70.9323,285.2682
2024-05-01 04:00:00,0.0,62.1344,224.9092
2024-05-01 05:00:00,0.0,47.6128,223.0168
2024-05-01 06:00:00,0.0,27.7405,215.6686
2024-05-01 07:00:00,54.3534,16.7398,225.7955
2024-05-01 08:00:00,195.9677,30.3095,139.7532
2024-05-01 09:00:00,329.7205,66.0244,127.4589
2024-05-01 10:00:00,393.4812,142.22,128.7019
2024-05-01 11:00:00,405.0493,135.4576,122.7367
2024-05-01 12:00:00,354.537,185.2817,170.9995
2024-05-01 13:00:00,313.3371,165.0699,170.9492
2024-05-01 14:00:00,293.0378,142.4519,205.6156
2024-05-01 15:00:00,269.8519,152.3933,246.5702
2024-05-01 16:00:00,219.1581,161.9553,259.4459
2024-05-01 17:00:00,49.0281,148.6903,293.8104
2024-05-01 18:00:00,10.7017,111.7295,405.3503
2024-05-01 19:00:00,0.0,116.0051,425.7792
2024-05-01 20:00:00,0.0,92.9899,404.2956
2024-05-01 21:00:00,0.0,72.606,433.9511
2024-05-01 22:00:00,0.0,73.7615,432.6649
2024-05-01 23:00:00,0.0,46.6292,363.2524
2024-05-02 00:00:00,0.0,58.9159,316.3633
2024-05-02 01:00:00,0.0,70.2385,289.0474
2024-05-02 02:00:00,0.0,41.3176,267.9274
2024-05-02 03:00:00,0.0,36.7134,276.1723
2024-05-02 04:00:00,0.0,24.9526,252.3463
2024-05-02 05:00:00,0.0,15.6563,244.1369
2024-05-02 06:00:00,0.0,14.2031,254.0572
2024-05-02 07:00:00,53.7698,14.9785,254.2823
2024-05-02 08:00:00,204.2555,41.0711,252.7194
2024-05-02 09:00:00,302.0914,137.6038,252.0146
2024-05-02 10:00:00,395.5843,147.9416,236.8787
2024-05-02 11:00:00,383.2241,131.6241,187.6383
2024-05-02 12:00:00,404.3764,162.6376,195.1283
2024-05-02 13:00:00,382.1449,150.8749,236.8064
2024-05-02 14:00:00,347.4353,148.103,383.5929
2024-05-02 15:00:00,276.6532,174.4243,429.9751
2024-05-02 16:00:00,142.0535,175.0502,460.2313
2024-05-02 17:00:00,77.0259,98.1309,526.948
2024-05-02 18:00:00,31.4256,67.585,513.2573
2024-05-02 19:00:00,0.0,56.5334,533.4789
2024-05-02 20:00:00,0.0,55.1707,554.7687
2024-05-02 21:00:00,0.0,23.1219,539.7208
2024-05-02 22:00:00,0.0,22.1081,527.4321
2024-05-02 23:00:00,0.0,46.7785,522.3069
2024-05-03 00:00:00,0.0,42.1181,451.6286
2024-05-03 01:00:00,0.0,37.161,452.7876
2024-05-03 02:00:00,0.0,25.6837,376.603
2024-05-03 03:00:00,0.0,15.7429,347.1868
2024-05-03 04:00:00,0.0,11.8157,301.1052
2024-05-03 05:00:00,0.0,11.975,297.3771
2024-05-03 06:00:00,0.0,7.7696,309.715
2024-05-03 07:00:00,65.4718,2.9976,297.1749
2024-05-03 08:00:00,205.6009,1.7054,327.0253
2024-05-03 09:00:00,329.7174,0.9579,329.5427
2024-05-03 10:00:00,391.1226,3.4016,340.2597
2024-05-03 11:00:00,424.8986,21.2166,345.1197
2024-05-03 12:00:00,482.5193,32.0996,330.9632
2024-05-03 13:00:00,455.0215,56.5098,350.7479
2024-05-03 14:00:00,326.6016,41.8375,367.5361
2024-05-03 15:00:00,308.2766,35.5642,436.0507
2024-05-03 16:00:00,194.8279,31.7328,527.7697
2024-05-03 17:00:00,86.8664,21.5441,543.0863
2024-05-03 18:00:00,21.2266,8.3921,561.8958
2024-05-03 19:00:00,0.0,9.227,543.2873
2024-05-03 20:00:00,0.0,8.8599,515.6022
2024-05-03 21:00:00,0.0,5.8778,507.5504
2024-05-03 22:00:00,0.0,5.2473,518.0453
2024-05-03 23:00:00,0.0,0.7501,451.1665
2024-05-04 00:00:00,0.0,0.154,346.5337
2024-05-04 01:00:00,0.0,0.0803,375.2513
2024-05-04 02:00:00,0.0,0.0931,327.8272
2024-05-04 03:00:00,0.0,0.1189,306.4734
2024-05-04 04:00:00,0.0,0.1552,368.3219
2024-05-04 05:00:00,0.0,0.2171,372.4388
2024-05-04 06:00:00,0.0,0.2737,350.9407
2024-05-04 07:00:00,57.0224,0.345,388.7098
2024-05-04 08:00:00,162.9132,0.4722,390.8955
2024-05-04 09:00:00,212.552,0.5604,382.7953
2024-05-04 10:00:00,333.3757,0.6951,382.7031
2024-05-04 11:00:00,401.4245,0.8023,357.7386
2024-05-04 12:00:00,409.543,2.0011,333.1195
2024-05-04 13:00:00,414.4981,20.095,336.9544
2024-05-04 14:00:00,307.1967,36.5157,369.844
2024-05-04 15:00:00,218.0362,55.5678,405.4939
2024-05-04 16:00:00,101.1197,27.397,445.3001
2024-05-04 17:00:00,72.4556,31.4877,366.344
2024-05-04 18:00:00,23.5991,12.6243,402.5082
2024-05-04 19:00:00,0.0,0.0906,419.624
2024-05-04 20:00:00,0.0,5.0605,408.5534
2024-05-04 21:00:00,0.0,0.271,409.8973
2024-05-04 22:00:00,0.0,0.5034,379.3594
2024-05-04 23:00:00,0.0,1.2114,337.7672
2024-05-05 00:00:00,0.0,4.0411,329.6605
2024-05-05 01:00:00,0.0,4.6348,305.2125
2024-05-05 02:00:00,0.0,3.5692,295.2457
2024-05-05 03:00:00,0.0,0.8777,284.4519
2024-05-05 04:00:00,0.0,1.394,267.591
2024-05-05 05:00:00,0.0,0.8149,261.967
2024-05-05 06:00:00,0.0,1.0268,290.4572
2024-05-05 07:00:00,51.7905,1.1084,293.1327
2024-05-05 08:00:00,170.1315,1.9129,309.753
2024-05-05 09:00:00,270.2232,1.6997,317.7423
2024-05-05 10:00:00,357.605,1.0889,314.8039
2024-05-05 11:00:00,384.3031,1.5122,329.7617
2024-05-05 12:00:00,430.4758,5.7177,319.5684
2024-05-05 13:00:00,423.419,12.1806,296.7096
2024-05-05 14:00:00,348.6079,33.8353,305.0221
2024-05-05 15:00:00,359.4216,21.8312,305.5421
2024-05-05 16:00:00,243.3475,15.7377,293.5709
2024-05-05 17:00:00,122.1245,18.7187,272.0442
2024-05-05 18:00:00,29.5885,89.5858,253.8721
2024-05-05 19:00:00,0.0,134.5288,272.6176
2024-05-05 20:00:00,0.0,85.833,310.1873
2024-05-05 21:00:00,0.0,100.7497,316.1903
2024-05-05 22:00:00,0.0,132.8866,298.7455
2024-05-05 23:00:00,0.0,110.8696,258.846
2024-05-06 00:00:00,0.0,92.3587,253.3653
2024-05-06 01:00:00,0.0,73.5534,254.8772
2024-05-06 02:00:00,0.0,46.1875,257.4925
2024-05-06 03:00:00,0.0,51.4801,234.1194
2024-05-06 04:00:00,0.0,60.7667,278.2058
2024-05-06 05:00:00,0.0,86.1377,264.0342
2024-05-06 06:00:00,0.0,86.0868,251.3038
2024-05-06 07:00:00,60.7562,86.7619,246.4024
2024-05-06 08:00:00,205.915,69.1131,268.525
2024-05-06 09:00:00,322.2481,106.7917,299.5978
2024-05-06 10:00:00,407.748,102.213,303.0493
2024-05-06 11:00:00,425.9751,112.0351,301.7981
2024-05-06 12:00:00,438.8466,105.7627,344.8764
2024-05-06 13:00:00,429.1421,104.5648,353.6491
2024-05-06 14:00:00,421.9679,95.8332,363.187
2024-05-06 15:00:00,324.9208,158.7449,336.0682
2024-05-06 16:00:00,224.1906,197.978,335.8637
2024-05-06 17:00:00,110.2672,219.414,329.4997
2024-05-06 18:00:00,18.0364,181.2526,345.5456
2024-05-06 19:00:00,0.0,151.0923,363.6123
2024-05-06 20:00:00,0.0,119.3332,363.8239
2024-05-06 21:00:00,0.0,93.6992,395.7839
2024-05-06 22:00:00,0.0,39.0655,425.6883
2024-05-06 23:00:00,0.0,51.5547,404.1721
2024-05-07 00:00:00,0.0,29.024,396.1788
2024-05-07 01:00:00,0.0,35.7472,360.3454
2024-05-07 02:00:00,0.0,50.3559,252.2909
2024-05-07 03:00:00,0.0,23.0617,227.172
2024-05-07 04:00:00,0.0,34.7595,196.6596
2024-05-07 05:00:00,0.0,38.0888,166.3782
2024-05-07 06:00:00,0.0,41.7968,155.4945
2024-05-07 07:00:00,56.6774,106.4313,160.7854
2024-05-07 08:00:00,181.0196,45.6447,216.658
2024-05-07 09:00:00,315.1843,46.0956,234.0555
2024-05-07 10:00:00,313.6615,51.9686,229.4075
2024-05-07 11:00:00,387.0824,37.3302,233.0574
2024-05-07 12:00:00,377.483,93.2378,262.9797
2024-05-07 13:00:00,319.37,91.8456,344.8951
2024-05-07 14:00:00,282.5265,62.6265,339.2356
2024-05-07 15:00:00,121.9173,52.0686,382.4388
2024-05-07 16:00:00,90.9571,2.7251,525.1005
2024-05-07 17:00:00,37.3139,8.6463,459.3123
2024-05-07 18:00:00,7.1671,11.3164,387.2828
2024-05-07 19:00:00,0.0,8.4225,486.7965
2024-05-07 20:00:00,0.0,5.1347,499.6514
2024-05-07 21:00:00,0.0,5.9751,479.8102
2024-05-07 22:00:00,0.0,0.319,457.3755
2024-05-07 23:00:00,0.0,0.8258,427.3603
2024-05-08 00:00:00,0.0,1.4245,339.8593
2024-05-08 01:00:00,0.0,1.3815,241.3951
2024-05-08 02:00:00,0.0,6.0067,215.2399
2024-05-08 03:00:00,0.0,7.8576,190.2378
2024-05-08 04:00:00,0.0,6.6282,183.9641
2024-05-08 05:00:00,0.0,5.7441,168.5674
2024-05-08 06:00:00,0.0,4.8787,162.1361
2024-05-08 07:00:00,37.581,3.6615,176.9588
2024-05-08 08:00:00,120.4296,1.1947,182.1578
2024-05-08 09:00:00,157.92,2.1127,252.5348
2024-05-08 10:00:00,214.5629,1.4557,262.2856
2024-05-08 11:00:00,275.8411,2.8959,238.1188
2024-05-08 12:00:00,286.901,6.5123,200.5581
2024-05-08 13:00:00,196.8473,25.6016,272.6651
2024-05-08 14:00:00,123.3155,47.9567,260.7638
2024-05-08 15:00:00,72.1739,3.0317,372.7135
2024-05-08 16:00:00,27.8102,25.05,405.2475
2024-05-08 17:00:00,5.3644,5.1584,346.825
2024-05-08 18:00:00,2.7929,0.37,396.4285
2024-05-08 19:00:00,0.0,0.8742,450.0855
2024-05-08 20:00:00,0.0,0.6694,444.262
2024-05-08 21:00:00,0.0,0.303,426.5928
2024-05-08 22:00:00,0.0,0.446,410.6212
2024-05-08 23:00:00,0.0,0.9291,374.8451
2024-05-09 00:00:00,0.0,0.3714,299.6828
2024-05-09 01:00:00,0.0,0.6009,303.3043
2024-05-09 02:00:00,0.0,1.2023,271.0459
2024-05-09 03:00:00,0.0,0.4878,268.2738
2024-05-09 04:00:00,0.0,1.0533,267.2946
2024-05-09 05:00:00,0.0,1.0819,256.9204
2024-05-09 06:00:00,0.0,1.3811,284.6301
2024-05-09 07:00:00,38.384,1.0398,248.2245
2024-05-09 08:00:00,115.0538,3.617,364.5443
2024-05-09 09:00:00,190.7361,1.9715,380.9947
2024-05-09 10:00:00,257.7267,0.2261,386.3409
2024-05-09 11:00:00,330.0194,1.3684,353.2942
2024-05-09 12:00:00,382.9657,0.8522,345.2377
2024-05-09 13:00:00,320.9948,0.875,363.1058
2024-05-09 14:00:00,322.734,55.2568,369.6631
2024-05-09 15:00:00,253.8724,31.5735,372.5527
2024-05-09 16:00:00,200.092,16.6332,352.2468
2024-05-09 17:00:00,76.5128,5.0811,307.5913
2024-05-09 18:00:00,17.1229,4.8255,327.1513
2024-05-09 19:00:00,0.0,0.7496,443.1286
2024-05-09 20:00:00,0.0,1.4226,439.9924
2024-05-09 21:00:00,0.0,9.9353,429.4398
2024-05-09 22:00:00,0.0,0.5119,413.2594
2024-05-09 23:00:00,0.0,0.96,380.8626
2024-05-10 00:00:00,0.0,0.1602,284.7442
2024-05-10 01:00:00,0.0,0.1824,248.9733
2024-05-10 02:00:00,0.0,0.3476,227.4941
2024-05-10 03:00:00,0.0,0.6348,222.1534
2024-05-10 04:00:00,0.0,0.9768,239.484
2024-05-10 05:00:00,0.0,0.915,251.8364
2024-05-10 06:00:00,0.0,5.4903,231.682
2024-05-10 07:00:00,62.2918,4.2708,187.5924
2024-05-10 08:00:00,136.1814,6.1372,248.7242
2024-05-10 09:00:00,270.7731,3.4876,317.2678
2024-05-10 10:00:00,378.4279,1.7698,353.221
2024-05-10 11:00:00,356.484,2.2034,352.498
2024-05-10 12:00:00,362.1206,1.5628,342.9919
2024-05-10 13:00:00,376.7759,2.211,357.9188
2024-05-10 14:00:00,297.3038,28.008,392.8126
2024-05-10 15:00:00,368.8777,7.1441,372.3016
2024-05-10 16:00:00,179.0699,67.3738,408.7202
2024-05-10 17:00:00,77.4543,27.0059,457.1867
2024-05-10 18:00:00,11.9262,25.4959,507.8957
2024-05-10 19:00:00,0.0,17.978,518.508
2024-05-10 20:00:00,0.0,16.3631,529.626
2024-05-10 21:00:00,0.0,11.6595,489.4283
2024-05-10 22:00:00,0.0,23.8021,504.2832
2024-05-10 23:00:00,0.0,5.6226,424.3273
2024-05-11 00:00:00,0.0,0.658,347.3576
2024-05-11 01:00:00,0.0,0.6771,357.2256
2024-05-11 02:00:00,0.0,14.027,278.0325
2024-05-11 03:00:00,0.0,17.713,259.473
2024-05-11 04:00:00,0.0,2.9931,222.813
2024-05-11 05:00:00,0.0,1.3407,225.9395
2024-05-11 06:00:00,0.0,2.3374,187.1307
2024-05-11 07:00:00,48.4841,2.7482,176.6811
2024-05-11 08:00:00,189.5423,0.6244,148.6092
2024-05-11 09:00:00,287.093,0.4534,159.3592
2024-05-11 10:00:00,288.9338,0.6512,225.8433
2024-05-11 11:00:00,366.4121,0.314,212.4958
2024-05-11 12:00:00,457.1346,0.5857,230.8557
2024-05-11 13:00:00,353.7424,4.9948,226.6785
2024-05-11 14:00:00,293.3627,2.2157,270.5917
2024-05-11 15:00:00,223.0371,13.8991,284.4728
2024-05-11 16:00:00,86.717,18.9231,344.598
2024-05-11 17:00:00,33.4899,11.8022,404.6859
2024-05-11 18:00:00,10.5249,4.4001,377.4014
2024-05-11 19:00:00,0.0,55.8496,415.1411
2024-05-11 20:00:00,0.0,37.2852,527.0505
2024-05-11 21:00:00,0.0,30.3543,547.542
2024-05-11 22:00:00,0.0,4.1285,541.8266
2024-05-11 23:00:00,0.0,22.2772,513.7891
2024-05-12 00:00:00,0.0,26.9945,489.0755
2024-05-12 01:00:00,0.0,46.547,428.5566
2024-05-12 02:00:00,0.0,102.1307,445.691
2024-05-12 03:00:00,0.0,168.357,394.0114
2024-05-12 04:00:00,0.0,149.8946,401.5836
2024-05-12 05:00:00,0.0,146.0034,393.1472
2024-05-12 06:00:00,0.0,73.5033,460.2914
2024-05-12 07:00:00,37.3013,103.4284,425.9624
2024-05-12 08:00:00,119.7362,50.3785,432.0048
2024-05-12 09:00:00,156.5831,4.6847,457.2764
2024-05-12 10:00:00,198.2784,1.3753,402.0671
2024-05-12 11:00:00,343.0781,0.6836,338.9328
2024-05-12 12:00:00,371.8574,3.2116,298.202
2024-05-12 13:00:00,277.8207,15.9383,280.9304
2024-05-12 14:00:00,203.3772,66.7628,238.709
2024-05-12 15:00:00,182.2538,12.6841,255.8683
2024-05-12 16:00:00,129.5988,18.0492,180.4222
2024-05-12 17:00:00,46.7378,13.0408,197.9964
2024-05-12 18:00:00,13.8585,6.4966,220.1431
2024-05-12 19:00:00,0.0,21.8559,332.9695
2024-05-12 20:00:00,0.0,61.3005,352.4925
2024-05-12 21:00:00,0.0,70.6965,344.8756
2024-05-12 22:00:00,0.0,93.7415,363.6095
2024-05-12 23:00:00,0.0,65.9186,358.9484
2024-05-13 00:00:00,0.0,24.834,341.692
2024-05-13 01:00:00,0.0,16.8982,326.222
2024-05-13 02:00:00,0.0,15.1834,297.06
2024-05-13 03:00:00,0.0,13.7444,318.7699
2024-05-13 04:00:00,0.0,12.606,302.9863
2024-05-13 05:00:00,0.0,14.9796,326.7364
2024-05-13 06:00:00,0.0,19.0294,343.8449
2024-05-13 07:00:00,61.9562,6.371,375.7485
2024-05-13 08:00:00,196.3554,5.0374,389.4136
2024-05-13 09:00:00,321.5988,17.5104,374.2737
2024-05-13 10:00:00,352.8329,41.5917,387.3571
2024-05-13 11:00:00,419.1167,45.132,399.0225
2024-05-13 12:00:00,433.6775,35.9734,396.1237
2024-05-13 13:00:00,376.1006,42.8633,389.6112
2024-05-13 14:00:00,350.883,74.3481,380.6966
2024-05-13 15:00:00,217.8587,22.5668,337.8081
2024-05-13 16:00:00,141.2436,131.6373,308.1339
2024-05-13 17:00:00,44.1449,71.4822,241.7768
2024-05-13 18:00:00,9.3969,97.3283,250.2154
2024-05-13 19:00:00,0.0,119.0758,267.9652
2024-05-13 20:00:00,0.0,70.232,342.4645
2024-05-13 21:00:00,0.0,91.4359,323.797
2024-05-13 22:00:00,0.0,82.8282,308.549
2024-05-13 23:00:00,0.0,64.4469,334.9607
2024-05-14 00:00:00,0.0,47.4998,348.8506
2024-05-14 01:00:00,0.0,35.1117,266.44
2024-05-14 02:00:00,0.0,12.976,204.5604
2024-05-14 03:00:00,0.0,21.8924,187.3945
2024-05-14 04:00:00,0.0,11.9047,173.5434
2024-05-14 05:00:00,0.0,15.623,170.3715
2024-05-14 06:00:00,0.0,16.5744,144.6127
2024-05-14 07:00:00,46.5643,15.1287,145.7782
2024-05-14 08:00:00,151.6185,6.4326,292.4362
2024-05-14 09:00:00,188.8434,1.6015,314.1936
2024-05-14 10:00:00,201.3739,10.6292,335.4013
2024-05-14 11:00:00,229.7587,39.6392,322.1604
2024-05-14 12:00:00,222.2502,19.5257,414.3148
2024-05-14 13:00:00,168.2799,12.361,408.9747
2024-05-14 14:00:00,91.6185,5.5418,444.1812
2024-05-14 15:00:00,69.6463,4.362,437.306
2024-05-14 16:00:00,31.2634,11.2029,427.9689
2024-05-14 17:00:00,13.8551,12.8859,365.8981
2024-05-14 18:00:00,3.2881,23.0047,383.9605
2024-05-14 19:00:00,0.0,19.6711,383.5305
2024-05-14 20:00:00,0.0,13.5744,312.7465
2024-05-14 21:00:00,0.0,10.4759,334.0292
2024-05-14 22:00:00,0.0,18.7513,328.9059
2024-05-14 23:00:00,0.0,6.1817,350.453
2024-05-15 00:00:00,0.0,4.2956,372.1373
2024-05-15 01:00:00,0.0,0.2051,356.7839
2024-05-15 02:00:00,0.0,0.5003,345.3208
2024-05-15 03:00:00,0.0,0.2263,340.0968
2024-05-15 04:00:00,0.0,0.4332,313.752
2024-05-15 05:00:00,0.0,0.6494,312.8866
2024-05-15 06:00:00,0.0,0.9263,369.3499
2024-05-15 07:00:00,35.8433,1.046,324.8602
2024-05-15 08:00:00,76.88,1.8903,392.3186
2024-05-15 09:00:00,188.0951,4.6357,329.0651
2024-05-15 10:00:00,260.5436,0.9449,313.2677
2024-05-15 11:00:00,282.9364,6.1844,313.0895
2024-05-15 12:00:00,320.8588,8.6543,294.9743
2024-05-15 13:00:00,348.1265,6.1003,294.6273
2024-05-15 14:00:00,218.3367,32.3201,316.6066
2024-05-15 15:00:00,186.7035,5.3718,334.2876
2024-05-15 16:00:00,99.0283,8.2536,351.7273
2024-05-15 17:00:00,28.5243,6.8886,398.1721
2024-05-15 18:00:00,7.2082,3.0811,368.1966
2024-05-15 19:00:00,0.0,0.4887,485.5615
2024-05-15 20:00:00,0.0,0.3156,560.9859
2024-05-15 21:00:00,0.0,0.4583,547.6362
2024-05-15 22:00:00,0.0,0.6849,563.0255
2024-05-15 23:00:00,0.0,1.0855,580.0681
2024-05-16 00:00:00,0.0,1.9149,572.0055
2024-05-16 01:00:00,0.0,6.013,585.8972
2024-05-16 02:00:00,0.0,5.578,531.65
2024-05-16 03:00:00,0.0,6.6096,527.8844
2024-05-16 04:00:00,0.0,1.7623,496.4588
2024-05-16 05:00:00,0.0,0.1745,482.9324
2024-05-16 06:00:00,0.0,0.2463,484.947
2024-05-16 07:00:00,43.5814,0.3043,465.0227
2024-05-16 08:00:00,110.9084,0.2848,462.3258
2024-05-16 09:00:00,177.0979,0.5358,426.6689
2024-05-16 10:00:00,220.4573,0.9764,486.9226
2024-05-16 11:00:00,298.7993,1.1804,393.3687
2024-05-16 12:00:00,272.9651,1.2285,346.3024
2024-05-16 13:00:00,307.6045,5.8473,273.5704
2024-05-16 14:00:00,260.9528,33.9473,298.9104
2024-05-16 15:00:00,196.0251,40.3695,307.766
2024-05-16 16:00:00,138.2025,46.1204,427.0533
2024-05-16 17:00:00,48.4125,7.762,520.3833
2024-05-16 18:00:00,15.5023,1.8781,524.0348
2024-05-16 19:00:00,0.0,2.0726,620.9811
2024-05-16 20:00:00,0.0,0.2795,613.7387
2024-05-16 21:00:00,0.0,0.331,630.8689
2024-05-16 22:00:00,0.0,0.4878,619.8891
2024-05-16 23:00:00,0.0,0.6603,560.0776
2024-05-17 00:00:00,0.0,0.989,522.4477
2024-05-17 01:00:00,0.0,1.2206,481.4033
2024-05-17 02:00:00,0.0,1.9082,433.7226
2024-05-17 03:00:00,0.0,0.8926,375.6054
2024-05-17 04:00:00,0.0,0.4254,376.5135
2024-05-17 05:00:00,0.0,1.72,359.8809
2024-05-17 06:00:00,0.0,2.0039,376.3021
2024-05-17 07:00:00,51.0582,2.7534,409.3352
2024-05-17 08:00:00,155.338,1.0241,419.8867
2024-05-17 09:00:00,258.7669,1.4478,442.0974
2024-05-17 10:00:00,300.2364,1.7316,463.3565
2024-05-17 11:00:00,309.9781,5.6719,507.2471
2024-05-17 12:00:00,347.8495,5.1324,472.9832
2024-05-17 13:00:00,380.4119,3.5551,481.1207
2024-05-17 14:00:00,370.3187,0.8555,511.587
2024-05-17 15:00:00,326.7704,0.5741,577.3466
2024-05-17 16:00:00,255.2676,0.693,646.6627
2024-05-17 17:00:00,133.8323,28.0833,648.0555
2024-05-17 18:00:00,16.2683,20.1425,742.5605
2024-05-17 19:00:00,0.0,14.9948,764.4223
2024-05-17 20:00:00,0.0,15.9053,753.7067
2024-05-17 21:00:00,0.0,21.4119,748.1394
2024-05-17 22:00:00,0.0,5.7462,740.3342
2024-05-17 23:00:00,0.0,0.6237,709.8044
2024-05-18 00:00:00,0.0,0.6511,661.657
2024-05-18 01:00:00,0.0,1.1004,500.3039
2024-05-18 02:00:00,0.0,2.77,404.6961
2024-05-18 03:00:00,0.0,1.2056,381.8594
2024-05-18 04:00:00,0.0,2.0165,362.6974
2024-05-18 05:00:00,0.0,4.877,362.0404
2024-05-18 06:00:00,0.0,5.1697,314.2275
2024-05-18 07:00:00,60.8149,3.7687,319.1282
2024-05-18 08:00:00,129.4132,3.6857,334.6659
2024-05-18 09:00:00,251.1513,2.1726,339.9117
2024-05-18 10:00:00,351.1437,1.5667,370.0206
2024-05-18 11:00:00,393.4358,4.0729,391.3628
2024-05-18 12:00:00,288.2383,1.0453,450.8496
2024-05-18 13:00:00,315.3253,10.9787,440.6493
2024-05-18 14:00:00,279.1995,15.9547,422.59
2024-05-18 15:00:00,164.9529,95.4192,429.3422
2024-05-18 16:00:00,61.9304,112.0651,498.425
2024-05-18 17:00:00,43.9597,105.3188,513.0186
2024-05-18 18:00:00,21.0921,89.8713,572.6101
2024-05-18 19:00:00,0.0,105.1481,631.1833
2024-05-18 20:00:00,0.0,138.1273,584.2071
2024-05-18 21:00:00,0.0,83.2339,552.8128
2024-05-18 22:00:00,0.0,67.7149,493.2958
2024-05-18 23:00:00,0.0,39.5748,475.8653
2024-05-19 00:00:00,0.0,26.0452,414.3828
2024-05-19 01:00:00,0.0,20.19,395.4745
2024-05-19 02:00:00,0.0,17.1159,349.9386
2024-05-19 03:00:00,0.0,8.6435,336.5601
2024-05-19 04:00:00,0.0,15.7945,294.1402
2024-05-19 05:00:00,0.0,19.5453,239.3789
2024-05-19 06:00:00,0.0,26.2419,223.877
2024-05-19 07:00:00,59.7317,33.7925,148.8451
2024-05-19 08:00:00,177.1631,38.3972,126.5285
2024-05-19 09:00:00,228.1597,44.3759,123.0818
2024-05-19 10:00:00,277.2085,94.7668,139.3427
2024-05-19 11:00:00,299.9061,104.1579,135.3337
2024-05-19 12:00:00,381.8487,126.9384,181.0654
2024-05-19 13:00:00,386.5514,82.3439,179.0106
2024-05-19 14:00:00,335.0609,99.8325,190.42
2024-05-19 15:00:00,307.0344,163.3083,211.5594
2024-05-19 16:00:00,190.4539,165.8352,310.1888
2024-05-19 17:00:00,129.4034,164.7108,335.6339
2024-05-19 18:00:00,28.2467,138.6483,311.6497
2024-05-19 19:00:00,0.0,118.5464,379.7626
2024-05-19 20:00:00,0.0,88.6968,392.2075
2024-05-19 21:00:00,0.0,76.0806,452.2359
2024-05-19 22:00:00,0.0,71.1656,419.963
2024-05-19 23:00:00,0.0,57.5246,306.8024
2024-05-20 00:00:00,0.0,53.762,286.1677
2024-05-20 01:00:00,0.0,66.3074,308.6248
2024-05-20 02:00:00,0.0,31.7661,188.3894
2024-05-20 03:00:00,0.0,38.5517,164.019
2024-05-20 04:00:00,0.0,21.0284,133.1521
2024-05-20 05:00:00,0.0,10.8435,134.3765
2024-05-20 06:00:00,0.0,35.595,222.0931
2024-05-20 07:00:00,37.0172,14.3651,209.8134
2024-05-20 08:00:00,81.4695,66.2721,222.4351
2024-05-20 09:00:00,119.867,75.3362,364.6456
2024-05-20 10:00:00,154.7279,73.8349,375.4063
2024-05-20 11:00:00,144.3755,57.7934,412.0568
2024-05-20 12:00:00,208.276,42.062,426.9081
2024-05-20 13:00:00,265.4251,58.2438,348.291
2024-05-20 14:00:00,208.0723,23.4255,318.6928
2024-05-20 15:00:00,188.2038,46.666,306.7333
2024-05-20 16:00:00,93.7,10.9006,298.1267
2024-05-20 17:00:00,57.5439,4.6917,401.7317
2024-05-20 18:00:00,19.1833,3.246,407.1966
2024-05-20 19:00:00,0.0,86.1656,507.1267
2024-05-20 20:00:00,0.0,37.0626,597.2567
2024-05-20 21:00:00,0.0,14.6241,644.648
2024-05-20 22:00:00,0.0,1.1277,588.8901
2024-05-20 23:00:00,0.0,8.3962,568.6629
2024-05-21 00:00:00,0.0,9.4045,556.2855
2024-05-21 01:00:00,0.0,79.7941,598.2057
2024-05-21 02:00:00,0.0,72.4851,555.8792
2024-05-21 03:00:00,0.0,27.6839,593.5522
2024-05-21 04:00:00,0.0,21.4926,582.2265
2024-05-21 05:00:00,0.0,12.0955,571.4166
2024-05-21 06:00:00,0.0,12.2034,530.3782
2024-05-21 07:00:00,45.3168,13.1945,529.0234
2024-05-21 08:00:00,174.4003,5.1792,530.8797
2024-05-21 09:00:00,296.3479,2.0258,507.6615
2024-05-21 10:00:00,386.1821,3.0661,493.063
2024-05-21 11:00:00,422.9187,6.4251,507.2899
2024-05-21 12:00:00,421.6842,5.0862,515.8418
2024-05-21 13:00:00,349.0501,1.6091,611.7431
2024-05-21 14:00:00,287.858,0.3974,664.7124
2024-05-21 15:00:00,177.747,0.5185,709.1398
2024-05-21 16:00:00,88.3592,0.1942,656.006
2024-05-21 17:00:00,45.1677,3.4477,581.4678
2024-05-21 18:00:00,12.975,0.2619,568.7165
2024-05-21 19:00:00,0.0,0.489,597.6571
2024-05-21 20:00:00,0.0,0.795,624.9261
2024-05-21 21:00:00,0.0,2.8276,630.0802
2024-05-21 22:00:00,0.0,3.6143,608.6475
2024-05-21 23:00:00,0.0,4.2471,593.7709
2024-05-22 00:00:00,0.0,9.9073,569.9916
2024-05-22 01:00:00,0.0,7.8777,550.552
2024-05-22 02:00:00,0.0,12.249,491.5833
2024-05-22 03:00:00,0.0,17.2603,460.2301
2024-05-22 04:00:00,0.0,1.0251,482.7606
2024-05-22 05:00:00,0.0,1.032,486.0753
2024-05-22 06:00:00,0.0,1.1198,436.0221
2024-05-22 07:00:00,31.2111,1.1238,467.0373
2024-05-22 08:00:00,120.8866,1.1137,546.0172
2024-05-22 09:00:00,200.6265,1.2565,544.5993
2024-05-22 10:00:00,312.7887,2.0095,513.0145
2024-05-22 11:00:00,317.519,1.3224,578.9836
2024-05-22 12:00:00,357.7602,1.6915,515.0475
2024-05-22 13:00:00,361.8531,5.7247,547.5486
2024-05-22 14:00:00,341.579,12.6225,526.5638
2024-05-22 15:00:00,220.026,66.104,488.7961
2024-05-22 16:00:00,131.2476,58.4296,471.6651
2024-05-22 17:00:00,38.3097,2.9176,501.0546
2024-05-22 18:00:00,20.3867,3.605,419.1473
2024-05-22 19:00:00,0.0,2.1072,567.7621
2024-05-22 20:00:00,0.0,1.8584,531.7366
2024-05-22 21:00:00,0.0,5.0392,578.5426
2024-05-22 22:00:00,0.0,1.8798,549.4091
2024-05-22 23:00:00,0.0,3.2554,569.2554
2024-05-23 00:00:00,0.0,8.1551,581.8839
2024-05-23 01:00:00,0.0,1.8489,581.7781
2024-05-23 02:00:00,0.0,5.4107,546.5029
2024-05-23 03:00:00,0.0,7.7677,577.4637
2024-05-23 04:00:00,0.0,3.3625,562.2579
2024-05-23 05:00:00,0.0,2.3632,576.3524
2024-05-23 06:00:00,0.0,0.7292,588.3985
2024-05-23 07:00:00,31.4478,0.8401,591.8006
2024-05-23 08:00:00,117.869,4.1825,673.3066
2024-05-23 09:00:00,176.8582,2.0811,699.6024
2024-05-23 10:00:00,226.5232,0.2592,638.8621
2024-05-23 11:00:00,235.1357,0.215,698.5076
2024-05-23 12:00:00,239.5219,0.362,707.6344
2024-05-23 13:00:00,299.4608,0.6089,644.1517
2024-05-23 14:00:00,217.4129,0.5187,728.8618
2024-05-23 15:00:00,198.2444,3.3928,760.2205
2024-05-23 16:00:00,138.9405,10.7519,752.2789
2024-05-23 17:00:00,96.2264,17.8273,688.903
2024-05-23 18:00:00,31.4039,1.0406,671.045
2024-05-23 19:00:00,0.0,0.1085,628.8677
2024-05-23 20:00:00,0.0,0.0891,621.4257
2024-05-23 21:00:00,0.0,0.1302,557.3094
2024-05-23 22:00:00,0.0,0.2035,542.8583
2024-05-23 23:00:00,0.0,11.4776,531.2914
2024-05-24 00:00:00,0.0,10.1158,410.1547
2024-05-24 01:00:00,0.0,0.3532,370.4101
2024-05-24 02:00:00,0.0,1.8897,386.4751
2024-05-24 03:00:00,0.0,0.7681,383.9833
2024-05-24 04:00:00,0.0,2.6993,348.9247
2024-05-24 05:00:00,0.0,2.361,388.4248
2024-05-24 06:00:00,0.0,0.2193,381.3549
2024-05-24 07:00:00,40.5473,0.3218,396.7386
2024-05-24 08:00:00,107.9888,0.5077,532.4283
2024-05-24 09:00:00,157.9514,0.724,550.2521
2024-05-24 10:00:00,228.9948,0.8908,550.1639
2024-05-24 11:00:00,299.7948,0.2825,539.7812
2024-05-24 12:00:00,361.1124,0.3986,535.827
2024-05-24 13:00:00,362.3488,0.3072,575.0302
2024-05-24 14:00:00,339.0538,0.4879,642.6062
2024-05-24 15:00:00,306.2329,32.4597,520.071
2024-05-24 16:00:00,135.1605,67.467,515.1766
2024-05-24 17:00:00,44.0858,59.0746,522.7566
2024-05-24 18:00:00,12.3853,1.0737,516.9786
2024-05-24 19:00:00,0.0,0.2713,546.2705
2024-05-24 20:00:00,0.0,0.3137,571.7824
2024-05-24 21:00:00,0.0,0.6152,572.8843
2024-05-24 22:00:00,0.0,1.0719,545.5562
2024-05-24 23:00:00,0.0,1.1672,544.8481
2024-05-25 00:00:00,0.0,0.4748,475.9246
2024-05-25 01:00:00,0.0,4.1743,409.4047
2024-05-25 02:00:00,0.0,0.8316,392.5162
2024-05-25 03:00:00,0.0,1.667,373.7987
2024-05-25 04:00:00,0.0,1.1885,377.4768
2024-05-25 05:00:00,0.0,0.5591,325.9446
2024-05-25 06:00:00,0.0,1.4115,331.0301
2024-05-25 07:00:00,39.4922,1.3794,326.2186
2024-05-25 08:00:00,144.7606,3.0264,372.9783
2024-05-25 09:00:00,278.6698,0.6549,380.3542
2024-05-25 10:00:00,299.6406,3.4087,431.3263
2024-05-25 11:00:00,328.3809,3.0677,438.5393
2024-05-25 12:00:00,299.7974,88.8661,447.9698
2024-05-25 13:00:00,251.8215,3.4083,524.2463
2024-05-25 14:00:00,305.6203,40.4657,425.1494
2024-05-25 15:00:00,184.4735,56.1168,545.665
2024-05-25 16:00:00,91.9347,42.1851,530.2224
2024-05-25 17:00:00,53.3104,50.0939,522.7801
2024-05-25 18:00:00,14.3328,44.5531,549.8349
2024-05-25 19:00:00,0.0,65.4737,567.4443
2024-05-25 20:00:00,0.0,12.9126,643.7402
2024-05-25 21:00:00,0.0,5.2552,640.4123
2024-05-25 22:00:00,0.0,20.137,573.1428
2024-05-25 23:00:00,0.0,65.4413,553.619
2024-05-26 00:00:00,0.0,74.6405,511.0219
2024-05-26 01:00:00,0.0,30.8114,471.255
2024-05-26 02:00:00,0.0,39.4497,459.3389
2024-05-26 03:00:00,0.0,25.1775,439.1739
2024-05-26 04:00:00,0.0,15.3981,382.3257
2024-05-26 05:00:00,0.0,35.2987,391.4202
2024-05-26 06:00:00,0.0,22.0683,378.7149
2024-05-26 07:00:00,43.219,31.8317,357.3503
2024-05-26 08:00:00,162.4584,16.1346,376.2056
2024-05-26 09:00:00,279.5342,80.4291,374.4705
2024-05-26 10:00:00,349.7044,53.868,463.9223
2024-05-26 11:00:00,355.9206,96.1389,529.6581
2024-05-26 12:00:00,402.4511,87.3244,523.3095
2024-05-26 13:00:00,382.4231,79.9694,559.4494
2024-05-26 14:00:00,297.1186,113.817,654.303
2024-05-26 15:00:00,196.7586,80.2052,636.7718
2024-05-26 16:00:00,134.8409,166.4695,544.8482
2024-05-26 17:00:00,99.2353,110.9959,557.1122
2024-05-26 18:00:00,35.9741,125.3874,571.9901
2024-05-26 19:00:00,0.0,117.9683,594.5592
2024-05-26 20:00:00,0.0,98.0962,635.7736
2024-05-26 21:00:00,0.0,80.8972,636.5426
2024-05-26 22:00:00,0.0,114.6348,631.2177
2024-05-26 23:00:00,0.0,87.8184,567.5503
2024-05-27 00:00:00,0.0,43.0514,581.8564
2024-05-27 01:00:00,0.0,49.1223,546.8107
2024-05-27 02:00:00,0.0,33.8191,510.9639
2024-05-27 03:00:00,0.0,40.3221,481.3521
2024-05-27 04:00:00,0.0,42.7702,438.1467
2024-05-27 05:00:00,0.0,62.0154,406.5622
2024-05-27 06:00:00,0.0,50.3302,440.0789
2024-05-27 07:00:00,41.9142,66.4687,408.8289
2024-05-27 08:00:00,134.292,49.5378,469.751
2024-05-27 09:00:00,176.9447,74.3729,502.9521
2024-05-27 10:00:00,194.2233,39.2171,439.3947
2024-05-27 11:00:00,190.3176,10.9148,486.7073
2024-05-27 12:00:00,176.9058,60.3444,511.9851
2024-05-27 13:00:00,246.7856,9.47,507.4331
2024-05-27 14:00:00,205.227,36.7046,541.876
2024-05-27 15:00:00,140.3252,31.0916,543.5248
2024-05-27 16:00:00,66.1774,8.3924,498.4412
2024-05-27 17:00:00,18.2306,4.0899,509.9057
2024-05-27 18:00:00,4.4796,4.2336,548.7321
2024-05-27 19:00:00,0.0,10.422,544.7075
2024-05-27 20:00:00,0.0,11.3858,543.8532
2024-05-27 21:00:00,0.0,9.9124,567.9178
2024-05-27 22:00:00,0.0,26.8546,489.3572
2024-05-27 23:00:00,0.0,35.8396,461.1192
2024-05-28 00:00:00,0.0,78.608,507.2797
2024-05-28 01:00:00,0.0,58.7135,483.9934
2024-05-28 02:00:00,0.0,39.3847,428.4699
2024-05-28 03:00:00,0.0,12.4846,370.2775
2024-05-28 04:00:00,0.0,8.6995,378.5477
2024-05-28 05:00:00,0.0,6.8576,372.9627
2024-05-28 06:00:00,0.0,2.469,357.2752
2024-05-28 07:00:00,50.9009,9.5146,363.6959
2024-05-28 08:00:00,170.422,0.3447,408.9705
2024-05-28 09:00:00,243.6392,0.5397,500.7463
2024-05-28 10:00:00,324.5746,1.6104,513.4212
2024-05-28 11:00:00,347.4748,1.8011,487.6
2024-05-28 12:00:00,405.2499,3.2208,499.4647
2024-05-28 13:00:00,389.428,0.1405,541.7784
2024-05-28 14:00:00,363.3932,0.2474,566.3094
2024-05-28 15:00:00,289.6397,0.6162,606.6694
2024-05-28 16:00:00,200.7783,3.5751,619.5411
2024-05-28 17:00:00,92.6736,20.441,639.7313
2024-05-28 18:00:00,11.9988,99.2272,591.9717
2024-05-28 19:00:00,0.0,140.3949,603.5734
2024-05-28 20:00:00,0.0,20.0073,678.2501
2024-05-28 21:00:00,0.0,20.1592,667.1813
2024-05-28 22:00:00,0.0,13.9243,657.4068
2024-05-28 23:00:00,0.0,9.0279,584.5574
2024-05-29 00:00:00,0.0,3.9041,615.6892
2024-05-29 01:00:00,0.0,9.0453,598.2962
2024-05-29 02:00:00,0.0,3.9279,611.4194
2024-05-29 03:00:00,0.0,0.864,570.3515
2024-05-29 04:00:00,0.0,0.7246,558.9473
2024-05-29 05:00:00,0.0,2.0801,547.8565
2024-05-29 06:00:00,0.0,1.0117,569.5968
2024-05-29 07:00:00,50.4254,1.2689,568.9506
2024-05-29 08:00:00,156.1975,0.3286,598.4238
2024-05-29 09:00:00,314.9087,0.5127,542.7121
2024-05-29 10:00:00,406.1044,0.7419,501.6341
2024-05-29 11:00:00,426.5082,0.7688,483.3453
2024-05-29 12:00:00,395.9969,0.6983,546.8061
2024-05-29 13:00:00,430.9784,1.5433,577.3902
2024-05-29 14:00:00,395.2945,3.9129,562.7015
2024-05-29 15:00:00,294.7158,26.9076,551.0679
2024-05-29 16:00:00,202.7072,29.8381,583.7203
2024-05-29 17:00:00,70.6364,105.298,571.513
2024-05-29 18:00:00,16.7109,39.9333,602.3326
2024-05-29 19:00:00,0.0,11.071,663.8797
2024-05-29 20:00:00,0.0,3.5389,687.3779
2024-05-29 21:00:00,0.0,0.1361,717.4576
2024-05-29 22:00:00,0.0,0.1009,709.429
2024-05-29 23:00:00,0.0,0.4561,716.737
2024-05-30 00:00:00,0.0,0.9887,758.5818
2024-05-30 01:00:00,0.0,2.7982,709.3232
2024-05-30 02:00:00,0.0,1.8294,720.7351
2024-05-30 03:00:00,0.0,8.8805,718.4337
2024-05-30 04:00:00,0.0,12.1982,714.4112
2024-05-30 05:00:00,0.0,11.1668,657.4416
2024-05-30 06:00:00,0.0,11.9613,708.6197
2024-05-30 07:00:00,33.3717,10.8312,692.6891
2024-05-30 08:00:00,67.4877,16.1911,781.9506
2024-05-30 09:00:00,144.3931,16.5877,774.3222
2024-05-30 10:00:00,265.3756,4.054,699.6434
2024-05-30 11:00:00,283.4982,2.1136,711.0738
2024-05-30 12:00:00,309.0992,0.3774,727.977
2024-05-30 13:00:00,302.7509,0.9294,716.811
2024-05-30 14:00:00,253.0125,3.3186,744.1099
2024-05-30 15:00:00,163.9308,125.4003,709.5091
2024-05-30 16:00:00,93.9596,6.6397,731.2185
2024-05-30 17:00:00,48.951,0.8374,726.411
2024-05-30 18:00:00,17.1487,7.8081,671.0804
2024-05-30 19:00:00,0.0,3.6656,679.2186
2024-05-30 20:00:00,0.0,8.6984,673.2062
2024-05-30 21:00:00,0.0,4.9391,680.4059
2024-05-30 22:00:00,0.0,2.2975,650.1139
2024-05-30 23:00:00,0.0,0.736,649.5058
2024-05-31 00:00:00,0.0,0.1253,669.0684
2024-05-31 01:00:00,0.0,0.1597,621.9118
2024-05-31 02:00:00,0.0,0.459,579.1707
2024-05-31 03:00:00,0.0,0.1753,533.163
2024-05-31 04:00:00,0.0,0.091,509.4379
2024-05-31 05:00:00,0.0,0.091,498.8518
2024-05-31 06:00:00,0.0,0.091,543.8116
2024-05-31 07:00:00,43.2199,0.791,529.8282
2024-05-31 08:00:00,166.9558,0.091,553.4886
2024-05-31 09:00:00,226.375,0.0817,497.6881
2024-05-31 10:00:00,363.9737,0.3034,467.9205
2024-05-31 11:00:00,436.0363,0.5938,459.2323
2024-05-31 12:00:00,398.4393,3.26,473.7693
2024-05-31 13:00:00,438.202,6.2086,478.8727
2024-05-31 14:00:00,425.5745,13.3986,511.7285
2024-05-31 15:00:00,275.5218,32.3876,601.6724
2024-05-31 16:00:00,209.0648,59.8509,616.963
2024-05-31 17:00:00,105.8212,69.1451,629.2162
2024-05-31 18:00:00,24.3092,75.8578,612.5986
2024-05-31 19:00:00,0.0,93.5943,673.0366
2024-05-31 20:00:00,0.0,119.6243,672.2949
2024-05-31 21:00:00,0.0,120.4739,689.1279
2024-05-31 22:00:00,0.0,100.9656,672.4386
2024-05-31 23:00:00,0.0,114.6619,648.2621
2024-06-01 00:00:00,0.0,124.7675,561.261
2024-06-01 01:00:00,0.0,92.4223,608.5572
2024-06-01 02:00:00,0.0,107.1435,577.1329
2024-06-01 03:00:00,0.0,101.5515,554.4214
2024-06-01 04:00:00,0.0,92.2504,492.1394
2024-06-01 05:00:00,0.0,54.9454,493.8139
2024-06-01 06:00:00,0.0,38.2944,438.3548
2024-06-01 07:00:00,84.6815,28.3635,451.4056
2024-06-01 08:00:00,219.9733,22.6608,386.1905
2024-06-01 09:00:00,323.0199,33.494,361.2082
2024-06-01 10:00:00,408.6515,40.6368,364.3019
2024-06-01 11:00:00,427.7538,61.7652,353.7118
2024-06-01 12:00:00,407.1886,54.9743,359.644
2024-06-01 13:00:00,419.2785,47.5829,459.9356
2024-06-01 14:00:00,428.9714,80.046,457.2906
2024-06-01 15:00:00,338.263,75.372,506.1918
2024-06-01 16:00:00,292.9046,83.2572,496.1642
2024-06-01 17:00:00,213.4567,97.0262,489.2571
2024-06-01 18:00:00,122.5387,134.2073,518.9049
2024-06-01 19:00:00,0.0,135.3079,582.2927
2024-06-01 20:00:00,0.0,106.2721,587.6671
2024-06-01 21:00:00,0.0,108.898,596.4118
2024-06-01 22:00:00,0.0,99.4102,547.0185
2024-06-01 23:00:00,0.0,80.7718,548.4511
2024-06-02 00:00:00,0.0,101.5062,571.7261
2024-06-02 01:00:00,0.0,64.3703,541.3522
2024-06-02 02:00:00,0.0,29.2878,453.9892
2024-06-02 03:00:00,0.0,43.5335,361.3238
2024-06-02 04:00:00,0.0,33.9433,334.6234
2024-06-02 05:00:00,0.0,24.1774,334.6613
2024-06-02 06:00:00,0.0,36.4617,331.5848
2024-06-02 07:00:00,49.9345,19.554,333.0645
2024-06-02 08:00:00,172.8346,15.5417,291.4576
2024-06-02 09:00:00,276.8234,9.0237,268.3971
2024-06-02 10:00:00,301.7249,8.1869,215.3555
2024-06-02 11:00:00,269.0033,1.1313,215.9497
2024-06-02 12:00:00,304.7742,2.1557,329.8317
2024-06-02 13:00:00,288.814,3.2647,362.4904
2024-06-02 14:00:00,313.1005,9.694,368.7585
2024-06-02 15:00:00,207.6202,8.9948,433.6705
2024-06-02 16:00:00,162.0767,31.4018,510.1573
2024-06-02 17:00:00,80.8212,34.9891,477.8907
2024-06-02 18:00:00,19.6631,49.1627,556.3007
2024-06-02 19:00:00,0.0,45.0908,632.3226
2024-06-02 20:00:00,0.0,18.7893,729.6123
2024-06-02 21:00:00,0.0,15.5236,737.9218
2024-06-02 22:00:00,0.0,8.0907,745.8583
2024-06-02 23:00:00,0.0,15.8159,714.6766
2024-06-03 00:00:00,0.0,5.7807,720.5681
2024-06-03 01:00:00,0.0,3.3039,655.5863
2024-06-03 02:00:00,0.0,0.7699,535.6395
2024-06-03 03:00:00,0.0,0.6002,471.3163
2024-06-03 04:00:00,0.0,0.8821,441.7262
2024-06-03 05:00:00,0.0,10.8168,439.8022
2024-06-03 06:00:00,0.0,1.7737,398.1959
2024-06-03 07:00:00,45.0155,0.7799,371.0167
2024-06-03 08:00:00,123.853,0.2833,470.9267
2024-06-03 09:00:00,182.5022,0.3001,489.9921
2024-06-03 10:00:00,218.6256,0.7378,439.9823
2024-06-03 11:00:00,227.7283,9.719,409.2966
2024-06-03 12:00:00,185.6279,29.0343,434.4401
2024-06-03 13:00:00,52.0808,114.4412,531.3049
2024-06-03 14:00:00,40.2956,29.2608,589.132
2024-06-03 15:00:00,48.2741,30.3112,597.7053
2024-06-03 16:00:00,33.1107,7.2123,552.2628
2024-06-03 17:00:00,31.6181,3.3197,653.7269
2024-06-03 18:00:00,10.3731,0.9693,677.3292
2024-06-03 19:00:00,0.0,5.9971,687.2317
2024-06-03 20:00:00,0.0,0.1869,696.7605
2024-06-03 21:00:00,0.0,0.4323,704.4954
2024-06-03 22:00:00,0.0,2.6775,707.3386
2024-06-03 23:00:00,0.0,0.6362,627.1273
2024-06-04 00:00:00,0.0,3.3588,603.1079
2024-06-04 01:00:00,0.0,0.7524,530.152
2024-06-04 02:00:00,0.0,1.2946,519.1021
2024-06-04 03:00:00,0.0,12.9145,516.9128
2024-06-04 04:00:00,0.0,6.656,515.1573
2024-06-04 05:00:00,0.0,10.0794,514.6966
2024-06-04 06:00:00,0.0,3.8067,499.4696
2024-06-04 07:00:00,61.3558,0.6923,497.9994
2024-06-04 08:00:00,174.9473,0.4238,505.5468
2024-06-04 09:00:00,290.4592,0.1285,478.6642
2024-06-04 10:00:00,347.4178,0.0654,481.7409
2024-06-04 11:00:00,410.8165,0.0945,463.2125
2024-06-04 12:00:00,400.1597,0.3295,481.8986
2024-06-04 13:00:00,339.8613,1.1362,496.0124
2024-06-04 14:00:00,381.41,12.4031,552.7391
2024-06-04 15:00:00,285.4487,23.4343,589.1965
2024-06-04 16:00:00,192.569,31.9976,616.6509
2024-06-04 17:00:00,106.8166,42.4236,627.2496
2024-06-04 18:00:00,36.4244,0.8984,656.8386
2024-06-04 19:00:00,0.0,0.4068,664.3485
2024-06-04 20:00:00,0.0,5.1364,699.8924
2024-06-04 21:00:00,0.0,3.6855,706.5675
2024-06-04 22:00:00,0.0,0.9648,605.3887
2024-06-04 23:00:00,0.0,5.0978,595.4201
2024-06-05 00:00:00,0.0,10.9375,518.7221
2024-06-05 01:00:00,0.0,8.2663,440.0299
2024-06-05 02:00:00,0.0,10.5097,370.9611
2024-06-05 03:00:00,0.0,7.7021,367.873
2024-06-05 04:00:00,0.0,4.8732,362.3423
2024-06-05 05:00:00,0.0,4.1807,354.0382
2024-06-05 06:00:00,0.0,6.8822,392.9159
2024-06-05 07:00:00,51.926,3.1125,383.2999
2024-06-05 08:00:00,109.1624,0.3303,521.6632
2024-06-05 09:00:00,169.9974,0.2258,603.9145
2024-06-05 10:00:00,286.9195,0.1722,531.5027
2024-06-05 11:00:00,235.4593,1.1636,531.7362
2024-06-05 12:00:00,312.1662,0.9746,544.6603
2024-06-05 13:00:00,233.3436,4.4353,540.3734
2024-06-05 14:00:00,265.4544,0.9556,572.4792
2024-06-05 15:00:00,186.2761,19.763,657.6356
2024-06-05 16:00:00,167.8708,24.9465,608.8067
2024-06-05 17:00:00,70.8841,6.1555,659.2986
2024-06-05 18:00:00,21.5372,1.1925,739.1761
2024-06-05 19:00:00,0.0,1.6695,871.2688
2024-06-05 20:00:00,0.0,20.7825,863.7083
2024-06-05 21:00:00,0.0,7.5858,862.6501
2024-06-05 22:00:00,0.0,4.5611,833.1506
2024-06-05 23:00:00,0.0,8.6816,804.5171
2024-06-06 00:00:00,0.0,9.8962,768.4963
2024-06-06 01:00:00,0.0,8.6617,752.5205
2024-06-06 02:00:00,0.0,5.7835,785.0868
2024-06-06 03:00:00,0.0,8.8559,769.3694
2024-06-06 04:00:00,0.0,8.4407,757.9033
2024-06-06 05:00:00,0.0,9.3272,753.3342
2024-06-06 06:00:00,0.0,4.0862,774.2746
2024-06-06 07:00:00,69.4368,2.8364,768.8535
2024-06-06 08:00:00,172.5254,1.714,833.9868
2024-06-06 09:00:00,285.1709,0.6265,684.07
2024-06-06 10:00:00,362.5086,2.0329,569.382
2024-06-06 11:00:00,375.445,3.2834,567.8992
2024-06-06 12:00:00,265.6386,6.6041,613.8891
2024-06-06 13:00:00,271.4756,29.0318,624.9027
2024-06-06 14:00:00,222.4745,28.2462,572.0648
2024-06-06 15:00:00,175.5309,36.0188,617.4628
2024-06-06 16:00:00,81.0668,15.3408,660.7209
2024-06-06 17:00:00,36.7716,19.6632,757.4603
2024-06-06 18:00:00,8.078,27.0324,743.4032
2024-06-06 19:00:00,0.0,38.7436,785.8284
2024-06-06 20:00:00,0.0,32.3167,767.1385
2024-06-06 21:00:00,0.0,52.9712,866.4456
2024-06-06 22:00:00,0.0,8.6424,879.6244
2024-06-06 23:00:00,0.0,6.9837,859.5592
2024-06-07 00:00:00,0.0,4.4746,851.6659
2024-06-07 01:00:00,0.0,3.7962,863.382
2024-06-07 02:00:00,0.0,3.4752,874.6813
2024-06-07 03:00:00,0.0,6.65,882.8614
2024-06-07 04:00:00,0.0,3.0987,868.1715
2024-06-07 05:00:00,0.0,4.1012,855.407
2024-06-07 06:00:00,0.0,5.675,861.34
2024-06-07 07:00:00,76.7085,3.3791,875.7475
2024-06-07 08:00:00,199.9105,1.7154,891.4293
2024-06-07 09:00:00,303.4197,0.634,846.5847
2024-06-07 10:00:00,372.4436,0.3899,816.4634
2024-06-07 11:00:00,445.552,0.6407,774.5202
2024-06-07 12:00:00,442.6081,1.0378,804.9742
2024-06-07 13:00:00,423.6816,0.789,799.3553
2024-06-07 14:00:00,423.4655,15.1658,805.8967
2024-06-07 15:00:00,344.4827,28.6689,819.4678
2024-06-07 16:00:00,245.5183,36.5084,804.2449
2024-06-07 17:00:00,70.7701,1.3195,818.851
2024-06-07 18:00:00,15.3396,0.7736,864.1911
2024-06-07 19:00:00,0.0,1.069,953.4373
2024-06-07 20:00:00,0.0,0.8311,946.7839
2024-06-07 21:00:00,0.0,1.653,922.2426
2024-06-07 22:00:00,0.0,0.3765,926.4831
2024-06-07 23:00:00,0.0,0.2378,886.9836
2024-06-08 00:00:00,0.0,0.2091,799.4839
2024-06-08 01:00:00,0.0,0.1216,864.122
2024-06-08 02:00:00,0.0,0.2072,887.3844
2024-06-08 03:00:00,0.0,0.3727,775.7455
2024-06-08 04:00:00,0.0,0.5272,821.4641
2024-06-08 05:00:00,0.0,0.3914,822.0481
2024-06-08 06:00:00,0.0,0.8523,812.5383
2024-06-08 07:00:00,44.2828,0.3452,776.9776
2024-06-08 08:00:00,177.6968,0.6007,686.44
2024-06-08 09:00:00,267.1315,0.9497,758.9119
2024-06-08 10:00:00,333.5932,0.7567,741.9304
2024-06-08 11:00:00,378.5561,1.0324,694.7102
2024-06-08 12:00:00,405.1354,2.6695,696.9561
2024-06-08 13:00:00,339.4725,0.4491,692.1399
2024-06-08 14:00:00,399.4439,1.0636,676.8881
2024-06-08 15:00:00,223.1599,6.3325,708.4213
2024-06-08 16:00:00,108.8955,22.3044,732.0519
2024-06-08 17:00:00,59.4251,35.4031,682.9477
2024-06-08 18:00:00,23.2622,1.5281,641.8388
2024-06-08 19:00:00,0.0,3.4409,699.5415
2024-06-08 20:00:00,0.0,0.286,705.9215
2024-06-08 21:00:00,0.0,1.1789,702.3915
2024-06-08 22:00:00,0.0,0.2767,681.9615
2024-06-08 23:00:00,0.0,2.7845,666.8815
2024-06-09 00:00:00,0.0,0.3463,675.5915
2024-06-09 01:00:00,0.0,0.437,661.1215
2024-06-09 02:00:00,0.0,0.5283,698.1015
2024-06-09 03:00:00,0.0,0.6532,691.8915
2024-06-09 04:00:00,0.0,0.8088,686.8315
2024-06-09 05:00:00,0.0,1.0778,694.9877
2024-06-09 06:00:00,0.0,1.0699,684.9262
2024-06-09 07:00:00,38.3159,0.8303,687.7715
2024-06-09 08:00:00,84.4852,1.0243,674.8615
2024-06-09 09:00:00,128.8627,0.7979,553.9499
2024-06-09 10:00:00,124.2375,0.6589,553.2915
2024-06-09 11:00:00,175.1098,1.8394,628.6045
2024-06-09 12:00:00,245.6654,0.0728,622.2552
2024-06-09 13:00:00,272.3316,0.7089,615.355
2024-06-09 14:00:00,240.6035,1.6115,612.0915
2024-06-09 15:00:00,144.9852,2.8745,622.5115
2024-06-09 16:00:00,118.0064,19.7513,602.0715
2024-06-09 17:00:00,35.9362,77.8501,644.2712
2024-06-09 18:00:00,13.9085,6.7022,591.8534
2024-06-09 19:00:00,0.0,11.0723,614.3353
2024-06-09 20:00:00,0.0,12.4278,614.6215
2024-06-09 21:00:00,0.0,6.5263,625.9339
2024-06-09 22:00:00,0.0,3.4427,626.9015
2024-06-09 23:00:00,0.0,1.3908,601.8119
2024-06-10 00:00:00,0.0,1.4604,614.2015
2024-06-10 01:00:00,0.0,3.6649,607.9615
2024-06-10 02:00:00,0.0,0.9709,607.5815
2024-06-10 03:00:00,0.0,0.5573,607.0615
2024-06-10 04:00:00,0.0,1.0179,594.7915
2024-06-10 05:00:00,0.0,1.7001,620.1215
2024-06-10 06:00:00,0.0,0.3647,641.6215
2024-06-10 07:00:00,37.2574,0.3846,666.0515
2024-06-10 08:00:00,145.8422,0.578,736.2236
2024-06-10 09:00:00,275.0199,0.8158,689.349
2024-06-10 10:00:00,312.453,1.1824,625.9931
2024-06-10 11:00:00,369.0434,1.5927,676.0887
2024-06-10 12:00:00,391.9099,1.6395,660.8994
2024-06-10 13:00:00,331.3883,1.9331,685.5846
2024-06-10 14:00:00,213.9716,30.2412,736.7512
2024-06-10 15:00:00,65.7979,18.6484,826.9705
2024-06-10 16:00:00,31.9546,6.9317,759.7927
2024-06-10 17:00:00,12.9307,9.9017,863.0848
2024-06-10 18:00:00,5.175,6.4235,907.2898
2024-06-10 19:00:00,0.0,0.182,937.9728
2024-06-10 20:00:00,0.0,5.4777,917.6862
2024-06-10 21:00:00,0.0,4.1129,943.1995
2024-06-10 22:00:00,0.0,0.5264,950.2829
2024-06-10 23:00:00,0.0,4.5072,921.1365
2024-06-11 00:00:00,0.0,1.123,850.7896
2024-06-11 01:00:00,0.0,3.0866,803.9993
2024-06-11 02:00:00,0.0,7.4334,754.794
2024-06-11 03:00:00,0.0,2.7447,758.0496
2024-06-11 04:00:00,0.0,5.2087,742.8434
2024-06-11 05:00:00,0.0,1.889,734.7722
2024-06-11 06:00:00,0.0,5.3427,765.0751
2024-06-11 07:00:00,30.4981,8.4194,783.9535
2024-06-11 08:00:00,97.1847,3.0648,830.8902
2024-06-11 09:00:00,127.0625,4.1554,808.4877
2024-06-11 10:00:00,186.0335,2.8234,787.942
2024-06-11 11:00:00,293.7776,5.9394,694.2611
2024-06-11 12:00:00,354.3987,8.8736,708.5921
2024-06-11 13:00:00,379.7331,7.8112,702.1329
2024-06-11 14:00:00,266.461,9.6951,755.3397
2024-06-11 15:00:00,224.9201,28.3765,750.2452
2024-06-11 16:00:00,146.2309,159.7503,727.958
2024-06-11 17:00:00,52.7371,12.0543,769.9988
2024-06-11 18:00:00,27.7799,36.4785,795.8617
2024-06-11 19:00:00,0.0,54.2167,823.1037
2024-06-11 20:00:00,0.0,17.4668,927.2092
2024-06-11 21:00:00,0.0,25.6699,938.8119
2024-06-11 22:00:00,0.0,21.7999,926.3603
2024-06-11 23:00:00,0.0,23.7522,923.7056
2024-06-12 00:00:00,0.0,14.8612,876.1882
2024-06-12 01:00:00,0.0,12.6082,865.3538
2024-06-12 02:00:00,0.0,2.358,840.9259
2024-06-12 03:00:00,0.0,2.7929,791.0112
2024-06-12 04:00:00,0.0,0.5083,792.0319
2024-06-12 05:00:00,0.0,0.256,783.8685
2024-06-12 06:00:00,0.0,0.4454,792.3842
2024-06-12 07:00:00,55.4587,0.7435,796.3883
2024-06-12 08:00:00,176.5374,1.5498,747.2175
2024-06-12 09:00:00,301.4308,1.2169,728.7029
2024-06-12 10:00:00,352.1086,1.1222,621.683
2024-06-12 11:00:00,395.1673,2.2155,642.0754
2024-06-12 12:00:00,333.6004,1.3469,718.7575
2024-06-12 13:00:00,274.4537,21.4166,723.0711
2024-06-12 14:00:00,205.9825,0.5162,732.4229
2024-06-12 15:00:00,153.8529,2.9908,721.7039
2024-06-12 16:00:00,65.6009,9.854,678.4204
2024-06-12 17:00:00,37.0583,0.7788,693.2075
2024-06-12 18:00:00,16.0493,1.8103,750.4735
2024-06-12 19:00:00,0.0,11.1362,932.2783
2024-06-12 20:00:00,0.0,25.013,935.3884
2024-06-12 21:00:00,0.0,25.7659,941.3508
2024-06-12 22:00:00,0.0,9.121,925.9808
2024-06-12 23:00:00,0.0,0.3582,969.3436
2024-06-13 00:00:00,0.0,4.7461,987.3962
2024-06-13 01:00:00,0.0,5.801,937.3506
2024-06-13 02:00:00,0.0,0.9096,887.4536
2024-06-13 03:00:00,0.0,0.0079,851.4646
2024-06-13 04:00:00,0.0,0.1055,834.6994
2024-06-13 05:00:00,0.0,0.2918,827.1866
2024-06-13 06:00:00,0.0,2.4153,839.1825
2024-06-13 07:00:00,37.9013,4.7249,826.3614
2024-06-13 08:00:00,116.3397,0.5107,887.4145
2024-06-13 09:00:00,192.2868,0.2235,918.8427
2024-06-13 10:00:00,222.7675,0.1099,877.9253
2024-06-13 11:00:00,228.2458,0.2049,899.65
2024-06-13 12:00:00,245.3287,0.2831,884.2555
2024-06-13 13:00:00,283.2614,0.4214,899.332
2024-06-13 14:00:00,261.9371,0.7534,841.0702
2024-06-13 15:00:00,193.3786,1.0054,883.4568
2024-06-13 16:00:00,63.0549,7.0896,911.2023
2024-06-13 17:00:00,15.3644,3.3421,924.9476
2024-06-13 18:00:00,4.7465,17.9187,940.521
2024-06-13 19:00:00,0.0,13.2255,933.233
2024-06-13 20:00:00,0.0,20.5288,997.8445
2024-06-13 21:00:00,0.0,14.3396,959.8731
2024-06-13 22:00:00,0.0,6.262,991.5474
2024-06-13 23:00:00,0.0,2.2123,1022.4042
2024-06-14 00:00:00,0.0,1.919,965.3506
2024-06-14 01:00:00,0.0,0.4501,941.0528
2024-06-14 02:00:00,0.0,0.4656,908.1653
2024-06-14 03:00:00,0.0,0.6634,880.1151
2024-06-14 04:00:00,0.0,0.4359,826.6853
2024-06-14 05:00:00,0.0,0.6224,852.2985
2024-06-14 06:00:00,0.0,0.9606,849.644
2024-06-14 07:00:00,52.2754,0.9425,888.1291
2024-06-14 08:00:00,160.8386,0.5196,885.6125
2024-06-14 09:00:00,216.993,0.7014,876.0586
2024-06-14 10:00:00,310.9234,0.7924,857.0111
2024-06-14 11:00:00,311.3055,0.8195,882.4239
2024-06-14 12:00:00,320.2092,1.198,857.5518
2024-06-14 13:00:00,246.7347,15.4231,878.478
2024-06-14 14:00:00,221.6012,33.2781,878.0091
2024-06-14 15:00:00,108.2176,66.6522,956.6737
2024-06-14 16:00:00,44.9497,22.1043,906.3772
2024-06-14 17:00:00,10.7759,30.3277,937.0963
2024-06-14 18:00:00,2.174,7.9942,964.0398
2024-06-14 19:00:00,0.0,14.7108,1002.7088
2024-06-14 20:00:00,0.0,1.3294,1020.8236
2024-06-14 21:00:00,0.0,3.7905,1016.0737
2024-06-14 22:00:00,0.0,1.4159,1020.0206
2024-06-14 23:00:00,0.0,0.3857,996.4358
2024-06-15 00:00:00,0.0,0.3089,967.9682
2024-06-15 01:00:00,0.0,0.3623,911.7613
2024-06-15 02:00:00,0.0,0.5086,907.4939
2024-06-15 03:00:00,0.0,0.8497,873.2806
2024-06-15 04:00:00,0.0,1.2946,850.8498
2024-06-15 05:00:00,0.0,2.6019,854.7309
2024-06-15 06:00:00,0.0,0.7222,863.9922
2024-06-15 07:00:00,24.2845,5.1392,824.6802
2024-06-15 08:00:00,81.5332,7.1947,847.6765
2024-06-15 09:00:00,110.4394,12.5844,901.1616
2024-06-15 10:00:00,161.9514,23.283,831.4282
2024-06-15 11:00:00,142.5728,38.1269,862.9472
2024-06-15 12:00:00,173.3145,49.1262,868.8391
2024-06-15 13:00:00,165.211,120.8321,801.3196
2024-06-15 14:00:00,200.0045,94.8432,800.6327
2024-06-15 15:00:00,155.2811,61.1075,850.7022
2024-06-15 16:00:00,97.5649,68.9855,840.4648
2024-06-15 17:00:00,51.0428,69.4661,861.7087
2024-06-15 18:00:00,16.6575,57.3024,876.0465
2024-06-15 19:00:00,0.0,80.6994,891.1635
2024-06-15 20:00:00,0.0,93.3321,892.5445
2024-06-15 21:00:00,0.0,63.9489,888.2448
2024-06-15 22:00:00,0.0,55.4735,884.9654
2024-06-15 23:00:00,0.0,28.8243,897.2384
2024-06-16 00:00:00,0.0,18.3929,883.5737
2024-06-16 01:00:00,0.0,9.8438,878.1261
2024-06-16 02:00:00,0.0,0.5178,865.2251
2024-06-16 03:00:00,0.0,0.3571,842.3888
2024-06-16 04:00:00,0.0,1.0266,786.3913
2024-06-16 05:00:00,0.0,2.9821,833.5317
2024-06-16 06:00:00,0.0,8.949,800.2833
2024-06-16 07:00:00,24.0524,22.5181,741.8599
2024-06-16 08:00:00,77.7503,22.2687,705.953
2024-06-16 09:00:00,209.2712,20.5283,648.894
2024-06-16 10:00:00,240.8866,19.6807,627.5698
2024-06-16 11:00:00,280.3926,11.6331,633.1688
2024-06-16 12:00:00,257.9905,8.3813,613.1031
2024-06-16 13:00:00,217.2265,7.2863,697.8959
2024-06-16 14:00:00,262.6072,4.5974,666.4345
2024-06-16 15:00:00,169.6627,16.595,704.2825
2024-06-16 16:00:00,90.0715,45.2324,722.5586
2024-06-16 17:00:00,43.9733,37.5947,787.5183
2024-06-16 18:00:00,21.2607,17.2664,855.5377
2024-06-16 19:00:00,0.0,8.0161,886.7738
2024-06-16 20:00:00,0.0,2.2043,906.1763
2024-06-16 21:00:00,0.0,3.0616,877.6575
2024-06-16 22:00:00,0.0,0.3303,862.4287
2024-06-16 23:00:00,0.0,0.4387,855.7469
2024-06-17 00:00:00,0.0,0.7628,886.9279
2024-06-17 01:00:00,0.0,22.4699,858.8492
2024-06-17 02:00:00,0.0,13.5247,819.1512
2024-06-17 03:00:00,0.0,6.4349,813.7108
2024-06-17 04:00:00,0.0,5.3218,780.925
2024-06-17 05:00:00,0.0,4.7537,814.0965
2024-06-17 06:00:00,0.0,4.0043,803.6035
2024-06-17 07:00:00,35.9163,1.4457,834.5462
2024-06-17 08:00:00,127.8653,3.3546,871.3288
2024-06-17 09:00:00,255.2762,1.9449,780.7698
2024-06-17 10:00:00,286.0154,0.5399,789.8806
2024-06-17 11:00:00,380.2452,2.371,786.3075
2024-06-17 12:00:00,411.306,0.797,745.6594
2024-06-17 13:00:00,412.3047,0.8891,853.4025
2024-06-17 14:00:00,383.3102,1.2956,880.5808
2024-06-17 15:00:00,278.1964,0.6794,918.7322
2024-06-17 16:00:00,147.1555,1.5333,915.8263
2024-06-17 17:00:00,73.9068,16.0707,890.7696
2024-06-17 18:00:00,18.9547,17.5049,877.8527
2024-06-17 19:00:00,0.0,16.5811,941.7548
2024-06-17 20:00:00,0.0,41.2041,987.0396
2024-06-17 21:00:00,0.0,32.8991,986.807
2024-06-17 22:00:00,0.0,17.8319,1012.9239
2024-06-17 23:00:00,0.0,8.842,972.1416
2024-06-18 00:00:00,0.0,2.7605,910.6883
2024-06-18 01:00:00,0.0,3.6127,892.1537
2024-06-18 02:00:00,0.0,6.9531,846.1236
2024-06-18 03:00:00,0.0,6.2901,869.1753
2024-06-18 04:00:00,0.0,7.3183,847.8201
2024-06-18 05:00:00,0.0,14.3099,837.5198
2024-06-18 06:00:00,0.0,10.0636,843.7835
2024-06-18 07:00:00,32.1022,10.2712,840.9263
2024-06-18 08:00:00,146.6087,5.2298,908.2571
2024-06-18 09:00:00,203.817,0.743,898.7023
2024-06-18 10:00:00,289.9797,0.185,827.6869
2024-06-18 11:00:00,292.7064,0.7834,840.9497
2024-06-18 12:00:00,277.4648,0.7389,860.8818
2024-06-18 13:00:00,318.478,0.9328,827.1361
2024-06-18 14:00:00,213.1719,0.5124,934.9531
2024-06-18 15:00:00,61.1854,9.9611,926.8357
2024-06-18 16:00:00,34.9188,15.5874,928.978
2024-06-18 17:00:00,19.7993,18.5112,841.8904
2024-06-18 18:00:00,8.0648,6.0905,894.4159
2024-06-18 19:00:00,0.0,9.5339,954.5756
2024-06-18 20:00:00,0.0,1.8289,988.7963
2024-06-18 21:00:00,0.0,4.2852,1001.8946
2024-06-18 22:00:00,0.0,14.1961,981.8601
2024-06-18 23:00:00,0.0,15.9042,949.9296
2024-06-19 00:00:00,0.0,12.6065,921.1535
2024-06-19 01:00:00,0.0,2.416,934.461
2024-06-19 02:00:00,0.0,5.773,906.9354
2024-06-19 03:00:00,0.0,4.2109,879.1453
2024-06-19 04:00:00,0.0,4.439,837.6905
2024-06-19 05:00:00,0.0,0.3155,857.0738
2024-06-19 06:00:00,0.0,0.2421,878.1364
2024-06-19 07:00:00,23.8254,0.2367,904.3797
2024-06-19 08:00:00,85.6093,0.3391,956.7321
2024-06-19 09:00:00,200.466,0.3967,925.2591
2024-06-19 10:00:00,234.4796,0.5216,865.8986
2024-06-19 11:00:00,181.4511,0.6231,877.3972
2024-06-19 12:00:00,235.2079,0.6983,880.4064
2024-06-19 13:00:00,297.4453,0.8443,775.2587
2024-06-19 14:00:00,252.4334,1.0126,808.7383
2024-06-19 15:00:00,212.2746,1.1261,781.0199
2024-06-19 16:00:00,167.1121,4.5456,831.2448
2024-06-19 17:00:00,81.7898,8.9796,824.6702
2024-06-19 18:00:00,19.9466,0.433,861.6003
2024-06-19 19:00:00,0.0,8.6955,890.4951
2024-06-19 20:00:00,0.0,0.9335,976.5121
2024-06-19 21:00:00,0.0,1.3356,1036.3468
2024-06-19 22:00:00,0.0,2.0183,981.0387
2024-06-19 23:00:00,0.0,4.4969,970.9239
2024-06-20 00:00:00,0.0,0.8813,930.0656
2024-06-20 01:00:00,0.0,0.2459,929.5373
2024-06-20 02:00:00,0.0,0.9777,924.3398
2024-06-20 03:00:00,0.0,2.3313,891.6772
2024-06-20 04:00:00,0.0,3.5281,870.1058
2024-06-20 05:00:00,0.0,3.6266,866.8789
2024-06-20 06:00:00,0.0,4.7041,898.1279
2024-06-20 07:00:00,45.8084,6.3092,879.739
2024-06-20 08:00:00,133.5392,4.0672,904.3727
2024-06-20 09:00:00,205.0768,3.4132,773.6759
2024-06-20 10:00:00,241.5848,3.2476,719.6635
2024-06-20 11:00:00,278.8243,4.0589,714.5102
2024-06-20 12:00:00,269.4993,3.8643,715.0913
2024-06-20 13:00:00,297.8463,2.8228,726.1756
2024-06-20 14:00:00,241.8302,0.3792,780.1236
2024-06-20 15:00:00,167.7165,0.1659,849.3259
2024-06-20 16:00:00,106.3537,0.3078,876.1716
2024-06-20 17:00:00,32.5725,0.2116,985.9626
2024-06-20 18:00:00,9.0215,2.9397,1042.242
2024-06-20 19:00:00,0.0,0.4063,1069.8406
2024-06-20 20:00:00,0.0,1.0917,1096.0271
2024-06-20 21:00:00,0.0,0.6679,1087.2759
2024-06-20 22:00:00,0.0,0.5127,1068.0701
2024-06-20 23:00:00,0.0,0.6788,1114.9015
2024-06-21 00:00:00,0.0,1.6247,1043.7778
2024-06-21 01:00:00,0.0,1.8812,1039.769
2024-06-21 02:00:00,0.0,5.2389,975.7535
2024-06-21 03:00:00,0.0,7.8501,973.3663
2024-06-21 04:00:00,0.0,7.4426,927.4975
2024-06-21 05:00:00,0.0,3.0788,906.0587
2024-06-21 06:00:00,0.0,0.3374,884.7964
2024-06-21 07:00:00,67.4447,0.2085,874.0932
2024-06-21 08:00:00,209.2522,0.199,857.447
2024-06-21 09:00:00,303.9667,0.199,826.0556
2024-06-21 10:00:00,352.3736,0.241,829.1333
2024-06-21 11:00:00,374.901,0.7538,805.6059
2024-06-21 12:00:00,429.0442,1.2659,807.5178
2024-06-21 13:00:00,343.558,6.4363,778.4725
2024-06-21 14:00:00,347.2344,1.7285,822.9149
2024-06-21 15:00:00,178.6709,45.4977,825.728
2024-06-21 16:00:00,105.701,24.1112,937.7298
2024-06-21 17:00:00,28.7756,2.4426,1023.6222
2024-06-21 18:00:00,8.2403,1.0643,1041.1971
2024-06-21 19:00:00,0.0,1.1578,1083.2413
2024-06-21 20:00:00,0.0,3.0395,1090.8004
2024-06-21 21:00:00,0.0,11.2014,1080.7927
2024-06-21 22:00:00,0.0,2.8292,1093.0552
2024-06-21 23:00:00,0.0,13.5284,1055.4893
2024-06-22 00:00:00,0.0,16.7636,989.4718
2024-06-22 01:00:00,0.0,53.2187,983.0445
2024-06-22 02:00:00,0.0,54.9344,987.2006
2024-06-22 03:00:00,0.0,30.7532,984.356
2024-06-22 04:00:00,0.0,26.4975,967.9953
2024-06-22 05:00:00,0.0,26.2212,961.5923
2024-06-22 06:00:00,0.0,10.9934,980.6825
2024-06-22 07:00:00,34.3605,1.0566,961.2823
2024-06-22 08:00:00,122.9378,0.6742,947.4193
2024-06-22 09:00:00,211.2173,1.7054,917.9824
2024-06-22 10:00:00,183.6149,7.9813,872.3224
2024-06-22 11:00:00,133.8494,2.6397,861.8533
2024-06-22 12:00:00,114.42,4.2715,881.1555
2024-06-22 13:00:00,97.6039,17.4848,805.9278
2024-06-22 14:00:00,72.5837,8.7658,822.1278
2024-06-22 15:00:00,74.7749,23.4425,819.8148
2024-06-22 16:00:00,59.6425,33.7602,864.2954
2024-06-22 17:00:00,40.1094,30.5485,870.0989
2024-06-22 18:00:00,13.9459,2.4565,910.8279
2024-06-22 19:00:00,0.0,3.8371,966.5125
2024-06-22 20:00:00,0.0,2.5129,1040.679
2024-06-22 21:00:00,0.0,8.3184,1026.9731
2024-06-22 22:00:00,0.0,4.4458,982.9073
2024-06-22 23:00:00,0.0,7.8425,974.0751
2024-06-23 00:00:00,0.0,7.537,992.1375
2024-06-23 01:00:00,0.0,13.8018,972.7755
2024-06-23 02:00:00,0.0,15.7707,932.4299
2024-06-23 03:00:00,0.0,15.8775,912.8245
2024-06-23 04:00:00,0.0,11.4555,908.9832
2024-06-23 05:00:00,0.0,11.2325,866.1402
2024-06-23 06:00:00,0.0,9.5335,790.0765
2024-06-23 07:00:00,49.6492,9.383,746.7968
2024-06-23 08:00:00,130.1402,7.4011,704.7277
2024-06-23 09:00:00,245.5025,7.549,653.935
2024-06-23 10:00:00,257.4444,3.6554,635.3294
2024-06-23 11:00:00,398.3744,5.8998,616.8961
2024-06-23 12:00:00,268.3487,15.3412,661.5055
2024-06-23 13:00:00,336.3819,15.498,628.9764
2024-06-23 14:00:00,352.6581,16.2695,612.9503
2024-06-23 15:00:00,269.8179,22.2061,716.8178
2024-06-23 16:00:00,160.6673,24.1187,828.5226
2024-06-23 17:00:00,90.6229,36.7765,897.5205
2024-06-23 18:00:00,30.2384,20.7698,863.599
2024-06-23 19:00:00,0.0,18.2608,990.3803
2024-06-23 20:00:00,0.0,16.4299,1028.951
2024-06-23 21:00:00,0.0,16.7397,1011.9295
2024-06-23 22:00:00,0.0,18.4657,967.3289
2024-06-23 23:00:00,0.0,16.7165,933.2123
2024-06-24 00:00:00,0.0,16.1543,931.4864
2024-06-24 01:00:00,0.0,0.1168,926.3664
2024-06-24 02:00:00,0.0,0.1693,894.9175
2024-06-24 03:00:00,0.0,0.3361,897.2464
2024-06-24 04:00:00,0.0,0.3934,883.6634
2024-06-24 05:00:00,0.0,0.3095,887.3859
2024-06-24 06:00:00,0.0,0.4046,878.3087
2024-06-24 07:00:00,32.7283,0.4585,861.7814
2024-06-24 08:00:00,131.8957,0.5463,907.368
2024-06-24 09:00:00,265.2013,0.6479,796.2048
2024-06-24 10:00:00,253.8556,1.6336,777.2411
2024-06-24 11:00:00,293.4942,2.7582,781.8274
2024-06-24 12:00:00,382.512,4.921,768.7268
2024-06-24 13:00:00,353.1603,14.2344,752.5512
2024-06-24 14:00:00,400.5695,22.2586,790.0126
2024-06-24 15:00:00,300.6383,24.0862,773.0816
2024-06-24 16:00:00,128.0228,3.0662,892.6489
2024-06-24 17:00:00,77.3,1.8354,914.1298
2024-06-24 18:00:00,31.8289,1.2482,917.9629
2024-06-24 19:00:00,0.0,21.3664,1012.4211
2024-06-24 20:00:00,0.0,7.8529,955.777
2024-06-24 21:00:00,0.0,13.233,898.3056
2024-06-24 22:00:00,0.0,26.3997,810.3657
2024-06-24 23:00:00,0.0,4.5672,780.5049
2024-06-25 00:00:00,0.0,3.3962,785.7227
2024-06-25 01:00:00,0.0,2.3227,796.1885
2024-06-25 02:00:00,0.0,3.0272,797.1772
2024-06-25 03:00:00,0.0,6.0176,849.8182
2024-06-25 04:00:00,0.0,4.3692,859.2311
2024-06-25 05:00:00,0.0,11.871,837.2219
2024-06-25 06:00:00,0.0,9.8913,844.0318
2024-06-25 07:00:00,37.2359,5.6173,858.033
2024-06-25 08:00:00,148.1526,2.5853,860.9599
2024-06-25 09:00:00,261.532,1.5112,811.9798
2024-06-25 10:00:00,317.4112,7.7106,756.6092
2024-06-25 11:00:00,371.8768,1.8914,772.2695
2024-06-25 12:00:00,315.0005,1.0572,804.8139
2024-06-25 13:00:00,235.6263,17.4376,806.3303
2024-06-25 14:00:00,168.7314,7.9985,841.5339
2024-06-25 15:00:00,148.0878,6.6217,880.5993
2024-06-25 16:00:00,72.9527,9.7376,884.1597
2024-06-25 17:00:00,41.9636,8.6423,901.3054
2024-06-25 18:00:00,20.6723,7.5561,894.3069
2024-06-25 19:00:00,0.0,10.8311,921.2823
2024-06-25 20:00:00,0.0,0.3242,948.8745
2024-06-25 21:00:00,0.0,0.3029,966.1242
2024-06-25 22:00:00,0.0,1.193,952.2283
2024-06-25 23:00:00,0.0,0.8529,1025.8225
2024-06-26 00:00:00,0.0,2.1996,928.4522
2024-06-26 01:00:00,0.0,0.2716,954.5729
2024-06-26 02:00:00,0.0,0.1811,898.3347
2024-06-26 03:00:00,0.0,0.2295,865.5958
2024-06-26 04:00:00,0.0,0.2555,861.1991
2024-06-26 05:00:00,0.0,0.2808,874.8226
2024-06-26 06:00:00,0.0,0.3077,827.1967
2024-06-26 07:00:00,34.5904,0.176,834.7434
2024-06-26 08:00:00,93.4394,0.176,841.3137
2024-06-26 09:00:00,209.4812,0.2448,842.2928
2024-06-26 10:00:00,273.8996,0.8089,758.8181
2024-06-26 11:00:00,253.2913,3.7081,789.5603
2024-06-26 12:00:00,236.43,8.5703,867.1898
2024-06-26 13:00:00,152.7307,11.1716,869.5047
2024-06-26 14:00:00,214.9743,40.6651,788.8182
2024-06-26 15:00:00,145.6413,74.5429,793.4702
2024-06-26 16:00:00,103.2511,66.5281,869.2345
2024-06-26 17:00:00,47.7094,49.4605,890.4483
2024-06-26 18:00:00,9.54,14.0019,889.3627
2024-06-26 19:00:00,0.0,48.3734,829.1008
2024-06-26 20:00:00,0.0,74.0297,891.6065
2024-06-26 21:00:00,0.0,70.2208,886.1452
2024-06-26 22:00:00,0.0,69.9837,873.9398
2024-06-26 23:00:00,0.0,56.7347,877.5231
2024-06-27 00:00:00,0.0,28.615,849.1759
2024-06-27 01:00:00,0.0,14.8651,915.7453
2024-06-27 02:00:00,0.0,9.2946,882.0018
2024-06-27 03:00:00,0.0,24.4861,817.5186
2024-06-27 04:00:00,0.0,20.5414,811.6017
2024-06-27 05:00:00,0.0,40.8937,811.4921
2024-06-27 06:00:00,0.0,52.2087,768.4105
2024-06-27 07:00:00,49.2878,50.0288,765.9283
2024-06-27 08:00:00,116.103,60.9483,786.2791
2024-06-27 09:00:00,222.7675,33.9389,872.2441
2024-06-27 10:00:00,276.9596,42.1972,799.5529
2024-06-27 11:00:00,252.397,30.0005,807.863
2024-06-27 12:00:00,160.7212,52.3071,876.4547
2024-06-27 13:00:00,155.1376,109.9839,883.181
2024-06-27 14:00:00,145.9653,76.4901,881.5046
2024-06-27 15:00:00,93.7004,60.3732,897.1182
2024-06-27 16:00:00,71.382,97.3205,933.0779
2024-06-27 17:00:00,38.1506,93.299,932.0846
2024-06-27 18:00:00,12.5542,77.9434,980.5601
2024-06-27 19:00:00,0.0,69.2334,927.3221
2024-06-27 20:00:00,0.0,19.3439,1001.7196
2024-06-27 21:00:00,0.0,18.7736,989.0952
2024-06-27 22:00:00,0.0,0.8059,988.9665
2024-06-27 23:00:00,0.0,1.7919,922.2883
2024-06-28 00:00:00,0.0,6.7664,918.0781
2024-06-28 01:00:00,0.0,26.8604,891.6784
2024-06-28 02:00:00,0.0,37.6999,866.9502
2024-06-28 03:00:00,0.0,61.036,873.458
2024-06-28 04:00:00,0.0,47.049,891.7966
2024-06-28 05:00:00,0.0,27.9136,899.0868
2024-06-28 06:00:00,0.0,17.8203,947.6742
2024-06-28 07:00:00,24.2235,13.0087,971.7426
2024-06-28 08:00:00,89.6443,9.0036,942.5334
2024-06-28 09:00:00,157.0107,10.9893,946.5712
2024-06-28 10:00:00,287.5351,6.2685,892.6877
2024-06-28 11:00:00,300.3072,9.4369,905.0814
2024-06-28 12:00:00,313.8713,26.4469,872.1292
2024-06-28 13:00:00,304.1793,30.0395,858.3834
2024-06-28 14:00:00,287.6683,44.0726,829.3855
2024-06-28 15:00:00,178.2069,172.2178,815.6995
2024-06-28 16:00:00,158.5485,47.2481,807.5461
2024-06-28 17:00:00,114.5505,44.7111,910.8325
2024-06-28 18:00:00,20.3602,32.8903,953.4678
2024-06-28 19:00:00,0.0,39.6868,974.297
2024-06-28 20:00:00,0.0,60.6377,951.2344
2024-06-28 21:00:00,0.0,62.6433,959.2369
2024-06-28 22:00:00,0.0,21.1939,967.0511
2024-06-28 23:00:00,0.0,16.8178,973.9895
2024-06-29 00:00:00,0.0,4.6259,969.3063
2024-06-29 01:00:00,0.0,6.4867,969.7383
2024-06-29 02:00:00,0.0,0.937,930.1963
2024-06-29 03:00:00,0.0,0.1442,930.9583
2024-06-29 04:00:00,0.0,0.381,922.6416
2024-06-29 05:00:00,0.0,0.8157,912.3798
2024-06-29 06:00:00,0.0,1.2494,901.0289
2024-06-29 07:00:00,33.3824,0.1749,816.8849
2024-06-29 08:00:00,131.5703,0.217,795.7936
2024-06-29 09:00:00,274.2862,0.3631,711.5731
2024-06-29 10:00:00,331.0449,0.6455,703.1077
2024-06-29 11:00:00,311.694,1.0591,760.3417
2024-06-29 12:00:00,337.3012,0.1621,842.5107
2024-06-29 13:00:00,337.4438,7.9963,894.7936
2024-06-29 14:00:00,338.6205,13.7307,870.7417
2024-06-29 15:00:00,149.6457,0.2312,926.4428
2024-06-29 16:00:00,95.1478,0.3437,1000.5768
2024-06-29 17:00:00,50.2401,0.6032,1075.179
2024-06-29 18:00:00,14.4982,0.7628,1073.9253
2024-06-29 19:00:00,0.0,0.2914,1020.4852
2024-06-29 20:00:00,0.0,4.2765,1044.1136
2024-06-29 21:00:00,0.0,11.171,1035.2351
2024-06-29 22:00:00,0.0,4.6233,1028.2136
2024-06-29 23:00:00,0.0,10.4274,1032.5483
2024-06-30 00:00:00,0.0,13.5991,1002.9294
2024-06-30 01:00:00,0.0,19.8448,916.9453
2024-06-30 02:00:00,0.0,35.2107,843.438
2024-06-30 03:00:00,0.0,19.0927,850.8143
2024-06-30 04:00:00,0.0,14.9687,847.7682
2024-06-30 05:00:00,0.0,16.083,833.1085
2024-06-30 06:00:00,0.0,20.4883,801.0231
2024-06-30 07:00:00,39.8797,9.2218,760.9652
2024-06-30 08:00:00,173.393,11.5136,668.4916
2024-06-30 09:00:00,252.2492,10.0377,638.795
2024-06-30 10:00:00,292.0634,36.6038,623.0922
2024-06-30 11:00:00,312.9721,39.7554,651.307
2024-06-30 12:00:00,296.1622,32.4905,643.4275
2024-06-30 13:00:00,285.8285,36.6492,738.3122
2024-06-30 14:00:00,278.4769,41.9945,733.0948
2024-06-30 15:00:00,205.0243,12.6943,762.9682
2024-06-30 16:00:00,137.9097,30.3492,904.0287
2024-06-30 17:00:00,102.0072,40.4711,930.7335
2024-06-30 18:00:00,36.5917,47.9348,940.3174
2024-06-30 19:00:00,0.0,51.5594,1045.9152
2024-06-30 20:00:00,0.0,74.5198,1058.1007
2024-06-30 21:00:00,0.0,84.3516,1023.0584
2024-06-30 22:00:00,0.0,91.9591,1029.9456
2024-06-30 23:00:00,0.0,62.2834,1031.3467
2024-07-01 00:00:00,0.0,48.2288,1028.7388
2024-07-01 01:00:00,0.0,30.339,989.4635
2024-07-01 02:00:00,0.0,18.1389,953.7194
2024-07-01 03:00:00,0.0,23.8025,927.5657
2024-07-01 04:00:00,0.0,18.1151,889.1148
2024-07-01 05:00:00,0.0,20.6638,856.8132
2024-07-01 06:00:00,0.0,37.7648,841.1045
2024-07-01 07:00:00,47.8634,68.0569,750.8127
2024-07-01 08:00:00,119.2585,40.002,798.1267
2024-07-01 09:00:00,137.1477,4.3914,784.3727
2024-07-01 10:00:00,128.8256,8.7696,851.5311
2024-07-01 11:00:00,148.709,6.1969,922.8177
2024-07-01 12:00:00,162.8772,42.5716,917.2208
2024-07-01 13:00:00,167.1087,10.1823,933.8004
2024-07-01 14:00:00,133.1478,0.2447,940.0492
2024-07-01 15:00:00,115.3097,0.3155,978.7716
2024-07-01 16:00:00,99.4586,1.2035,920.8703
2024-07-01 17:00:00,37.1432,0.744,916.1991
2024-07-01 18:00:00,16.6141,1.1628,941.8928
2024-07-01 19:00:00,0.0,6.4687,975.608
2024-07-01 20:00:00,0.0,0.49,1022.3399
2024-07-01 21:00:00,0.0,0.6118,1028.2338
2024-07-01 22:00:00,0.0,2.9284,1022.5645
2024-07-01 23:00:00,0.0,0.4734,1016.201
2024-07-02 00:00:00,0.0,0.9131,971.2904
2024-07-02 01:00:00,0.0,0.1622,937.5963
2024-07-02 02:00:00,0.0,0.2307,912.1701
2024-07-02 03:00:00,0.0,0.3461,857.3204
2024-07-02 04:00:00,0.0,0.48,848.4267
2024-07-02 05:00:00,0.0,0.6005,857.4084
2024-07-02 06:00:00,0.0,0.7828,892.4256
2024-07-02 07:00:00,57.1842,0.3947,897.6587
2024-07-02 08:00:00,168.5175,0.5062,977.184
2024-07-02 09:00:00,287.2587,0.6543,877.6148
2024-07-02 10:00:00,313.0097,0.8457,894.5049
2024-07-02 11:00:00,335.8118,0.9713,904.2934
2024-07-02 12:00:00,357.791,0.626,881.1392
2024-07-02 13:00:00,282.0146,20.8418,947.3812
2024-07-02 14:00:00,315.2513,3.1877,943.9555
2024-07-02 15:00:00,232.8873,7.1247,959.7564
2024-07-02 16:00:00,132.5079,68.3379,962.6871
2024-07-02 17:00:00,43.5015,21.7459,1002.37
2024-07-02 18:00:00,9.0529,15.2384,927.4475
2024-07-02 19:00:00,0.0,4.8539,939.855
2024-07-02 20:00:00,0.0,2.8505,1034.6
2024-07-02 21:00:00,0.0,1.7291,1042.3527
2024-07-02 22:00:00,0.0,1.2861,1044.0227
2024-07-02 23:00:00,0.0,0.3946,1061.5022
2024-07-03 00:00:00,0.0,1.4858,1028.3387
2024-07-03 01:00:00,0.0,0.4683,1020.5879
2024-07-03 02:00:00,0.0,0.1711,981.7947
2024-07-03 03:00:00,0.0,0.2151,938.5186
2024-07-03 04:00:00,0.0,0.129,911.9365
2024-07-03 05:00:00,0.0,0.2258,898.8652
2024-07-03 06:00:00,0.0,1.0568,923.9321
2024-07-03 07:00:00,24.8737,0.5565,927.1052
2024-07-03 08:00:00,98.6166,0.7975,1015.4933
2024-07-03 09:00:00,185.5721,0.9517,981.9696
2024-07-03 10:00:00,305.318,1.3626,912.6108
2024-07-03 11:00:00,350.3577,1.9167,839.3039
2024-07-03 12:00:00,372.8216,3.5014,787.4508
2024-07-03 13:00:00,331.8967,5.9047,810.5668
2024-07-03 14:00:00,322.8513,17.9057,880.9206
2024-07-03 15:00:00,325.2062,23.6544,850.1563
2024-07-03 16:00:00,199.8712,38.6395,870.3492
2024-07-03 17:00:00,95.467,39.8936,961.7567
2024-07-03 18:00:00,17.9546,23.9698,1029.4819
2024-07-03 19:00:00,0.0,0.5299,1025.4818
2024-07-03 20:00:00,0.0,1.201,1051.8215
2024-07-03 21:00:00,0.0,1.8353,1058.6759
2024-07-03 22:00:00,0.0,0.6291,1058.8525
2024-07-03 23:00:00,0.0,0.6447,1044.1841
2024-07-04 00:00:00,0.0,1.4324,1009.1811
2024-07-04 01:00:00,0.0,13.0583,993.2418
2024-07-04 02:00:00,0.0,4.5353,1005.9763
2024-07-04 03:00:00,0.0,5.8398,947.8989
2024-07-04 04:00:00,0.0,15.0281,918.3326
2024-07-04 05:00:00,0.0,9.002,913.9528
2024-07-04 06:00:00,0.0,5.4811,954.2816
2024-07-04 07:00:00,36.1497,6.6863,932.623
2024-07-04 08:00:00,124.577,8.6221,1000.4801
2024-07-04 09:00:00,230.7898,0.8259,913.271
2024-07-04 10:00:00,327.4529,0.113,861.314
2024-07-04 11:00:00,330.5524,0.107,839.2614
2024-07-04 12:00:00,320.9993,0.3911,842.6124
2024-07-04 13:00:00,299.5275,8.794,881.8993
2024-07-04 14:00:00,331.1806,4.2561,875.9921
2024-07-04 15:00:00,285.1447,11.7182,941.5253
2024-07-04 16:00:00,136.7182,39.9742,1003.6265
2024-07-04 17:00:00,87.3274,78.1171,1024.2826
2024-07-04 18:00:00,21.2404,26.0058,1018.213
2024-07-04 19:00:00,0.0,11.0783,1025.4862
2024-07-04 20:00:00,0.0,39.4724,985.2888
2024-07-04 21:00:00,0.0,54.7657,1064.4303
2024-07-04 22:00:00,0.0,52.815,1069.2195
2024-07-04 23:00:00,0.0,57.2847,1035.7877
2024-07-05 00:00:00,0.0,21.2332,1028.8875
2024-07-05 01:00:00,0.0,30.7668,973.9473
2024-07-05 02:00:00,0.0,40.7642,938.9541
2024-07-05 03:00:00,0.0,103.7912,822.9207
2024-07-05 04:00:00,0.0,117.6446,774.8145
2024-07-05 05:00:00,0.0,73.1814,814.0291
2024-07-05 06:00:00,0.0,3.7404,905.4108
2024-07-05 07:00:00,18.097,2.5836,951.978
2024-07-05 08:00:00,39.8909,0.0772,1059.4641
2024-07-05 09:00:00,80.8022,0.1224,1064.0323
2024-07-05 10:00:00,148.1013,1.8521,1033.4644
2024-07-05 11:00:00,159.4698,8.3959,982.4675
2024-07-05 12:00:00,222.5027,24.6938,925.4948
2024-07-05 13:00:00,263.8474,26.7318,880.2938
2024-07-05 14:00:00,176.3681,20.2785,991.1541
2024-07-05 15:00:00,157.6644,14.1707,999.8832
2024-07-05 16:00:00,101.331,18.1988,964.6492
2024-07-05 17:00:00,48.0375,48.1557,931.1794
2024-07-05 18:00:00,16.4464,16.8239,949.7861
2024-07-05 19:00:00,0.0,9.6621,1035.2368
2024-07-05 20:00:00,0.0,15.7162,1024.8397
2024-07-05 21:00:00,0.0,18.0079,994.2823
2024-07-05 22:00:00,0.0,11.1548,1042.6355
2024-07-05 23:00:00,0.0,14.7009,1013.0456
2024-07-06 00:00:00,0.0,12.2904,977.6204
2024-07-06 01:00:00,0.0,17.3568,1056.8442
2024-07-06 02:00:00,0.0,14.9321,1070.2112
2024-07-06 03:00:00,0.0,26.7533,1070.9812
2024-07-06 04:00:00,0.0,26.8586,1065.271
2024-07-06 05:00:00,0.0,23.4887,1038.5754
2024-07-06 06:00:00,0.0,22.6776,1036.3632
2024-07-06 07:00:00,15.6697,58.2802,1047.7509
2024-07-06 08:00:00,94.2633,24.0739,1037.3245
2024-07-06 09:00:00,198.3267,0.218,999.5303
2024-07-06 10:00:00,251.4725,1.7142,934.6111
2024-07-06 11:00:00,280.0713,3.1953,915.5107
2024-07-06 12:00:00,255.1887,0.1337,952.1826
2024-07-06 13:00:00,305.1247,0.1428,961.3202
2024-07-06 14:00:00,325.209,0.3025,964.72
2024-07-06 15:00:00,289.9483,0.5594,922.3508
2024-07-06 16:00:00,181.7073,0.7968,1028.5186
2024-07-06 17:00:00,149.7413,2.997,1027.1392
2024-07-06 18:00:00,39.3954,9.5258,1049.3414
2024-07-06 19:00:00,0.0,4.7955,1055.5151
2024-07-06 20:00:00,0.0,0.6832,1067.3606
2024-07-06 21:00:00,0.0,0.898,1068.7758
2024-07-06 22:00:00,0.0,0.3737,1071.3658
2024-07-06 23:00:00,0.0,1.6476,1055.2996
2024-07-07 00:00:00,0.0,2.715,1042.4261
2024-07-07 01:00:00,0.0,1.1262,1041.8655
2024-07-07 02:00:00,0.0,0.28,1048.1484
2024-07-07 03:00:00,0.0,0.1899,1068.1945
2024-07-07 04:00:00,0.0,0.2266,1074.1257
2024-07-07 05:00:00,0.0,0.2167,1039.924
2024-07-07 06:00:00,0.0,0.2689,1041.3329
2024-07-07 07:00:00,43.2333,0.3269,1040.3258
2024-07-07 08:00:00,175.4095,0.4271,916.7411
2024-07-07 09:00:00,261.5398,0.5548,896.7601
2024-07-07 10:00:00,343.6817,0.7304,851.2591
2024-07-07 11:00:00,406.7006,0.9107,811.3245
2024-07-07 12:00:00,381.7214,1.1021,782.9334
2024-07-07 13:00:00,406.8993,0.5973,812.1687
2024-07-07 14:00:00,357.3531,1.1418,888.9686
2024-07-07 15:00:00,339.247,5.0405,907.4474
2024-07-07 16:00:00,223.1813,145.8992,881.7665
2024-07-07 17:00:00,58.6203,4.7444,1002.1066
2024-07-07 18:00:00,24.2543,25.635,1023.0472
2024-07-07 19:00:00,0.0,49.355,1043.405
2024-07-07 20:00:00,0.0,121.5392,1017.7098
2024-07-07 21:00:00,0.0,86.4546,1045.9355
2024-07-07 22:00:00,0.0,85.7629,1044.2714
2024-07-07 23:00:00,0.0,74.1402,1033.6483
2024-07-08 00:00:00,0.0,55.5184,1035.8431
2024-07-08 01:00:00,0.0,22.7225,1059.3112
2024-07-08 02:00:00,0.0,11.4866,1064.4297
2024-07-08 03:00:00,0.0,13.3746,1032.1138
2024-07-08 04:00:00,0.0,8.1226,1020.3139
2024-07-08 05:00:00,0.0,10.5101,993.4383
2024-07-08 06:00:00,0.0,5.8992,1027.2979
2024-07-08 07:00:00,22.6632,4.7655,1051.316
2024-07-08 08:00:00,93.8391,0.3649,1062.8538
2024-07-08 09:00:00,167.4719,1.7886,1064.2891
2024-07-08 10:00:00,259.0918,3.698,1046.0927
2024-07-08 11:00:00,291.7012,10.5662,1043.1783
2024-07-08 12:00:00,446.2714,9.2577,991.8588
2024-07-08 13:00:00,391.5375,4.5827,998.9525
2024-07-08 14:00:00,282.5025,31.91,996.4588
2024-07-08 15:00:00,183.1346,10.1911,1028.3378
2024-07-08 16:00:00,164.5081,23.8785,914.531
2024-07-08 17:00:00,97.0389,132.7956,818.9327
2024-07-08 18:00:00,30.4793,74.0319,883.2908
2024-07-08 19:00:00,0.0,71.9914,927.5125
2024-07-08 20:00:00,0.0,78.6267,913.0109
2024-07-08 21:00:00,0.0,86.9529,943.309
2024-07-08 22:00:00,0.0,91.2196,882.1678
2024-07-08 23:00:00,0.0,118.5831,865.7518
2024-07-09 00:00:00,0.0,72.1595,901.7927
2024-07-09 01:00:00,0.0,32.2458,892.7303
2024-07-09 02:00:00,0.0,7.1042,897.36
2024-07-09 03:00:00,0.0,6.3415,879.9874
2024-07-09 04:00:00,0.0,3.4548,848.5605
2024-07-09 05:00:00,0.0,1.5238,842.2562
2024-07-09 06:00:00,0.0,6.1209,883.3116
2024-07-09 07:00:00,49.4968,9.1155,881.9587
2024-07-09 08:00:00,188.8201,1.1074,946.0701
2024-07-09 09:00:00,284.2276,0.6283,953.5087
2024-07-09 10:00:00,350.227,2.6625,941.8405
2024-07-09 11:00:00,385.4624,5.8461,953.0778
2024-07-09 12:00:00,399.3846,6.7019,956.4133
2024-07-09 13:00:00,406.0921,0.4674,904.7623
2024-07-09 14:00:00,386.6717,0.9559,842.16
2024-07-09 15:00:00,221.2079,12.3171,931.647
2024-07-09 16:00:00,176.9264,62.4603,860.6684
2024-07-09 17:00:00,74.319,30.433,926.2215
2024-07-09 18:00:00,26.8232,20.8495,938.0634
2024-07-09 19:00:00,0.0,24.5181,989.787
2024-07-09 20:00:00,0.0,9.5978,1019.2965
2024-07-09 21:00:00,0.0,6.9036,984.9886
2024-07-09 22:00:00,0.0,9.7527,954.2893
2024-07-09 23:00:00,0.0,69.1807,896.6982
2024-07-10 00:00:00,0.0,41.6138,951.803
2024-07-10 01:00:00,0.0,36.0333,878.1168
2024-07-10 02:00:00,0.0,11.2774,896.3103
2024-07-10 03:00:00,0.0,4.9557,863.0998
2024-07-10 04:00:00,0.0,1.5432,863.5364
2024-07-10 05:00:00,0.0,1.7415,827.8942
2024-07-10 06:00:00,0.0,3.7659,858.6626
2024-07-10 07:00:00,30.0649,3.7153,882.4212
2024-07-10 08:00:00,122.2954,3.0192,945.193
2024-07-10 09:00:00,212.7423,0.7385,961.4626
2024-07-10 10:00:00,260.548,0.3287,917.278
2024-07-10 11:00:00,400.7475,0.9511,937.0853
2024-07-10 12:00:00,425.8945,2.5324,866.4741
2024-07-10 13:00:00,299.4333,2.4819,892.2693
2024-07-10 14:00:00,264.2003,12.3157,923.8066
2024-07-10 15:00:00,218.3079,28.5698,953.8729
2024-07-10 16:00:00,171.1437,8.3225,948.7517
2024-07-10 17:00:00,38.245,16.5942,958.6278
2024-07-10 18:00:00,13.4473,15.5535,911.2297
2024-07-10 19:00:00,0.0,5.8073,998.5314
2024-07-10 20:00:00,0.0,3.2338,1001.1003
2024-07-10 21:00:00,0.0,5.9599,940.9603
2024-07-10 22:00:00,0.0,3.3431,914.4298
2024-07-10 23:00:00,0.0,2.3888,881.4687
2024-07-11 00:00:00,0.0,1.1815,844.7413
2024-07-11 01:00:00,0.0,2.4973,834.0787
2024-07-11 02:00:00,0.0,0.4866,828.0368
2024-07-11 03:00:00,0.0,0.3164,836.9048
2024-07-11 04:00:00,0.0,1.8433,806.2047
2024-07-11 05:00:00,0.0,0.9022,810.8375
2024-07-11 06:00:00,0.0,4.9754,848.4672
2024-07-11 07:00:00,39.0921,5.114,793.2127
2024-07-11 08:00:00,122.9725,6.0598,902.111
2024-07-11 09:00:00,250.9375,5.4681,898.7568
2024-07-11 10:00:00,347.8401,1.7618,910.0083
2024-07-11 11:00:00,328.9065,1.8447,929.9664
2024-07-11 12:00:00,299.5098,6.5829,970.8941
2024-07-11 13:00:00,305.3886,11.9877,962.0685
2024-07-11 14:00:00,318.3919,84.8032,950.4832
2024-07-11 15:00:00,108.3056,76.0124,954.2926
2024-07-11 16:00:00,70.0283,79.3006,866.1493
2024-07-11 17:00:00,27.834,66.9827,898.4472
2024-07-11 18:00:00,15.0705,39.733,935.0717
2024-07-11 19:00:00,0.0,38.6001,980.6435
2024-07-11 20:00:00,0.0,28.2703,987.4133
2024-07-11 21:00:00,0.0,8.1052,995.8151
2024-07-11 22:00:00,0.0,10.8001,958.6795
2024-07-11 23:00:00,0.0,3.227,973.1245
2024-07-12 00:00:00,0.0,20.1009,949.0701
2024-07-12 01:00:00,0.0,52.7027,975.2585
2024-07-12 02:00:00,0.0,59.0723,983.2108
2024-07-12 03:00:00,0.0,86.6249,929.234
2024-07-12 04:00:00,0.0,121.011,879.2762
2024-07-12 05:00:00,0.0,174.1086,871.7427
2024-07-12 06:00:00,0.0,165.4349,914.6618
2024-07-12 07:00:00,52.511,188.0013,886.6697
2024-07-12 08:00:00,137.5841,103.3408,948.0688
2024-07-12 09:00:00,275.5056,53.1575,911.9036
2024-07-12 10:00:00,312.4437,24.2353,896.8496
2024-07-12 11:00:00,300.1272,7.8283,876.3431
2024-07-12 12:00:00,328.985,12.2037,890.792
2024-07-12 13:00:00,330.9013,33.925,888.8133
2024-07-12 14:00:00,352.456,30.1875,884.812
2024-07-12 15:00:00,293.4468,49.753,894.4559
2024-07-12 16:00:00,213.5479,61.836,858.7529
2024-07-12 17:00:00,76.6568,107.2179,929.857
2024-07-12 18:00:00,22.6966,67.9132,922.97
2024-07-12 19:00:00,0.0,110.6745,921.5739
2024-07-12 20:00:00,0.0,120.3188,926.0064
2024-07-12 21:00:00,0.0,116.2942,911.6264
2024-07-12 22:00:00,0.0,119.8965,910.9922
2024-07-12 23:00:00,0.0,139.3725,810.1671
2024-07-13 00:00:00,0.0,103.3497,809.58
2024-07-13 01:00:00,0.0,80.7038,865.9137
2024-07-13 02:00:00,0.0,26.5951,859.4773
2024-07-13 03:00:00,0.0,34.7983,792.064
2024-07-13 04:00:00,0.0,41.0906,835.4118
2024-07-13 05:00:00,0.0,50.1389,804.8546
2024-07-13 06:00:00,0.0,32.5404,813.5478
2024-07-13 07:00:00,25.2371,43.3032,755.674
2024-07-13 08:00:00,101.1838,59.5681,774.0798
2024-07-13 09:00:00,203.5436,39.0301,791.5961
2024-07-13 10:00:00,291.7581,51.8062,752.0465
2024-07-13 11:00:00,348.9866,46.1695,745.1209
2024-07-13 12:00:00,324.6818,34.8418,728.9001
2024-07-13 13:00:00,283.8663,47.7486,717.569
2024-07-13 14:00:00,240.9478,35.6909,827.7587
2024-07-13 15:00:00,224.4247,123.3432,805.3418
2024-07-13 16:00:00,174.5494,83.4439,836.9398
2024-07-13 17:00:00,105.8019,88.3977,888.4632
2024-07-13 18:00:00,37.8129,91.0983,944.2951
2024-07-13 19:00:00,0.0,115.1567,1014.4266
2024-07-13 20:00:00,0.0,105.759,989.3276
2024-07-13 21:00:00,0.0,70.549,1004.3397
2024-07-13 22:00:00,0.0,48.2609,998.0787
2024-07-13 23:00:00,0.0,32.874,946.1492
2024-07-14 00:00:00,0.0,15.8999,902.6937
2024-07-14 01:00:00,0.0,18.9989,855.3582
2024-07-14 02:00:00,0.0,20.1128,776.3209
2024-07-14 03:00:00,0.0,4.0133,824.6948
2024-07-14 04:00:00,0.0,7.8766,823.5317
2024-07-14 05:00:00,0.0,6.5638,783.4496
2024-07-14 06:00:00,0.0,7.3289,784.1916
2024-07-14 07:00:00,46.1275,8.3933,795.4687
2024-07-14 08:00:00,154.7768,3.1086,735.6945
2024-07-14 09:00:00,240.384,3.2292,721.6287
2024-07-14 10:00:00,271.5137,6.7833,724.5148
2024-07-14 11:00:00,366.4368,7.2259,739.3092
2024-07-14 12:00:00,371.2259,12.2213,746.4564
2024-07-14 13:00:00,332.4569,17.4984,744.4881
2024-07-14 14:00:00,325.936,7.9061,717.459
2024-07-14 15:00:00,209.2208,18.8745,819.6213
2024-07-14 16:00:00,170.3569,36.1948,797.7794
2024-07-14 17:00:00,93.5328,97.0881,808.182
2024-07-14 18:00:00,31.6008,87.4019,743.6927
2024-07-14 19:00:00,0.0,67.2603,787.7058
2024-07-14 20:00:00,0.0,80.4533,757.9687
2024-07-14 21:00:00,0.0,111.39,696.3835
2024-07-14 22:00:00,0.0,81.384,747.5197
2024-07-14 23:00:00,0.0,118.667,721.2733
2024-07-15 00:00:00,0.0,115.7117,665.6399
2024-07-15 01:00:00,0.0,115.7381,592.3949
2024-07-15 02:00:00,0.0,87.4217,579.8866
2024-07-15 03:00:00,0.0,119.3853,537.2662
2024-07-15 04:00:00,0.0,121.8344,505.8779
2024-07-15 05:00:00,0.0,109.1666,511.2115
2024-07-15 06:00:00,0.0,86.6238,551.7275
2024-07-15 07:00:00,62.1251,71.3252,563.3958
2024-07-15 08:00:00,179.5004,70.561,673.2983
2024-07-15 09:00:00,295.6935,85.592,661.6269
2024-07-15 10:00:00,362.8819,67.9638,702.2417
2024-07-15 11:00:00,382.9274,41.5909,724.7993
2024-07-15 12:00:00,400.3482,81.8824,668.9884
2024-07-15 13:00:00,316.0662,36.2989,714.6963
2024-07-15 14:00:00,280.5198,80.1011,767.3101
2024-07-15 15:00:00,215.3404,91.5102,799.6865
2024-07-15 16:00:00,200.2627,183.2399,770.999
2024-07-15 17:00:00,105.5223,168.8863,903.5727
2024-07-15 18:00:00,34.9187,142.8955,909.9877
2024-07-15 19:00:00,0.0,89.7549,942.6425
2024-07-15 20:00:00,0.0,97.0769,935.1637
2024-07-15 21:00:00,0.0,73.7448,970.4188
2024-07-15 22:00:00,0.0,81.051,987.7913
2024-07-15 23:00:00,0.0,71.9315,929.6894
2024-07-16 00:00:00,0.0,108.1969,818.4864
2024-07-16 01:00:00,0.0,49.9637,808.005
2024-07-16 02:00:00,0.0,44.2561,744.5604
2024-07-16 03:00:00,0.0,48.8281,656.3527
2024-07-16 04:00:00,0.0,58.8318,621.603
2024-07-16 05:00:00,0.0,48.5735,613.6115
2024-07-16 06:00:00,0.0,94.7049,582.0568
2024-07-16 07:00:00,30.859,63.4212,632.2641
2024-07-16 08:00:00,109.7612,40.6244,709.9962
2024-07-16 09:00:00,200.1352,85.7882,726.7409
2024-07-16 10:00:00,272.8008,135.2865,706.3278
2024-07-16 11:00:00,334.12,69.7979,703.6805
2024-07-16 12:00:00,355.8921,38.4386,661.0926
2024-07-16 13:00:00,359.822,32.4267,664.0575
2024-07-16 14:00:00,349.2726,54.2557,711.2008
2024-07-16 15:00:00,249.0209,124.2055,720.5535
2024-07-16 16:00:00,171.6011,142.2577,782.865
2024-07-16 17:00:00,63.968,80.0758,839.6973
2024-07-16 18:00:00,13.7244,77.1475,864.3877
2024-07-16 19:00:00,0.0,88.5388,876.3482
2024-07-16 20:00:00,0.0,61.5279,992.1729
2024-07-16 21:00:00,0.0,53.5819,958.9277
2024-07-16 22:00:00,0.0,58.0456,937.515
2024-07-16 23:00:00,0.0,40.6947,857.6949
2024-07-17 00:00:00,0.0,45.2092,800.3059
2024-07-17 01:00:00,0.0,11.7076,748.8911
2024-07-17 02:00:00,0.0,7.7971,699.2943
2024-07-17 03:00:00,0.0,2.5973,617.1551
2024-07-17 04:00:00,0.0,5.1753,566.6673
2024-07-17 05:00:00,0.0,9.152,587.0512
2024-07-17 06:00:00,0.0,7.9347,618.9888
2024-07-17 07:00:00,32.3482,18.6408,618.2105
2024-07-17 08:00:00,86.5428,13.6462,715.5879
2024-07-17 09:00:00,139.8985,26.8727,704.1746
2024-07-17 10:00:00,182.2909,24.6658,800.4242
2024-07-17 11:00:00,205.6731,28.2227,804.8399
2024-07-17 12:00:00,269.8282,26.0612,670.2139
2024-07-17 13:00:00,242.7825,19.4176,692.7207
2024-07-17 14:00:00,134.0012,33.7886,801.7867
2024-07-17 15:00:00,94.7055,28.1435,873.5171
2024-07-17 16:00:00,48.219,43.5953,868.2444
2024-07-17 17:00:00,28.3109,28.7576,892.0101
2024-07-17 18:00:00,7.6299,23.6547,878.6456
2024-07-17 19:00:00,0.0,16.8492,936.8769
2024-07-17 20:00:00,0.0,18.637,943.9245
2024-07-17 21:00:00,0.0,20.4211,919.5744
2024-07-17 22:00:00,0.0,14.2236,882.5762
2024-07-17 23:00:00,0.0,7.9896,843.4554
2024-07-18 00:00:00,0.0,6.9474,769.0012
2024-07-18 01:00:00,0.0,29.296,758.1625
2024-07-18 02:00:00,0.0,14.6805,652.1667
2024-07-18 03:00:00,0.0,1.1629,654.2848
2024-07-18 04:00:00,0.0,3.3909,629.5632
2024-07-18 05:00:00,0.0,12.9299,622.7194
2024-07-18 06:00:00,0.0,30.4286,627.7842
2024-07-18 07:00:00,33.0022,27.0014,621.3768
2024-07-18 08:00:00,95.5897,20.9198,690.4486
2024-07-18 09:00:00,142.8417,13.2964,770.4269
2024-07-18 10:00:00,197.8905,7.5548,752.9668
2024-07-18 11:00:00,278.0285,7.9945,729.653
2024-07-18 12:00:00,308.84,20.5209,693.7958
2024-07-18 13:00:00,271.5437,4.2436,773.6034
2024-07-18 14:00:00,188.2619,1.6932,895.4594
2024-07-18 15:00:00,114.5486,11.5493,943.9156
2024-07-18 16:00:00,63.9737,2.1203,955.0128
2024-07-18 17:00:00,33.2361,3.1299,946.1776
2024-07-18 18:00:00,14.2605,1.7006,848.3446
2024-07-18 19:00:00,0.0,1.4184,885.5499
2024-07-18 20:00:00,0.0,0.1472,840.0828
2024-07-18 21:00:00,0.0,0.1632,794.4292
2024-07-18 22:00:00,0.0,0.3664,860.2926
2024-07-18 23:00:00,0.0,0.5131,817.4811
2024-07-19 00:00:00,0.0,0.6981,822.0748
2024-07-19 01:00:00,0.0,0.305,799.1862
2024-07-19 02:00:00,0.0,0.6521,777.3082
2024-07-19 03:00:00,0.0,0.57,668.2175
2024-07-19 04:00:00,0.0,0.2754,645.364
2024-07-19 05:00:00,0.0,0.2868,650.9293
2024-07-19 06:00:00,0.0,0.4153,679.245
2024-07-19 07:00:00,49.9336,0.5648,677.5921
2024-07-19 08:00:00,89.6533,0.7283,740.3127
2024-07-19 09:00:00,208.5879,0.8764,693.1514
2024-07-19 10:00:00,301.4604,1.0652,664.2411
2024-07-19 11:00:00,372.4501,1.1991,545.7682
2024-07-19 12:00:00,387.4051,1.2201,577.7935
2024-07-19 13:00:00,370.1093,10.5962,617.1946
2024-07-19 14:00:00,268.9536,3.6695,729.3064
2024-07-19 15:00:00,217.2726,0.5367,782.7101
2024-07-19 16:00:00,128.7274,3.7152,715.7555
2024-07-19 17:00:00,49.19,3.488,852.7034
2024-07-19 18:00:00,13.3037,1.8161,728.0242
2024-07-19 19:00:00,0.0,1.3495,635.9361
2024-07-19 20:00:00,0.0,1.2317,622.888
2024-07-19 21:00:00,0.0,3.6367,657.1531
2024-07-19 22:00:00,0.0,4.2044,678.7012
2024-07-19 23:00:00,0.0,2.9406,739.1693
2024-07-20 00:00:00,0.0,6.4355,729.6785
2024-07-20 01:00:00,0.0,4.6546,708.7617
2024-07-20 02:00:00,0.0,6.1118,675.1945
2024-07-20 03:00:00,0.0,16.056,665.4393
2024-07-20 04:00:00,0.0,22.5844,650.7086
2024-07-20 05:00:00,0.0,27.8583,640.4529
2024-07-20 06:00:00,0.0,25.9124,670.7427
2024-07-20 07:00:00,37.8936,24.3561,625.9632
2024-07-20 08:00:00,167.4245,15.516,619.3498
2024-07-20 09:00:00,276.4331,26.7719,587.0865
2024-07-20 10:00:00,353.8518,47.7376,559.1611
2024-07-20 11:00:00,420.8241,47.7794,591.3955
2024-07-20 12:00:00,413.8708,47.9181,647.5899
2024-07-20 13:00:00,440.6402,71.7836,581.9965
2024-07-20 14:00:00,382.5937,89.5844,569.7151
2024-07-20 15:00:00,295.5459,98.7353,657.305
2024-07-20 16:00:00,239.4483,108.4979,702.7879
2024-07-20 17:00:00,84.3529,96.6743,747.5759
2024-07-20 18:00:00,29.7689,80.972,828.2573
2024-07-20 19:00:00,0.0,74.5848,907.2772
2024-07-20 20:00:00,0.0,65.9148,925.7893
2024-07-20 21:00:00,0.0,68.3497,909.3603
2024-07-20 22:00:00,0.0,62.742,884.3965
2024-07-20 23:00:00,0.0,76.858,746.7458
2024-07-21 00:00:00,0.0,66.8067,730.4273
2024-07-21 01:00:00,0.0,54.23,745.7113
2024-07-21 02:00:00,0.0,15.3912,740.1796
2024-07-21 03:00:00,0.0,28.9381,728.7438
2024-07-21 04:00:00,0.0,34.2034,644.6549
2024-07-21 05:00:00,0.0,16.0226,649.3488
2024-07-21 06:00:00,0.0,13.9906,635.4387
2024-07-21 07:00:00,35.1621,16.9771,619.0512
2024-07-21 08:00:00,120.4116,15.6685,548.1245
2024-07-21 09:00:00,221.6064,49.0388,485.933
2024-07-21 10:00:00,282.329,40.2113,482.4049
2024-07-21 11:00:00,365.862,56.1183,486.7515
2024-07-21 12:00:00,390.4003,65.1822,464.5943
2024-07-21 13:00:00,386.7371,30.1018,524.9561
2024-07-21 14:00:00,274.5197,21.6975,604.7859
2024-07-21 15:00:00,293.5479,25.2112,591.1457
2024-07-21 16:00:00,183.6489,16.5936,558.4297
2024-07-21 17:00:00,90.0474,32.2565,636.4279
2024-07-21 18:00:00,42.8063,49.9786,642.4197
2024-07-21 19:00:00,0.0,41.4428,796.6239
2024-07-21 20:00:00,0.0,47.1986,800.6069
2024-07-21 21:00:00,0.0,41.0236,831.7903
2024-07-21 22:00:00,0.0,88.8746,784.039
2024-07-21 23:00:00,0.0,46.8323,558.3207
2024-07-22 00:00:00,0.0,86.2778,487.5744
2024-07-22 01:00:00,0.0,49.4796,497.1996
2024-07-22 02:00:00,0.0,23.6997,510.1208
2024-07-22 03:00:00,0.0,9.1006,514.4555
2024-07-22 04:00:00,0.0,6.7205,504.7938
2024-07-22 05:00:00,0.0,14.228,503.0512
2024-07-22 06:00:00,0.0,4.0845,678.866
2024-07-22 07:00:00,12.9649,7.1771,741.1019
2024-07-22 08:00:00,57.2124,1.1627,709.0216
2024-07-22 09:00:00,101.0818,0.1672,810.2632
2024-07-22 10:00:00,210.3077,0.1792,787.9056
2024-07-22 11:00:00,271.7288,0.2214,790.4311
2024-07-22 12:00:00,328.3602,0.2635,664.7717
2024-07-22 13:00:00,315.5321,0.3159,684.8617
2024-07-22 14:00:00,291.0197,0.3746,767.7163
2024-07-22 15:00:00,206.3506,24.1048,815.8398
2024-07-22 16:00:00,136.9865,2.5993,771.441
2024-07-22 17:00:00,67.8004,28.8902,694.6951
2024-07-22 18:00:00,23.8252,2.5803,670.7107
2024-07-22 19:00:00,0.0,9.5303,732.4912
2024-07-22 20:00:00,0.0,13.7059,712.7833
2024-07-22 21:00:00,0.0,5.7502,734.8057
2024-07-22 22:00:00,0.0,2.942,683.5548
2024-07-22 23:00:00,0.0,4.5355,554.175
2024-07-23 00:00:00,0.0,5.557,470.8885
2024-07-23 01:00:00,0.0,4.1357,475.8673
2024-07-23 02:00:00,0.0,3.1759,466.9155
2024-07-23 03:00:00,0.0,4.38,434.5158
2024-07-23 04:00:00,0.0,2.9122,384.2717
2024-07-23 05:00:00,0.0,4.7857,398.5864
2024-07-23 06:00:00,0.0,3.2293,406.9504
2024-07-23 07:00:00,19.7329,6.9576,438.7325
2024-07-23 08:00:00,77.1458,5.7142,608.0041
2024-07-23 09:00:00,167.5391,4.8205,587.3929
2024-07-23 10:00:00,188.794,1.8082,579.6793
2024-07-23 11:00:00,267.0673,12.5674,588.867
2024-07-23 12:00:00,264.1115,6.7956,585.5784
2024-07-23 13:00:00,228.2871,6.7241,626.4391
2024-07-23 14:00:00,215.3854,5.7545,685.5584
2024-07-23 15:00:00,138.8734,11.6715,781.6806
2024-07-23 16:00:00,90.8522,27.6355,763.9761
2024-07-23 17:00:00,58.0056,43.4417,765.2501
2024-07-23 18:00:00,20.2114,82.6454,713.9233
2024-07-23 19:00:00,0.0,43.7719,829.8442
2024-07-23 20:00:00,0.0,55.4385,808.2407
2024-07-23 21:00:00,0.0,18.8678,816.8381
2024-07-23 22:00:00,0.0,12.7111,579.1817
2024-07-23 23:00:00,0.0,5.3667,551.7663
2024-07-24 00:00:00,0.0,15.8354,499.6642
2024-07-24 01:00:00,0.0,16.5205,514.3891
2024-07-24 02:00:00,0.0,4.6078,511.7656
2024-07-24 03:00:00,0.0,5.624,511.2787
2024-07-24 04:00:00,0.0,3.9765,486.6497
2024-07-24 05:00:00,0.0,1.8206,434.7059
2024-07-24 06:00:00,0.0,3.2675,449.5851
2024-07-24 07:00:00,38.3127,1.9108,453.0005
2024-07-24 08:00:00,160.3306,0.3842,462.3625
2024-07-24 09:00:00,232.9349,0.3033,469.6755
2024-07-24 10:00:00,323.4801,0.4984,531.2467
2024-07-24 11:00:00,430.0556,0.5919,522.9513
2024-07-24 12:00:00,415.6045,0.3547,545.361
2024-07-24 13:00:00,406.1404,0.4816,575.694
2024-07-24 14:00:00,364.3777,7.5948,645.645
2024-07-24 15:00:00,376.8136,22.0092,630.4358
2024-07-24 16:00:00,223.0707,0.7333,810.8983
2024-07-24 17:00:00,116.7259,7.7357,749.3108
2024-07-24 18:00:00,36.1886,7.2885,689.9871
2024-07-24 19:00:00,0.0,28.1502,700.3519
2024-07-24 20:00:00,0.0,31.5379,706.5522
2024-07-24 21:00:00,0.0,18.3152,701.3494
2024-07-24 22:00:00,0.0,29.3989,632.3376
2024-07-24 23:00:00,0.0,14.8525,516.0015
2024-07-25 00:00:00,0.0,17.5073,435.2487
2024-07-25 01:00:00,0.0,15.688,408.7368
2024-07-25 02:00:00,0.0,8.874,393.4497
2024-07-25 03:00:00,0.0,5.9455,393.6096
2024-07-25 04:00:00,0.0,26.7463,370.9266
2024-07-25 05:00:00,0.0,16.1499,333.0241
2024-07-25 06:00:00,0.0,20.8593,460.3976
2024-07-25 07:00:00,42.4186,7.4499,516.7836
2024-07-25 08:00:00,148.6159,13.0455,547.6038
2024-07-25 09:00:00,259.06,1.2266,510.8455
2024-07-25 10:00:00,315.8085,2.2187,552.3268
2024-07-25 11:00:00,383.6848,1.1284,542.8564
2024-07-25 12:00:00,360.2247,9.5649,577.5863
2024-07-25 13:00:00,343.4517,26.2197,656.6433
2024-07-25 14:00:00,288.1107,20.2463,617.596
2024-07-25 15:00:00,131.2448,54.9947,715.347
2024-07-25 16:00:00,33.5496,22.1593,889.4042
2024-07-25 17:00:00,18.5046,2.4287,816.4629
2024-07-25 18:00:00,8.7644,0.2822,757.7814
2024-07-25 19:00:00,0.0,0.2359,780.4876
2024-07-25 20:00:00,0.0,0.4913,851.6253
2024-07-25 21:00:00,0.0,1.9152,786.6429
2024-07-25 22:00:00,0.0,5.3125,754.8155
2024-07-25 23:00:00,0.0,1.1492,579.6345
2024-07-26 00:00:00,0.0,1.8463,563.6728
2024-07-26 01:00:00,0.0,0.5407,491.7424
2024-07-26 02:00:00,0.0,0.1907,444.8259
2024-07-26 03:00:00,0.0,0.2354,448.7378
2024-07-26 04:00:00,0.0,0.4651,461.8271
2024-07-26 05:00:00,0.0,0.4584,468.4496
2024-07-26 06:00:00,0.0,0.2934,515.4624
2024-07-26 07:00:00,41.2829,0.2437,496.2746
2024-07-26 08:00:00,150.7029,0.509,577.6295
2024-07-26 09:00:00,237.6392,0.2082,589.3399
2024-07-26 10:00:00,297.1972,0.3881,606.4731
2024-07-26 11:00:00,355.9561,0.4866,615.2784
2024-07-26 12:00:00,424.3681,1.6104,513.4154
2024-07-26 13:00:00,330.0583,2.2216,581.8427
2024-07-26 14:00:00,337.2333,1.0689,621.1087
2024-07-26 15:00:00,188.9724,2.1876,791.3815
2024-07-26 16:00:00,110.0555,1.54,845.9072
2024-07-26 17:00:00,38.4345,12.9203,859.7114
2024-07-26 18:00:00,7.853,8.9619,844.7022
2024-07-26 19:00:00,0.0,3.8416,918.2598
2024-07-26 20:00:00,0.0,3.3564,879.1769
2024-07-26 21:00:00,0.0,2.6609,879.9341
2024-07-26 22:00:00,0.0,2.1685,881.8575
2024-07-26 23:00:00,0.0,0.6966,829.7799
2024-07-27 00:00:00,0.0,0.5393,763.1436
2024-07-27 01:00:00,0.0,0.1462,817.7686
2024-07-27 02:00:00,0.0,0.2523,812.1994
2024-07-27 03:00:00,0.0,0.497,815.6475
2024-07-27 04:00:00,0.0,0.7987,820.643
2024-07-27 05:00:00,0.0,3.6488,789.5603
2024-07-27 06:00:00,0.0,2.5636,751.4355
2024-07-27 07:00:00,31.2076,0.5553,710.5116
2024-07-27 08:00:00,128.3125,1.2567,654.1214
2024-07-27 09:00:00,203.5292,2.8288,644.1839
2024-07-27 10:00:00,197.5502,0.4601,723.3157
2024-07-27 11:00:00,196.0183,23.3886,717.4007
2024-07-27 12:00:00,228.7871,2.6823,686.2324
2024-07-27 13:00:00,184.5688,0.2018,724.3667
2024-07-27 14:00:00,159.5988,0.3163,720.0348
2024-07-27 15:00:00,126.1104,4.2824,793.3484
2024-07-27 16:00:00,78.8784,0.8055,825.9378
2024-07-27 17:00:00,59.5787,3.2977,867.715
2024-07-27 18:00:00,18.861,0.7618,897.6823
2024-07-27 19:00:00,0.0,6.5993,940.4541
2024-07-27 20:00:00,0.0,4.393,939.586
2024-07-27 21:00:00,0.0,1.3568,924.3057
2024-07-27 22:00:00,0.0,1.2051,917.9955
2024-07-27 23:00:00,0.0,0.3003,920.4165
2024-07-28 00:00:00,0.0,0.6105,838.8939
2024-07-28 01:00:00,0.0,0.6094,837.5897
2024-07-28 02:00:00,0.0,0.3968,867.7026
2024-07-28 03:00:00,0.0,0.8486,810.8772
2024-07-28 04:00:00,0.0,0.757,810.0101
2024-07-28 05:00:00,0.0,0.4577,797.4977
2024-07-28 06:00:00,0.0,1.0721,779.5292
2024-07-28 07:00:00,41.0127,0.7405,717.9715
2024-07-28 08:00:00,117.6486,1.3484,749.037
2024-07-28 09:00:00,208.2059,0.7123,740.6282
2024-07-28 10:00:00,295.7027,1.4311,643.5627
2024-07-28 11:00:00,421.8174,2.064,643.4564
2024-07-28 12:00:00,409.8701,4.0449,659.9173
2024-07-28 13:00:00,394.9477,15.9125,691.4729
2024-07-28 14:00:00,291.0566,35.0038,719.2827
2024-07-28 15:00:00,253.7501,7.3618,808.8003
2024-07-28 16:00:00,161.6966,32.7784,771.7196
2024-07-28 17:00:00,118.1947,126.0807,699.2807
2024-07-28 18:00:00,44.5923,124.1773,759.6922
2024-07-28 19:00:00,0.0,140.4585,794.7511
2024-07-28 20:00:00,0.0,99.1565,886.8511
2024-07-28 21:00:00,0.0,106.7174,895.4908
2024-07-28 22:00:00,0.0,106.9129,869.3927
2024-07-28 23:00:00,0.0,126.0556,796.4287
2024-07-29 00:00:00,0.0,113.3413,708.9203
2024-07-29 01:00:00,0.0,89.2585,744.329
2024-07-29 02:00:00,0.0,73.2278,664.082
2024-07-29 03:00:00,0.0,72.0717,626.0621
2024-07-29 04:00:00,0.0,60.9473,631.245
2024-07-29 05:00:00,0.0,33.3961,606.5928
2024-07-29 06:00:00,0.0,52.9523,752.7739
2024-07-29 07:00:00,43.5753,24.9428,708.6638
2024-07-29 08:00:00,159.153,23.5122,710.3168
2024-07-29 09:00:00,252.4952,26.7727,713.4999
2024-07-29 10:00:00,360.1287,155.7181,624.0534
2024-07-29 11:00:00,393.7525,97.6406,611.521
2024-07-29 12:00:00,345.6702,74.7169,639.1416
2024-07-29 13:00:00,334.3702,109.7145,633.2597
2024-07-29 14:00:00,321.5412,90.3276,659.8804
2024-07-29 15:00:00,224.4351,103.8144,673.6415
2024-07-29 16:00:00,133.1993,139.897,636.0094
2024-07-29 17:00:00,95.3451,148.1642,687.8847
2024-07-29 18:00:00,24.6065,96.7481,827.1343
2024-07-29 19:00:00,0.0,119.838,820.4955
2024-07-29 20:00:00,0.0,119.4665,858.3883
2024-07-29 21:00:00,0.0,141.9898,804.8078
2024-07-29 22:00:00,0.0,126.0414,725.1936
2024-07-29 23:00:00,0.0,109.4091,612.953
2024-07-30 00:00:00,0.0,105.0988,623.2484
2024-07-30 01:00:00,0.0,105.7272,641.113
2024-07-30 02:00:00,0.0,66.0263,675.2713
2024-07-30 03:00:00,0.0,78.0122,661.9929
2024-07-30 04:00:00,0.0,39.1788,645.8407
2024-07-30 05:00:00,0.0,36.3472,570.7187
2024-07-30 06:00:00,0.0,42.5687,554.8083
2024-07-30 07:00:00,27.2011,58.6164,435.9806
2024-07-30 08:00:00,85.9911,77.0416,552.4025
2024-07-30 09:00:00,128.9836,66.4747,593.3154
2024-07-30 10:00:00,208.9887,52.518,645.298
2024-07-30 11:00:00,231.3753,37.8355,673.5346
2024-07-30 12:00:00,323.4607,50.5126,573.3204
2024-07-30 13:00:00,237.7065,62.0577,703.0151
2024-07-30 14:00:00,104.8206,53.5674,838.4235
2024-07-30 15:00:00,36.7876,35.6124,877.5142
2024-07-30 16:00:00,27.1296,38.8696,898.2142
2024-07-30 17:00:00,19.9522,66.0195,840.0659
2024-07-30 18:00:00,12.2381,51.47,898.6198
2024-07-30 19:00:00,0.0,30.6235,954.6
2024-07-30 20:00:00,0.0,23.4188,972.3439
2024-07-30 21:00:00,0.0,19.1172,955.6564
2024-07-30 22:00:00,0.0,10.1392,949.5109
2024-07-30 23:00:00,0.0,9.0394,802.6263
2024-07-31 00:00:00,0.0,29.2248,787.8508
2024-07-31 01:00:00,0.0,14.5755,786.6198
2024-07-31 02:00:00,0.0,26.5774,758.7848
2024-07-31 03:00:00,0.0,9.5613,760.4626
2024-07-31 04:00:00,0.0,4.7331,753.7901
2024-07-31 05:00:00,0.0,1.7763,747.4596
2024-07-31 06:00:00,0.0,2.6927,784.1826
2024-07-31 07:00:00,16.9345,0.2365,933.8463
2024-07-31 08:00:00,45.6437,0.076,946.1065
2024-07-31 09:00:00,139.8965,0.8734,908.895
2024-07-31 10:00:00,188.7357,0.2877,902.5729
2024-07-31 11:00:00,234.7421,3.1011,853.2561
2024-07-31 12:00:00,261.5848,3.4212,843.3741
2024-07-31 13:00:00,293.9172,2.7175,832.8369
2024-07-31 14:00:00,290.4461,0.9097,825.4806
2024-07-31 15:00:00,238.6493,0.4322,892.3742
2024-07-31 16:00:00,198.4938,3.5463,888.2821
2024-07-31 17:00:00,101.8374,0.5869,912.5745
2024-07-31 18:00:00,14.0922,6.0755,881.7078
2024-07-31 19:00:00,0.0,2.2173,887.2396
2024-07-31 20:00:00,0.0,3.9108,901.172
2024-07-31 21:00:00,0.0,5.2922,912.3611
2024-07-31 22:00:00,0.0,9.5726,979.3305
2024-07-31 23:00:00,0.0,1.2366,939.9437
2024-08-01 00:00:00,0.0,0.524,916.3181
2024-08-01 01:00:00,0.0,2.1504,868.501
2024-08-01 02:00:00,0.0,2.6541,832.313
2024-08-01 03:00:00,0.0,4.4083,810.7519
2024-08-01 04:00:00,0.0,10.3338,850.5398
2024-08-01 05:00:00,0.0,9.5151,959.8873
2024-08-01 06:00:00,0.0,13.4713,985.7659
2024-08-01 07:00:00,35.3827,12.7331,997.327
2024-08-01 08:00:00,125.3504,16.2569,984.4035
2024-08-01 09:00:00,171.3203,16.1098,895.7828
2024-08-01 10:00:00,191.6052,5.6854,937.1166
2024-08-01 11:00:00,217.0749,8.2899,911.3751
2024-08-01 12:00:00,223.692,5.0007,912.1514
2024-08-01 13:00:00,240.485,0.6221,910.3288
2024-08-01 14:00:00,233.8018,0.9337,853.0741
2024-08-01 15:00:00,112.4754,13.4127,900.4857
2024-08-01 16:00:00,55.2649,53.8436,808.5931
2024-08-01 17:00:00,13.5743,2.0808,819.7265
2024-08-01 18:00:00,2.5965,28.2475,910.6127
2024-08-01 19:00:00,0.0,16.0,858.5544
2024-08-01 20:00:00,0.0,25.7628,958.8768
2024-08-01 21:00:00,0.0,32.7634,968.0004
2024-08-01 22:00:00,0.0,13.5394,968.5156
2024-08-01 23:00:00,0.0,6.1282,966.7657
2024-08-02 00:00:00,0.0,0.4376,953.6719
2024-08-02 01:00:00,0.0,1.4576,951.7996
2024-08-02 02:00:00,0.0,0.6615,933.2557
2024-08-02 03:00:00,0.0,0.7736,861.576
2024-08-02 04:00:00,0.0,0.7873,866.0772
2024-08-02 05:00:00,0.0,0.7232,855.2058
2024-08-02 06:00:00,0.0,0.1949,908.228
2024-08-02 07:00:00,36.5161,0.1997,891.7091
2024-08-02 08:00:00,123.461,0.3458,882.328
2024-08-02 09:00:00,296.4489,0.5234,875.9723
2024-08-02 10:00:00,346.6533,0.1434,863.6098
2024-08-02 11:00:00,400.455,0.137,870.3893
2024-08-02 12:00:00,369.46,0.137,846.9048
2024-08-02 13:00:00,338.8737,2.6014,818.2734
2024-08-02 14:00:00,360.6759,5.0721,735.2428
2024-08-02 15:00:00,323.3256,3.0019,765.3848
2024-08-02 16:00:00,229.5582,3.5641,752.0117
2024-08-02 17:00:00,111.0248,0.5737,767.354
2024-08-02 18:00:00,14.682,1.6757,772.6469
2024-08-02 19:00:00,0.0,4.317,813.0028
2024-08-02 20:00:00,0.0,5.4586,861.6088
2024-08-02 21:00:00,0.0,0.2125,859.4344
2024-08-02 22:00:00,0.0,0.1201,845.9375
2024-08-02 23:00:00,0.0,0.2998,879.4115
2024-08-03 00:00:00,0.0,0.4867,889.411
2024-08-03 01:00:00,0.0,1.0325,878.4454
2024-08-03 02:00:00,0.0,1.8462,839.0854
2024-08-03 03:00:00,0.0,1.3818,814.7907
2024-08-03 04:00:00,0.0,1.5432,810.0556
2024-08-03 05:00:00,0.0,0.659,754.0643
2024-08-03 06:00:00,0.0,0.5377,733.5641
2024-08-03 07:00:00,45.3451,1.4338,755.1676
2024-08-03 08:00:00,165.8678,1.2308,774.2624
2024-08-03 09:00:00,279.6853,1.083,847.8743
2024-08-03 10:00:00,341.9461,0.8848,775.8992
2024-08-03 11:00:00,405.9102,0.8949,816.4666
2024-08-03 12:00:00,431.7546,0.5154,853.8226
2024-08-03 13:00:00,425.2838,2.5483,823.0374
2024-08-03 14:00:00,300.2943,10.7885,893.0861
2024-08-03 15:00:00,226.174,3.4099,897.247
2024-08-03 16:00:00,97.3164,11.6333,893.7255
2024-08-03 17:00:00,35.7802,13.0152,881.0501
2024-08-03 18:00:00,15.7741,0.4232,893.216
2024-08-03 19:00:00,0.0,56.0217,868.1651
2024-08-03 20:00:00,0.0,32.3514,900.5646
2024-08-03 21:00:00,0.0,10.3693,964.9485
2024-08-03 22:00:00,0.0,16.9017,984.9155
2024-08-03 23:00:00,0.0,0.7221,972.9511
2024-08-04 00:00:00,0.0,0.8948,977.4716
2024-08-04 01:00:00,0.0,0.2081,899.8114
2024-08-04 02:00:00,0.0,0.5087,893.1788
2024-08-04 03:00:00,0.0,4.379,889.1109
2024-08-04 04:00:00,0.0,9.9644,880.9658
2024-08-04 05:00:00,0.0,12.3085,869.7989
2024-08-04 06:00:00,0.0,10.708,873.2748
2024-08-04 07:00:00,47.5462,16.4362,812.2721
2024-08-04 08:00:00,200.762,7.834,755.1319
2024-08-04 09:00:00,327.3378,4.7145,686.9193
2024-08-04 10:00:00,421.1232,6.9173,704.5783
2024-08-04 11:00:00,462.625,7.7631,680.2717
2024-08-04 12:00:00,471.0843,5.7112,725.1451
2024-08-04 13:00:00,408.7203,60.3119,829.4779
2024-08-04 14:00:00,365.8906,42.7406,837.1079
2024-08-04 15:00:00,256.956,37.8605,909.176
2024-08-04 16:00:00,148.6573,22.0118,875.1514
2024-08-04 17:00:00,75.5245,14.776,853.7317
2024-08-04 18:00:00,28.9436,9.6839,822.901
2024-08-04 19:00:00,0.0,15.9387,913.3351
2024-08-04 20:00:00,0.0,14.5404,952.5414
2024-08-04 21:00:00,0.0,7.5841,949.018
2024-08-04 22:00:00,0.0,5.0109,884.5962
2024-08-04 23:00:00,0.0,15.133,956.614
2024-08-05 00:00:00,0.0,18.2068,952.1205
2024-08-05 01:00:00,0.0,19.5954,964.9143
2024-08-05 02:00:00,0.0,24.0066,935.9706
2024-08-05 03:00:00,0.0,23.4306,876.8291
2024-08-05 04:00:00,0.0,30.8649,848.3496
2024-08-05 05:00:00,0.0,28.9883,796.2977
2024-08-05 06:00:00,0.0,30.775,827.3819
2024-08-05 07:00:00,31.7335,20.5453,821.9002
2024-08-05 08:00:00,135.2061,12.9492,818.9347
2024-08-05 09:00:00,235.3446,13.3729,676.5671
2024-08-05 10:00:00,301.7391,12.6897,700.561
2024-08-05 11:00:00,338.6101,8.6153,709.6967
2024-08-05 12:00:00,212.0399,12.5914,716.3842
2024-08-05 13:00:00,218.4177,6.0058,661.8221
2024-08-05 14:00:00,134.4946,83.6242,667.0843
2024-08-05 15:00:00,107.2923,17.6869,763.8485
2024-08-05 16:00:00,28.2535,5.3936,801.7127
2024-08-05 17:00:00,13.771,6.8184,706.091
2024-08-05 18:00:00,5.5232,10.6982,724.0351
2024-08-05 19:00:00,0.0,11.5624,771.7328
2024-08-05 20:00:00,0.0,4.132,797.9484
2024-08-05 21:00:00,0.0,1.355,817.8847
2024-08-05 22:00:00,0.0,4.5984,811.2134
2024-08-05 23:00:00,0.0,22.5906,831.0322
2024-08-06 00:00:00,0.0,29.6496,791.7307
2024-08-06 01:00:00,0.0,40.6813,836.6826
2024-08-06 02:00:00,0.0,17.7542,777.5498
2024-08-06 03:00:00,0.0,16.5467,722.3812
2024-08-06 04:00:00,0.0,11.6094,703.1211
2024-08-06 05:00:00,0.0,11.0989,782.8069
2024-08-06 06:00:00,0.0,23.2126,787.3072
2024-08-06 07:00:00,30.5697,14.2081,774.004
2024-08-06 08:00:00,129.3941,14.7101,784.8986
2024-08-06 09:00:00,206.0426,8.3151,720.9182
2024-08-06 10:00:00,332.9675,1.6195,713.4888
2024-08-06 11:00:00,345.128,0.5821,723.8525
2024-08-06 12:00:00,319.7415,0.9009,708.8435
2024-08-06 13:00:00,335.1471,1.378,700.3712
2024-08-06 14:00:00,250.0488,8.3329,729.2107
2024-08-06 15:00:00,72.499,11.7266,835.5297
2024-08-06 16:00:00,50.5235,1.2648,838.6559
2024-08-06 17:00:00,30.0944,0.554,633.5273
2024-08-06 18:00:00,14.0611,4.941,654.7675
2024-08-06 19:00:00,0.0,5.0747,729.9593
2024-08-06 20:00:00,0.0,1.8928,835.8237
2024-08-06 21:00:00,0.0,4.1623,796.4459
2024-08-06 22:00:00,0.0,4.8328,817.9409
2024-08-06 23:00:00,0.0,2.2324,854.5344
2024-08-07 00:00:00,0.0,3.3312,810.6515
2024-08-07 01:00:00,0.0,0.8687,826.4644
2024-08-07 02:00:00,0.0,2.1844,758.7332
2024-08-07 03:00:00,0.0,11.8147,776.516
2024-08-07 04:00:00,0.0,16.6592,744.6107
2024-08-07 05:00:00,0.0,9.8392,698.1581
2024-08-07 06:00:00,0.0,9.6376,707.4664
2024-08-07 07:00:00,31.0632,2.4413,727.9252
2024-08-07 08:00:00,158.0726,1.9354,669.2175
2024-08-07 09:00:00,258.6017,1.0782,648.0036
2024-08-07 10:00:00,330.0354,0.294,610.7419
2024-08-07 11:00:00,316.6694,0.8311,665.0057
2024-08-07 12:00:00,315.5796,11.1916,714.0654
2024-08-07 13:00:00,223.6683,28.1827,701.5224
2024-08-07 14:00:00,220.9862,21.8815,686.4334
2024-08-07 15:00:00,209.0758,2.9915,690.8477
2024-08-07 16:00:00,92.7082,0.6421,655.668
2024-08-07 17:00:00,21.3249,3.5472,646.1341
2024-08-07 18:00:00,5.0547,6.1623,651.3612
2024-08-07 19:00:00,0.0,6.5141,701.2513
2024-08-07 20:00:00,0.0,26.3077,869.7885
2024-08-07 21:00:00,0.0,5.5635,953.3894
2024-08-07 22:00:00,0.0,1.8496,973.2756
2024-08-07 23:00:00,0.0,0.1853,1018.1217
2024-08-08 00:00:00,0.0,0.2427,1032.6022
2024-08-08 01:00:00,0.0,0.4838,1039.3401
2024-08-08 02:00:00,0.0,0.8202,1045.341
2024-08-08 03:00:00,0.0,1.623,1042.3707
2024-08-08 04:00:00,0.0,1.2387,1009.5275
2024-08-08 05:00:00,0.0,15.7,1023.5175
2024-08-08 06:00:00,0.0,18.5169,1038.4744
2024-08-08 07:00:00,42.3057,6.8908,1024.2379
2024-08-08 08:00:00,151.857,5.7301,1002.6993
2024-08-08 09:00:00,230.5058,0.2723,991.7032
2024-08-08 10:00:00,293.1582,0.1288,959.006
2024-08-08 11:00:00,349.3651,0.126,938.941
2024-08-08 12:00:00,370.125,0.1376,951.3419
2024-08-08 13:00:00,431.7585,0.5047,949.8157
2024-08-08 14:00:00,432.6817,0.4434,909.5561
2024-08-08 15:00:00,328.0252,0.387,896.1576
2024-08-08 16:00:00,172.5654,0.2337,947.5044
2024-08-08 17:00:00,82.3787,2.1902,981.6268
2024-08-08 18:00:00,28.2967,1.6802,980.8707
2024-08-08 19:00:00,0.0,0.9797,1037.842
2024-08-08 20:00:00,0.0,9.6633,997.0861
2024-08-08 21:00:00,0.0,0.4807,987.4496
2024-08-08 22:00:00,0.0,0.6111,999.518
2024-08-08 23:00:00,0.0,0.3114,1016.7275
2024-08-09 00:00:00,0.0,0.6131,1022.37
2024-08-09 01:00:00,0.0,1.1093,1019.6493
2024-08-09 02:00:00,0.0,3.5386,1007.1135
2024-08-09 03:00:00,0.0,3.4191,1007.1785
2024-08-09 04:00:00,0.0,9.1177,1018.2485
2024-08-09 05:00:00,0.0,8.8701,1018.1792
2024-08-09 06:00:00,0.0,4.4331,1018.6629
2024-08-09 07:00:00,38.8404,4.2714,1018.2379
2024-08-09 08:00:00,113.4341,12.3443,1003.1923
2024-08-09 09:00:00,181.4933,15.7816,964.5764
2024-08-09 10:00:00,247.7481,18.637,954.4993
2024-08-09 11:00:00,360.2935,58.0554,962.4543
2024-08-09 12:00:00,430.417,49.0604,942.3278
2024-08-09 13:00:00,372.5554,101.0496,962.1722
2024-08-09 14:00:00,346.223,88.1406,954.5234
2024-08-09 15:00:00,227.8732,78.5472,978.3469
2024-08-09 16:00:00,139.9257,44.2142,983.6422
2024-08-09 17:00:00,51.6745,94.9846,938.2966
2024-08-09 18:00:00,9.3668,49.9014,918.8178
2024-08-09 19:00:00,0.0,43.8998,985.2164
2024-08-09 20:00:00,0.0,17.1506,992.0122
2024-08-09 21:00:00,0.0,7.9002,960.2494
2024-08-09 22:00:00,0.0,14.4582,937.751
2024-08-09 23:00:00,0.0,13.8474,922.2817
2024-08-10 00:00:00,0.0,48.5841,925.96
2024-08-10 01:00:00,0.0,41.2815,907.7539
2024-08-10 02:00:00,0.0,29.0516,863.7153
2024-08-10 03:00:00,0.0,24.3697,883.5858
2024-08-10 04:00:00,0.0,26.6757,856.0008
2024-08-10 05:00:00,0.0,30.2409,858.0441
2024-08-10 06:00:00,0.0,40.685,828.3721
2024-08-10 07:00:00,24.6321,57.7337,803.9748
2024-08-10 08:00:00,121.6059,40.2488,883.3254
2024-08-10 09:00:00,222.9831,61.8875,851.3122
2024-08-10 10:00:00,303.8397,79.7264,792.7965
2024-08-10 11:00:00,336.8569,87.0526,762.1526
2024-08-10 12:00:00,361.328,92.8864,722.6346
2024-08-10 13:00:00,345.2715,106.5365,703.1156
2024-08-10 14:00:00,305.987,98.6314,740.9659
2024-08-10 15:00:00,304.384,76.7181,716.4622
2024-08-10 16:00:00,144.6671,28.6474,886.2975
2024-08-10 17:00:00,59.2755,15.4122,903.8165
2024-08-10 18:00:00,21.548,4.4546,821.7461
2024-08-10 19:00:00,0.0,38.4241,835.2827
2024-08-10 20:00:00,0.0,24.9703,895.1856
2024-08-10 21:00:00,0.0,26.0034,978.5681
2024-08-10 22:00:00,0.0,40.825,976.1568
2024-08-10 23:00:00,0.0,63.5846,967.8911
2024-08-11 00:00:00,0.0,73.0812,969.8052
2024-08-11 01:00:00,0.0,90.8067,958.7718
2024-08-11 02:00:00,0.0,52.5208,908.5584
2024-08-11 03:00:00,0.0,30.5146,890.9447
2024-08-11 04:00:00,0.0,13.2552,867.3898
2024-08-11 05:00:00,0.0,12.915,797.0318
2024-08-11 06:00:00,0.0,10.3071,803.5264
2024-08-11 07:00:00,31.6702,6.8533,724.6304
2024-08-11 08:00:00,176.4454,3.3897,741.6916
2024-08-11 09:00:00,320.5267,4.3322,640.7207
2024-08-11 10:00:00,354.3055,4.8701,669.3258
2024-08-11 11:00:00,397.3526,1.2548,715.528
2024-08-11 12:00:00,318.2383,76.2807,790.1777
2024-08-11 13:00:00,346.3339,4.9736,766.0944
2024-08-11 14:00:00,273.9516,1.8474,740.573
2024-08-11 15:00:00,266.0765,6.3998,774.8022
2024-08-11 16:00:00,140.994,6.6377,828.0909
2024-08-11 17:00:00,81.6948,6.2176,765.9777
2024-08-11 18:00:00,18.8617,19.8798,795.164
2024-08-11 19:00:00,0.0,7.8119,815.0562
2024-08-11 20:00:00,0.0,11.4321,849.7182
2024-08-11 21:00:00,0.0,19.0188,815.4131
2024-08-11 22:00:00,0.0,6.0977,787.6973
2024-08-11 23:00:00,0.0,4.8515,812.8275
2024-08-12 00:00:00,0.0,2.0043,776.5376
2024-08-12 01:00:00,0.0,0.6182,756.7659
2024-08-12 02:00:00,0.0,3.3687,811.5265
2024-08-12 03:00:00,0.0,0.4361,758.0074
2024-08-12 04:00:00,0.0,0.9262,738.1305
2024-08-12 05:00:00,0.0,1.0127,765.395
2024-08-12 06:00:00,0.0,5.1135,764.9809
2024-08-12 07:00:00,34.5491,8.8863,779.2329
2024-08-12 08:00:00,149.5459,8.2916,840.1954
2024-08-12 09:00:00,215.2395,1.9066,844.0884
2024-08-12 10:00:00,324.7858,1.1435,807.5616
2024-08-12 11:00:00,257.9496,0.5404,750.4755
2024-08-12 12:00:00,309.8193,0.3,667.8717
2024-08-12 13:00:00,370.4453,0.167,607.8111
2024-08-12 14:00:00,289.0664,7.3971,727.6666
2024-08-12 15:00:00,311.4679,0.6432,805.385
2024-08-12 16:00:00,180.222,0.7623,797.1098
2024-08-12 17:00:00,80.9842,3.2448,774.3177
2024-08-12 18:00:00,31.411,11.8949,810.2834
2024-08-12 19:00:00,0.0,3.2075,829.7924
2024-08-12 20:00:00,0.0,37.2545,869.1223
2024-08-12 21:00:00,0.0,38.492,851.4968
2024-08-12 22:00:00,0.0,37.4583,837.3153
2024-08-12 23:00:00,0.0,28.0983,865.1566
2024-08-13 00:00:00,0.0,12.3448,790.8963
2024-08-13 01:00:00,0.0,1.0436,790.0051
2024-08-13 02:00:00,0.0,9.0588,736.1487
2024-08-13 03:00:00,0.0,1.855,677.0338
2024-08-13 04:00:00,0.0,1.0365,663.3324
2024-08-13 05:00:00,0.0,0.2833,669.1391
2024-08-13 06:00:00,0.0,0.3427,695.5276
2024-08-13 07:00:00,21.1627,0.474,690.618
2024-08-13 08:00:00,98.5231,0.7241,692.6827
2024-08-13 09:00:00,96.6171,0.9826,659.8403
2024-08-13 10:00:00,174.0542,0.9009,658.4454
2024-08-13 11:00:00,242.2594,1.7092,619.5185
2024-08-13 12:00:00,317.3301,0.3831,583.3778
2024-08-13 13:00:00,406.5437,0.4869,501.3075
2024-08-13 14:00:00,334.0396,2.8546,579.6618
2024-08-13 15:00:00,331.1147,6.093,622.7867
2024-08-13 16:00:00,243.6749,21.3558,643.3185
2024-08-13 17:00:00,120.1335,35.6367,692.0711
2024-08-13 18:00:00,32.2887,17.4728,776.2306
2024-08-13 19:00:00,0.0,13.8985,823.9587
2024-08-13 20:00:00,0.0,8.6809,753.545
2024-08-13 21:00:00,0.0,14.1588,752.9528
2024-08-13 22:00:00,0.0,9.3983,694.3565
2024-08-13 23:00:00,0.0,13.6384,744.8723
2024-08-14 00:00:00,0.0,15.5052,678.4268
2024-08-14 01:00:00,0.0,9.8373,668.5159
2024-08-14 02:00:00,0.0,5.4004,720.1913
2024-08-14 03:00:00,0.0,5.211,638.3793
2024-08-14 04:00:00,0.0,8.3808,616.4053
2024-08-14 05:00:00,0.0,5.1538,626.9003
2024-08-14 06:00:00,0.0,1.8546,632.3715
2024-08-14 07:00:00,37.8853,6.3228,627.0502
2024-08-14 08:00:00,174.0852,15.6081,623.2185
2024-08-14 09:00:00,313.6948,6.0225,645.4044
2024-08-14 10:00:00,339.6197,0.6687,654.9019
2024-08-14 11:00:00,397.5409,0.1506,627.8649
2024-08-14 12:00:00,434.631,0.285,595.2234
2024-08-14 13:00:00,422.6771,0.548,594.769
2024-08-14 14:00:00,444.7594,1.1749,648.3638
2024-08-14 15:00:00,242.8312,32.533,708.6257
2024-08-14 16:00:00,187.8783,78.4025,663.7702
2024-08-14 17:00:00,66.115,16.4531,825.7572
2024-08-14 18:00:00,24.4712,24.3386,774.2026
2024-08-14 19:00:00,0.0,45.8972,740.2034
2024-08-14 20:00:00,0.0,27.0877,812.2058
2024-08-14 21:00:00,0.0,23.0421,844.079
2024-08-14 22:00:00,0.0,10.3912,748.4405
2024-08-14 23:00:00,0.0,18.8371,722.9647
2024-08-15 00:00:00,0.0,12.9892,643.3479
2024-08-15 01:00:00,0.0,7.1011,634.7055
2024-08-15 02:00:00,0.0,3.0242,622.2591
2024-08-15 03:00:00,0.0,6.7554,595.9824
2024-08-15 04:00:00,0.0,6.7996,592.4708
2024-08-15 05:00:00,0.0,3.3843,597.5295
2024-08-15 06:00:00,0.0,13.7176,589.1548
2024-08-15 07:00:00,34.7157,16.6466,554.5052
2024-08-15 08:00:00,125.6954,9.0081,599.0084
2024-08-15 09:00:00,224.684,4.7247,593.7245
2024-08-15 10:00:00,239.2915,1.683,716.3788
2024-08-15 11:00:00,389.8188,9.0927,645.3381
2024-08-15 12:00:00,333.9889,7.9882,692.5903
2024-08-15 13:00:00,386.0463,0.2654,654.2251
2024-08-15 14:00:00,378.2722,5.5334,695.2519
2024-08-15 15:00:00,304.3314,56.7298,634.2296
2024-08-15 16:00:00,138.6881,56.4835,764.5938
2024-08-15 17:00:00,93.9098,47.5077,770.3856
2024-08-15 18:00:00,16.0689,35.3288,831.9979
2024-08-15 19:00:00,0.0,104.3685,839.328
2024-08-15 20:00:00,0.0,52.5625,876.1745
2024-08-15 21:00:00,0.0,14.0255,945.524
2024-08-15 22:00:00,0.0,13.7841,894.9115
2024-08-15 23:00:00,0.0,62.0427,727.3286
2024-08-16 00:00:00,0.0,17.4445,739.4726
2024-08-16 01:00:00,0.0,4.9817,668.7365
2024-08-16 02:00:00,0.0,6.0889,628.3068
2024-08-16 03:00:00,0.0,19.0152,572.5428
2024-08-16 04:00:00,0.0,34.2449,543.0604
2024-08-16 05:00:00,0.0,64.5265,508.2102
2024-08-16 06:00:00,0.0,78.0636,502.5805
2024-08-16 07:00:00,43.3274,15.7057,590.1625
2024-08-16 08:00:00,85.4393,9.0648,720.9823
2024-08-16 09:00:00,190.2919,1.1177,678.3936
2024-08-16 10:00:00,318.2702,0.7101,620.7509
2024-08-16 11:00:00,353.001,10.9512,569.8629
2024-08-16 12:00:00,335.7347,23.3677,679.1586
2024-08-16 13:00:00,372.2401,18.6268,614.7726
2024-08-16 14:00:00,281.9856,34.9055,646.8269
2024-08-16 15:00:00,141.6793,30.4453,779.503
2024-08-16 16:00:00,96.1171,5.1736,749.4175
2024-08-16 17:00:00,44.3955,13.53,696.3273
2024-08-16 18:00:00,15.3987,7.1976,766.2983
2024-08-16 19:00:00,0.0,22.9407,810.3291
2024-08-16 20:00:00,0.0,20.5269,827.696
2024-08-16 21:00:00,0.0,30.492,759.5196
2024-08-16 22:00:00,0.0,22.3598,689.1838
2024-08-16 23:00:00,0.0,22.6997,693.079
2024-08-17 00:00:00,0.0,39.9687,677.9247
2024-08-17 01:00:00,0.0,51.3398,688.7843
2024-08-17 02:00:00,0.0,39.7961,762.4546
2024-08-17 03:00:00,0.0,30.5966,645.2661
2024-08-17 04:00:00,0.0,20.0314,646.817
2024-08-17 05:00:00,0.0,19.6096,646.1711
2024-08-17 06:00:00,0.0,28.9772,713.2944
2024-08-17 07:00:00,33.403,17.2935,576.1165
2024-08-17 08:00:00,123.3802,6.7212,579.1998
2024-08-17 09:00:00,228.3736,5.1244,620.0016
2024-08-17 10:00:00,278.7324,5.8505,608.6352
2024-08-17 11:00:00,316.4012,3.5929,638.1872
2024-08-17 12:00:00,240.0491,9.2865,690.5066
2024-08-17 13:00:00,165.5132,61.0558,634.9182
2024-08-17 14:00:00,201.0205,40.9661,616.4898
2024-08-17 15:00:00,118.6182,50.7797,692.2313
2024-08-17 16:00:00,34.0569,16.6933,768.5681
2024-08-17 17:00:00,27.7118,0.3139,747.4984
2024-08-17 18:00:00,16.0014,0.5799,705.7974
2024-08-17 19:00:00,0.0,0.8887,726.7476
2024-08-17 20:00:00,0.0,0.8088,714.0685
2024-08-17 21:00:00,0.0,6.9839,708.9275
2024-08-17 22:00:00,0.0,1.6401,653.9139
2024-08-17 23:00:00,0.0,1.4513,624.6367
2024-08-18 00:00:00,0.0,3.8065,625.0756
2024-08-18 01:00:00,0.0,6.4265,623.8692
2024-08-18 02:00:00,0.0,4.0134,592.7256
2024-08-18 03:00:00,0.0,6.5899,561.9221
2024-08-18 04:00:00,0.0,7.3088,534.7995
2024-08-18 05:00:00,0.0,6.4885,529.8022
2024-08-18 06:00:00,0.0,6.1163,526.8376
2024-08-18 07:00:00,59.6629,5.7306,487.2982
2024-08-18 08:00:00,173.4759,4.1436,481.4274
2024-08-18 09:00:00,289.1842,5.8209,487.7272
2024-08-18 10:00:00,373.1759,4.559,491.7741
2024-08-18 11:00:00,404.9189,9.0475,499.4061
2024-08-18 12:00:00,402.34,19.0517,660.5867
2024-08-18 13:00:00,417.2762,19.3638,655.7624
2024-08-18 14:00:00,307.1728,22.493,668.063
2024-08-18 15:00:00,287.0577,7.9185,640.6591
2024-08-18 16:00:00,199.1493,7.4156,795.7597
2024-08-18 17:00:00,120.4713,0.8646,844.3736
2024-08-18 18:00:00,34.5643,8.1428,842.9392
2024-08-18 19:00:00,0.0,55.7952,837.0764
2024-08-18 20:00:00,0.0,16.597,737.3356
2024-08-18 21:00:00,0.0,96.9648,679.157
2024-08-18 22:00:00,0.0,11.3876,729.1058
2024-08-18 23:00:00,0.0,8.9358,670.8622
2024-08-19 00:00:00,0.0,9.078,563.9084
2024-08-19 01:00:00,0.0,10.259,506.2377
2024-08-19 02:00:00,0.0,23.2352,515.2581
2024-08-19 03:00:00,0.0,20.3358,514.0251
2024-08-19 04:00:00,0.0,18.7119,506.3552
2024-08-19 05:00:00,0.0,19.768,499.1075
2024-08-19 06:00:00,0.0,26.6682,526.3236
2024-08-19 07:00:00,46.8089,23.2204,504.675
2024-08-19 08:00:00,160.3019,30.655,482.9218
2024-08-19 09:00:00,275.1077,7.0053,524.5369
2024-08-19 10:00:00,382.4168,3.4279,637.8239
2024-08-19 11:00:00,448.8699,11.4433,571.6868
2024-08-19 12:00:00,431.7443,29.0448,544.9429
2024-08-19 13:00:00,391.5919,3.2181,552.086
2024-08-19 14:00:00,360.3546,6.3995,608.69
2024-08-19 15:00:00,274.2128,12.33,690.5389
2024-08-19 16:00:00,169.2311,46.2989,659.3099
2024-08-19 17:00:00,105.6836,11.8558,675.1836
2024-08-19 18:00:00,33.8411,21.1685,659.0639
2024-08-19 19:00:00,0.0,49.5621,698.1792
2024-08-19 20:00:00,0.0,66.6314,715.2474
2024-08-19 21:00:00,0.0,41.8446,686.2005
2024-08-19 22:00:00,0.0,35.7947,655.9534
2024-08-19 23:00:00,0.0,17.9552,569.4
2024-08-20 00:00:00,0.0,16.8659,579.3018
2024-08-20 01:00:00,0.0,9.0169,596.7359
2024-08-20 02:00:00,0.0,7.5571,532.6582
2024-08-20 03:00:00,0.0,3.3271,510.3651
2024-08-20 04:00:00,0.0,10.0955,475.082
2024-08-20 05:00:00,0.0,7.712,494.6605
2024-08-20 06:00:00,0.0,14.5469,547.3688
2024-08-20 07:00:00,31.0288,9.283,499.2069
2024-08-20 08:00:00,93.0833,9.5884,541.4195
2024-08-20 09:00:00,172.8231,4.7972,548.9439
2024-08-20 10:00:00,287.0055,1.2643,499.4075
2024-08-20 11:00:00,338.2994,0.6779,464.4154
2024-08-20 12:00:00,308.9018,3.1403,470.606
2024-08-20 13:00:00,328.8064,11.1424,429.1849
2024-08-20 14:00:00,313.9246,28.9281,462.2219
2024-08-20 15:00:00,167.7181,5.1378,614.4245
2024-08-20 16:00:00,139.0867,97.2956,686.0599
2024-08-20 17:00:00,70.8879,138.9483,624.7774
2024-08-20 18:00:00,23.6683,97.9501,606.5866
2024-08-20 19:00:00,0.0,73.2745,723.3453
2024-08-20 20:00:00,0.0,92.9392,675.4993
2024-08-20 21:00:00,0.0,45.278,776.3778
2024-08-20 22:00:00,0.0,57.8564,779.6861
2024-08-20 23:00:00,0.0,59.9888,738.9836
2024-08-21 00:00:00,0.0,47.0055,495.6787
2024-08-21 01:00:00,0.0,29.127,542.7455
2024-08-21 02:00:00,0.0,5.5219,527.0704
2024-08-21 03:00:00,0.0,22.1625,396.4088
2024-08-21 04:00:00,0.0,9.17,371.8901
2024-08-21 05:00:00,0.0,33.2362,347.322
2024-08-21 06:00:00,0.0,16.1753,558.149
2024-08-21 07:00:00,24.6794,15.0696,474.3659
2024-08-21 08:00:00,112.2675,20.4851,483.2456
2024-08-21 09:00:00,231.4199,34.8675,494.3379
2024-08-21 10:00:00,252.154,19.175,566.6485
2024-08-21 11:00:00,331.1288,12.3461,673.4285
2024-08-21 12:00:00,375.3286,10.0404,615.1951
2024-08-21 13:00:00,337.3432,11.6878,578.1951
2024-08-21 14:00:00,245.6063,147.7925,566.0341
2024-08-21 15:00:00,211.8535,46.0617,670.5188
2024-08-21 16:00:00,131.2496,34.6396,710.8931
2024-08-21 17:00:00,52.6404,16.5727,692.5087
2024-08-21 18:00:00,13.0671,15.4512,629.5228
2024-08-21 19:00:00,0.0,5.5253,689.5203
2024-08-21 20:00:00,0.0,7.0141,698.3337
2024-08-21 21:00:00,0.0,25.9454,629.0332
2024-08-21 22:00:00,0.0,15.8218,624.0538
2024-08-21 23:00:00,0.0,9.7234,561.7986
2024-08-22 00:00:00,0.0,12.7101,448.5976
2024-08-22 01:00:00,0.0,20.5572,358.4175
2024-08-22 02:00:00,0.0,32.7762,322.487
2024-08-22 03:00:00,0.0,37.6169,294.4259
2024-08-22 04:00:00,0.0,26.1558,285.0178
2024-08-22 05:00:00,0.0,18.0161,320.1333
2024-08-22 06:00:00,0.0,17.7405,346.0599
2024-08-22 07:00:00,28.7559,1.3221,408.1349
2024-08-22 08:00:00,118.3102,24.3119,498.4719
2024-08-22 09:00:00,207.8072,24.4441,486.5527
2024-08-22 10:00:00,281.6527,44.5545,417.771
2024-08-22 11:00:00,244.2018,112.5097,418.8929
2024-08-22 12:00:00,355.4739,141.0338,390.5691
2024-08-22 13:00:00,280.4177,31.692,446.7503
2024-08-22 14:00:00,255.0582,93.32,471.7749
2024-08-22 15:00:00,212.398,66.7833,476.1871
2024-08-22 16:00:00,80.5374,6.7933,690.8853
2024-08-22 17:00:00,34.4,1.2425,657.1473
2024-08-22 18:00:00,6.8891,0.7057,639.3185
2024-08-22 19:00:00,0.0,11.6972,653.6883
2024-08-22 20:00:00,0.0,48.8638,726.8051
2024-08-22 21:00:00,0.0,2.2794,730.0832
2024-08-22 22:00:00,0.0,10.4789,690.9547
2024-08-22 23:00:00,0.0,6.3407,579.7232
2024-08-23 00:00:00,0.0,5.9525,505.5028
2024-08-23 01:00:00,0.0,6.0759,479.1968
2024-08-23 02:00:00,0.0,8.7382,475.1474
2024-08-23 03:00:00,0.0,16.2084,440.7869
2024-08-23 04:00:00,0.0,4.7987,435.0594
2024-08-23 05:00:00,0.0,7.9805,454.5342
2024-08-23 06:00:00,0.0,10.2613,452.7996
2024-08-23 07:00:00,56.4586,12.1792,385.0137
2024-08-23 08:00:00,196.7378,6.0763,402.3136
2024-08-23 09:00:00,279.7966,2.5311,423.9222
2024-08-23 10:00:00,315.0345,11.2598,417.3287
2024-08-23 11:00:00,414.338,9.3939,476.3767
2024-08-23 12:00:00,450.4886,25.2929,472.4968
2024-08-23 13:00:00,448.0191,43.0445,448.4201
2024-08-23 14:00:00,412.908,59.4323,431.7948
2024-08-23 15:00:00,370.172,94.9483,407.7661
2024-08-23 16:00:00,273.828,128.9669,436.3006
2024-08-23 17:00:00,92.8481,119.9559,567.1915
2024-08-23 18:00:00,17.0122,134.0539,606.4511
2024-08-23 19:00:00,0.0,73.8697,751.5704
2024-08-23 20:00:00,0.0,105.4457,761.4229
2024-08-23 21:00:00,0.0,89.0641,785.4053
2024-08-23 22:00:00,0.0,14.6228,839.7441
2024-08-23 23:00:00,0.0,15.8523,879.2707
2024-08-24 00:00:00,0.0,15.4978,865.3166
2024-08-24 01:00:00,0.0,33.8362,788.4792
2024-08-24 02:00:00,0.0,26.9612,646.7248
2024-08-24 03:00:00,0.0,23.9808,636.8599
2024-08-24 04:00:00,0.0,24.4352,626.1121
2024-08-24 05:00:00,0.0,12.5038,607.5268
2024-08-24 06:00:00,0.0,16.8456,604.1667
2024-08-24 07:00:00,31.1989,21.1844,534.6301
2024-08-24 08:00:00,133.5457,15.5587,534.6965
2024-08-24 09:00:00,221.1781,9.8855,610.6101
2024-08-24 10:00:00,243.7316,26.7281,593.2368
2024-08-24 11:00:00,250.3894,17.7457,605.1551
2024-08-24 12:00:00,253.7976,7.3761,613.9111
2024-08-24 13:00:00,228.8435,6.4858,604.8372
2024-08-24 14:00:00,284.5057,40.7254,563.2662
2024-08-24 15:00:00,169.6794,85.4182,561.7059
2024-08-24 16:00:00,90.0674,16.711,667.9625
2024-08-24 17:00:00,20.602,11.8636,717.7096
2024-08-24 18:00:00,9.829,2.9054,729.7319
2024-08-24 19:00:00,0.0,7.5603,750.971
2024-08-24 20:00:00,0.0,5.627,763.799
2024-08-24 21:00:00,0.0,15.6933,720.1813
2024-08-24 22:00:00,0.0,14.1681,703.2036
2024-08-24 23:00:00,0.0,6.6084,676.9589
2024-08-25 00:00:00,0.0,4.629,687.6868
2024-08-25 01:00:00,0.0,1.3294,659.2134
2024-08-25 02:00:00,0.0,3.5022,526.801
2024-08-25 03:00:00,0.0,2.1133,433.5994
2024-08-25 04:00:00,0.0,8.9216,409.1844
2024-08-25 05:00:00,0.0,9.3651,425.0252
2024-08-25 06:00:00,0.0,5.6825,410.5311
2024-08-25 07:00:00,44.9057,9.023,401.9811
2024-08-25 08:00:00,158.4471,3.2784,349.6306
2024-08-25 09:00:00,296.5037,1.9116,357.0026
2024-08-25 10:00:00,380.6745,2.9381,343.5243
2024-08-25 11:00:00,407.4146,4.6307,341.8974
2024-08-25 12:00:00,341.4532,13.2505,423.8247
2024-08-25 13:00:00,368.7,19.6096,497.1431
2024-08-25 14:00:00,226.0649,13.5468,596.7345
2024-08-25 15:00:00,98.5149,6.5994,741.2669
2024-08-25 16:00:00,76.5097,0.7029,731.3065
2024-08-25 17:00:00,38.7824,0.6307,803.3449
2024-08-25 18:00:00,8.2415,0.9611,802.9813
2024-08-25 19:00:00,0.0,0.86,850.7189
2024-08-25 20:00:00,0.0,1.8956,841.0349
2024-08-25 21:00:00,0.0,0.6299,837.9865
2024-08-25 22:00:00,0.0,0.9547,814.9456
2024-08-25 23:00:00,0.0,1.7346,763.3027
2024-08-26 00:00:00,0.0,0.6235,738.5022
2024-08-26 01:00:00,0.0,0.8223,698.1978
2024-08-26 02:00:00,0.0,1.2545,640.7236
2024-08-26 03:00:00,0.0,1.143,616.5336
2024-08-26 04:00:00,0.0,0.8734,569.1698
2024-08-26 05:00:00,0.0,0.7895,567.5771
2024-08-26 06:00:00,0.0,0.4715,586.9371
2024-08-26 07:00:00,43.871,0.4365,657.0746
2024-08-26 08:00:00,151.2721,0.4865,737.2756
2024-08-26 09:00:00,285.2198,0.5699,629.5775
2024-08-26 10:00:00,384.4078,0.5953,511.8986
2024-08-26 11:00:00,394.4773,0.6768,560.1948
2024-08-26 12:00:00,359.3606,0.8572,611.3623
2024-08-26 13:00:00,327.3138,0.9117,646.1292
2024-08-26 14:00:00,318.9507,7.033,628.6771
2024-08-26 15:00:00,179.9358,29.2953,694.8038
2024-08-26 16:00:00,76.5826,9.1712,781.2065
2024-08-26 17:00:00,15.8645,6.3706,755.4918
2024-08-26 18:00:00,4.8607,15.6421,843.6769
2024-08-26 19:00:00,0.0,0.5777,854.0623
2024-08-26 20:00:00,0.0,0.5434,863.3886
2024-08-26 21:00:00,0.0,0.626,880.3675
2024-08-26 22:00:00,0.0,0.8356,867.1026
2024-08-26 23:00:00,0.0,1.832,824.2827
2024-08-27 00:00:00,0.0,1.8143,833.9968
2024-08-27 01:00:00,0.0,0.689,821.9114
2024-08-27 02:00:00,0.0,0.4517,821.8384
2024-08-27 03:00:00,0.0,0.9753,821.8348
2024-08-27 04:00:00,0.0,0.6168,743.2502
2024-08-27 05:00:00,0.0,0.6498,747.2216
2024-08-27 06:00:00,0.0,0.7322,776.9369
2024-08-27 07:00:00,68.9561,0.9015,780.7864
2024-08-27 08:00:00,197.5789,1.1499,737.9664
2024-08-27 09:00:00,354.6646,1.2082,694.828
2024-08-27 10:00:00,424.7888,1.6673,695.4695
2024-08-27 11:00:00,464.8359,2.4447,694.7713
2024-08-27 12:00:00,441.68,4.5321,740.7311
2024-08-27 13:00:00,478.2747,9.395,720.7811
2024-08-27 14:00:00,394.692,16.4481,782.8927
2024-08-27 15:00:00,382.6199,11.9529,785.3435
2024-08-27 16:00:00,265.2062,8.5924,753.3353
2024-08-27 17:00:00,162.7526,12.75,804.0336
2024-08-27 18:00:00,22.1802,10.8423,825.3894
2024-08-27 19:00:00,0.0,12.7137,876.4496
2024-08-27 20:00:00,0.0,82.9128,833.7599
2024-08-27 21:00:00,0.0,128.8894,796.925
2024-08-27 22:00:00,0.0,125.8973,791.77
2024-08-27 23:00:00,0.0,132.5739,746.498
2024-08-28 00:00:00,0.0,108.5316,724.777
2024-08-28 01:00:00,0.0,82.7368,697.3315
2024-08-28 02:00:00,0.0,33.6326,722.2687
2024-08-28 03:00:00,0.0,27.478,731.5983
2024-08-28 04:00:00,0.0,44.4895,723.7146
2024-08-28 05:00:00,0.0,46.9308,734.5183
2024-08-28 06:00:00,0.0,19.9889,798.2229
2024-08-28 07:00:00,57.9951,18.6918,802.4396
2024-08-28 08:00:00,214.5726,27.5577,816.434
2024-08-28 09:00:00,347.8527,55.6615,723.6743
2024-08-28 10:00:00,424.2055,46.9254,699.9136
2024-08-28 11:00:00,457.5428,55.8302,713.3944
2024-08-28 12:00:00,460.2822,81.1137,703.9299
2024-08-28 13:00:00,469.7825,102.8007,638.6738
2024-08-28 14:00:00,414.0747,161.2387,635.8523
2024-08-28 15:00:00,384.2072,220.2436,665.8969
2024-08-28 16:00:00,275.6625,192.0768,690.3271
2024-08-28 17:00:00,166.0605,199.5211,677.9523
2024-08-28 18:00:00,21.8631,139.3729,829.7129
2024-08-28 19:00:00,0.0,128.4446,843.0544
2024-08-28 20:00:00,0.0,105.9429,847.9587
2024-08-28 21:00:00,0.0,113.8352,805.1205
2024-08-28 22:00:00,0.0,121.0839,794.6242
2024-08-28 23:00:00,0.0,81.5953,727.0716
2024-08-29 00:00:00,0.0,94.266,644.5282
2024-08-29 01:00:00,0.0,96.6386,681.5331
2024-08-29 02:00:00,0.0,67.3302,707.809
2024-08-29 03:00:00,0.0,84.2405,666.7174
2024-08-29 04:00:00,0.0,108.3605,637.0462
2024-08-29 05:00:00,0.0,65.8705,663.9187
2024-08-29 06:00:00,0.0,88.2463,638.6115
2024-08-29 07:00:00,29.4439,42.8706,681.1753
2024-08-29 08:00:00,90.9094,38.8796,752.1633
2024-08-29 09:00:00,194.9222,33.7288,747.1082
2024-08-29 10:00:00,300.0707,50.1074,669.8837
2024-08-29 11:00:00,343.8931,62.1794,637.8342
2024-08-29 12:00:00,386.7068,74.2636,635.2213
2024-08-29 13:00:00,379.3029,56.152,546.2189
2024-08-29 14:00:00,215.1533,37.0472,724.9682
2024-08-29 15:00:00,117.1456,19.3988,813.136
2024-08-29 16:00:00,66.1967,2.3983,743.6577
2024-08-29 17:00:00,46.5823,6.7436,688.1826
2024-08-29 18:00:00,4.626,18.4093,642.5305
2024-08-29 19:00:00,0.0,9.5091,673.2752
2024-08-29 20:00:00,0.0,5.8299,658.43
2024-08-29 21:00:00,0.0,4.9101,644.5886
2024-08-29 22:00:00,0.0,2.4399,639.988
2024-08-29 23:00:00,0.0,4.2357,600.888
2024-08-30 00:00:00,0.0,3.8119,571.686
2024-08-30 01:00:00,0.0,0.5379,571.7082
2024-08-30 02:00:00,0.0,0.5968,547.0764
2024-08-30 03:00:00,0.0,1.7817,523.0598
2024-08-30 04:00:00,0.0,1.793,527.1997
2024-08-30 05:00:00,0.0,2.6568,511.5881
2024-08-30 06:00:00,0.0,0.6851,531.9531
2024-08-30 07:00:00,38.3615,0.6905,569.5182
2024-08-30 08:00:00,149.9498,0.4677,582.5836
2024-08-30 09:00:00,264.3376,0.5254,606.4353
2024-08-30 10:00:00,256.1113,0.5914,634.1385
2024-08-30 11:00:00,296.5333,0.7053,581.5881
2024-08-30 12:00:00,318.3236,0.8425,517.3721
2024-08-30 13:00:00,363.3148,0.9556,502.4846
2024-08-30 14:00:00,371.131,0.9738,520.9125
2024-08-30 15:00:00,324.4483,9.0988,569.708
2024-08-30 16:00:00,236.0134,4.0417,611.8366
2024-08-30 17:00:00,117.6377,18.1822,585.8624
2024-08-30 18:00:00,31.9296,2.1951,634.5278
2024-08-30 19:00:00,0.0,1.5809,719.0633
2024-08-30 20:00:00,0.0,1.7222,732.1621
2024-08-30 21:00:00,0.0,1.9846,719.0502
2024-08-30 22:00:00,0.0,0.8908,747.9139
2024-08-30 23:00:00,0.0,0.1964,733.2924
2024-08-31 00:00:00,0.0,0.2303,667.1144
2024-09-01 01:00:00,0.0,0.5474,676.7514
2024-09-01 02:00:00,0.0,0.3928,618.4755
2024-09-01 03:00:00,0.0,2.5159,636.6964
2024-09-01 04:00:00,0.0,2.7408,633.4672
2024-09-01 05:00:00,0.0,1.1331,639.574
2024-09-01 06:00:00,0.0,0.456,648.6783
2024-09-01 07:00:00,47.5141,11.2724,639.7048
2024-09-01 08:00:00,163.5816,6.9136,645.4724
2024-09-01 09:00:00,227.8912,2.7932,640.035
2024-09-01 10:00:00,278.2184,14.1593,556.2542
2024-09-01 11:00:00,337.438,8.1484,494.9828
2024-09-01 12:00:00,336.6298,0.1717,506.5284
2024-09-01 13:00:00,290.3729,14.0369,445.9841
2024-09-01 14:00:00,237.5361,23.0684,493.0591
2024-09-01 15:00:00,144.8437,27.4073,490.6639
2024-09-01 16:00:00,58.4917,1.8326,502.2021
2024-09-01 17:00:00,23.5409,9.2197,603.083
2024-09-01 18:00:00,9.3857,6.8741,588.4724
2024-09-01 19:00:00,0.0,1.3768,724.7705
2024-09-01 20:00:00,0.0,2.7664,732.7362
2024-09-01 21:00:00,0.0,4.1322,812.183
2024-09-01 22:00:00,0.0,7.6932,833.9596
2024-09-01 23:00:00,0.0,5.1563,835.6168
2024-09-02 00:00:00,0.0,0.6403,788.6672
2024-09-02 01:00:00,0.0,0.3655,777.0248
2024-09-02 02:00:00,0.0,1.575,776.3592
2024-09-02 03:00:00,0.0,0.4828,775.0211
2024-09-02 04:00:00,0.0,1.6375,750.0543
2024-09-02 05:00:00,0.0,0.7764,830.0657
2024-09-02 06:00:00,0.0,0.3132,839.4974
2024-09-02 07:00:00,41.8327,0.3565,838.201
2024-09-02 08:00:00,189.866,0.4347,851.2713
2024-09-02 09:00:00,315.4884,0.6347,826.7253
2024-09-02 10:00:00,350.3805,0.8812,862.075
2024-09-02 11:00:00,358.1006,1.16,769.7962
2024-09-02 12:00:00,366.227,8.5154,723.8451
2024-09-02 13:00:00,372.1458,2.2783,708.0905
2024-09-02 14:00:00,358.4866,0.9852,765.0045
2024-09-02 15:00:00,277.9608,0.2141,850.5792
2024-09-02 16:00:00,173.5764,1.1161,834.6591
2024-09-02 17:00:00,59.0869,0.2828,870.1443
2024-09-02 18:00:00,9.9072,0.3642,782.0952
2024-09-02 19:00:00,0.0,0.5004,941.8157
2024-09-02 20:00:00,0.0,0.6795,918.0112
2024-09-02 21:00:00,0.0,0.8812,906.002
2024-09-02 22:00:00,0.0,1.102,943.269
2024-09-02 23:00:00,0.0,0.4613,972.8029
2024-09-03 00:00:00,0.0,0.3674,959.0108
2024-09-03 01:00:00,0.0,0.9732,948.7681
2024-09-03 02:00:00,0.0,0.9054,948.9792
2024-09-03 03:00:00,0.0,0.5619,919.7454
2024-09-03 04:00:00,0.0,1.1823,901.0685
2024-09-03 05:00:00,0.0,8.319,906.681
2024-09-03 06:00:00,0.0,3.5256,933.0009
2024-09-03 07:00:00,47.3864,4.3915,920.9952
2024-09-03 08:00:00,168.2012,2.4008,940.1024
2024-09-03 09:00:00,274.0098,1.1594,890.7223
2024-09-03 10:00:00,336.6435,4.6321,854.1454
2024-09-03 11:00:00,353.1693,2.8718,774.0565
2024-09-03 12:00:00,347.4746,3.1419,776.3365
2024-09-03 13:00:00,304.746,2.7674,822.7784
2024-09-03 14:00:00,287.211,12.435,855.7032
2024-09-03 15:00:00,263.7827,3.2282,847.9015
2024-09-03 16:00:00,121.141,2.611,904.1116
2024-09-03 17:00:00,59.3827,0.3037,902.3512
2024-09-03 18:00:00,13.1314,5.2492,850.5635
2024-09-03 19:00:00,0.0,1.3178,910.679
2024-09-03 20:00:00,0.0,2.7249,871.8004
2024-09-03 21:00:00,0.0,1.2214,874.6598
2024-09-03 22:00:00,0.0,3.141,869.946
2024-09-03 23:00:00,0.0,3.1016,862.1315
2024-09-04 00:00:00,0.0,0.8724,886.2554
2024-09-04 01:00:00,0.0,12.0689,893.7284
2024-09-04 02:00:00,0.0,4.0155,900.4222
2024-09-04 03:00:00,0.0,2.6213,893.6238
2024-09-04 04:00:00,0.0,2.2597,886.9464
2024-09-04 05:00:00,0.0,2.3482,873.3521
2024-09-04 06:00:00,0.0,0.3921,914.0297
2024-09-04 07:00:00,32.6575,0.6306,864.1501
2024-09-04 08:00:00,87.7515,1.0376,893.1821
2024-09-04 09:00:00,122.7377,0.4158,867.0037
2024-09-04 10:00:00,198.0282,0.312,819.18
2024-09-04 11:00:00,330.7905,0.4057,759.5284
2024-09-04 12:00:00,394.1606,0.3605,670.8908
2024-09-04 13:00:00,410.5646,0.3401,690.9183
2024-09-04 14:00:00,377.7151,0.113,693.5423
2024-09-04 15:00:00,297.5164,0.134,766.6584
2024-09-04 16:00:00,226.2124,0.9174,748.3847
2024-09-04 17:00:00,108.7221,4.3466,835.1416
2024-09-04 18:00:00,13.2895,7.665,880.0536
2024-09-04 19:00:00,0.0,2.1341,923.6864
2024-09-04 20:00:00,0.0,5.5941,895.7622
2024-09-04 21:00:00,0.0,12.8695,866.2979
2024-09-04 22:00:00,0.0,25.2849,819.6061
2024-09-04 23:00:00,0.0,16.6611,816.843
2024-09-05 00:00:00,0.0,2.7184,800.8998
2024-09-05 01:00:00,0.0,2.5444,789.1558
2024-09-05 02:00:00,0.0,4.7746,802.2441
2024-09-05 03:00:00,0.0,3.321,790.32
2024-09-05 04:00:00,0.0,3.6861,771.514
2024-09-05 05:00:00,0.0,1.2656,735.0298
2024-09-05 06:00:00,0.0,1.097,794.9952
2024-09-05 07:00:00,34.7672,0.1569,780.7444
2024-09-05 08:00:00,119.4533,0.1468,785.0985
2024-09-05 09:00:00,226.8189,0.2192,800.6755
2024-09-05 10:00:00,356.6101,0.1795,675.8204
2024-09-05 11:00:00,356.1261,0.3562,781.856
2024-09-05 12:00:00,365.3261,0.5986,712.6772
2024-09-05 13:00:00,310.2555,0.2113,725.6799
2024-09-05 14:00:00,332.3912,3.1327,788.6411
2024-09-05 15:00:00,311.5443,0.7566,788.7385
2024-09-05 16:00:00,207.4173,5.4764,806.3617
2024-09-05 17:00:00,80.0264,31.4539,817.7993
2024-09-05 18:00:00,16.8089,5.771,851.7793
2024-09-05 19:00:00,0.0,1.5673,873.4267
2024-09-05 20:00:00,0.0,6.6457,935.6367
2024-09-05 21:00:00,0.0,12.6628,858.3991
2024-09-05 22:00:00,0.0,4.0761,854.6352
2024-09-05 23:00:00,0.0,1.5714,820.0594
2024-09-06 00:00:00,0.0,1.8272,803.7888
2024-09-06 01:00:00,0.0,4.9346,806.0551
2024-09-06 02:00:00,0.0,3.2211,821.1232
2024-09-06 03:00:00,0.0,5.6384,851.4051
2024-09-06 04:00:00,0.0,3.6833,821.0389
2024-09-06 05:00:00,0.0,0.2261,750.361
2024-09-06 06:00:00,0.0,0.2635,757.4232
2024-09-06 07:00:00,53.0505,0.1393,764.9727
2024-09-06 08:00:00,157.4632,0.3352,782.2009
2024-09-06 09:00:00,312.2716,0.5831,728.5675
2024-09-06 10:00:00,356.822,0.8934,735.4536
2024-09-06 11:00:00,448.6276,1.2164,805.9001
2024-09-06 12:00:00,410.5344,0.2036,814.1524
2024-09-06 13:00:00,408.2969,0.3582,771.1686
2024-09-06 14:00:00,381.042,19.6676,874.9199
2024-09-06 15:00:00,117.6254,106.0561,872.977
2024-09-06 16:00:00,43.0514,16.4097,914.0934
2024-09-06 17:00:00,10.5035,22.8465,800.5236
2024-09-06 18:00:00,3.6047,7.1555,870.8532
2024-09-06 19:00:00,0.0,3.4136,824.9815
2024-09-06 20:00:00,0.0,0.8702,817.1617
2024-09-06 21:00:00,0.0,1.1764,815.5826
2024-09-06 22:00:00,0.0,1.8678,849.1598
2024-09-06 23:00:00,0.0,7.5533,867.1389
2024-09-07 00:00:00,0.0,16.9948,888.6865
2024-09-07 01:00:00,0.0,15.1774,835.0053
2024-09-07 02:00:00,0.0,0.839,907.3658
2024-09-07 03:00:00,0.0,0.2239,886.9219
2024-09-07 04:00:00,0.0,1.1081,873.3693
2024-09-07 05:00:00,0.0,5.0873,823.6876
2024-09-07 06:00:00,0.0,0.2298,861.6241
2024-09-07 07:00:00,32.7677,0.2557,891.4812
2024-09-07 08:00:00,168.7714,0.4285,793.2946
2024-09-07 09:00:00,342.7798,0.6611,765.4914
2024-09-07 10:00:00,436.9447,0.3887,777.1972
2024-09-07 11:00:00,372.954,0.7871,831.5994
2024-09-07 12:00:00,432.812,0.6488,755.7974
2024-09-07 13:00:00,466.2389,1.2384,755.7949
2024-09-07 14:00:00,368.1681,1.8947,810.41
2024-09-07 15:00:00,270.2924,26.5525,860.6527
2024-09-07 16:00:00,101.7083,17.6771,958.1303
2024-09-07 17:00:00,44.5805,1.4508,828.7525
2024-09-07 18:00:00,11.0763,3.8665,729.6245
2024-09-07 19:00:00,0.0,2.2358,738.9794
2024-09-07 20:00:00,0.0,5.4682,818.0639
2024-09-07 21:00:00,0.0,1.6614,807.464
2024-09-07 22:00:00,0.0,0.2345,838.1982
2024-09-07 23:00:00,0.0,0.2595,855.8197
2024-09-08 00:00:00,0.0,0.5096,867.8941
2024-09-08 01:00:00,0.0,0.5521,866.9871
2024-09-08 02:00:00,0.0,0.9523,768.1288
2024-09-08 03:00:00,0.0,0.4652,765.2043
2024-09-08 04:00:00,0.0,0.3103,750.9344
2024-09-08 05:00:00,0.0,0.5148,757.0061
2024-09-08 06:00:00,0.0,0.9753,769.6418
2024-09-08 07:00:00,28.8475,3.5485,775.0936
2024-09-08 08:00:00,109.502,1.9417,817.0669
2024-09-08 09:00:00,212.2365,5.4746,741.832
2024-09-08 10:00:00,221.2476,39.8446,726.6326
2024-09-08 11:00:00,300.6051,6.9164,724.8222
2024-09-08 12:00:00,288.7929,11.7392,744.3269
2024-09-08 13:00:00,233.4339,13.9175,737.719
2024-09-08 14:00:00,153.7177,9.864,770.3454
2024-09-08 15:00:00,178.6676,1.6973,866.5134
2024-09-08 16:00:00,82.7679,1.9673,936.4293
2024-09-08 17:00:00,65.4878,3.0191,906.1377
2024-09-08 18:00:00,27.7239,11.96,906.4064
2024-09-08 19:00:00,0.0,16.141,905.1563
2024-09-08 20:00:00,0.0,21.8803,850.1483
2024-09-08 21:00:00,0.0,19.815,841.9757
2024-09-08 22:00:00,0.0,4.1515,865.635
2024-09-08 23:00:00,0.0,13.0327,932.1924
2024-09-09 00:00:00,0.0,6.3889,940.2581
2024-09-09 01:00:00,0.0,0.6261,934.7245
2024-09-09 02:00:00,0.0,3.2469,908.3955
2024-09-09 03:00:00,0.0,7.8294,895.5702
2024-09-09 04:00:00,0.0,4.0287,880.2995
2024-09-09 05:00:00,0.0,9.4358,897.946
2024-09-09 06:00:00,0.0,11.7666,896.592
2024-09-09 07:00:00,49.1825,8.9795,906.3695
2024-09-09 08:00:00,163.8306,3.7759,866.4242
2024-09-09 09:00:00,258.2024,8.6151,856.5486
2024-09-09 10:00:00,298.2218,12.2188,903.3217
2024-09-09 11:00:00,386.7919,19.3336,843.4362
2024-09-09 12:00:00,318.9294,6.618,928.1597
2024-09-09 13:00:00,372.5127,22.0986,869.7689
2024-09-09 14:00:00,283.6255,79.8629,802.948
2024-09-09 15:00:00,230.5604,17.3737,860.5922
2024-09-09 16:00:00,143.2797,34.6814,865.1273
2024-09-09 17:00:00,45.9327,45.0675,846.2576
2024-09-09 18:00:00,21.818,32.8037,830.733
2024-09-09 19:00:00,0.0,46.0241,819.8731
2024-09-09 20:00:00,0.0,36.6035,763.9806
2024-09-09 21:00:00,0.0,23.3429,830.5162
2024-09-09 22:00:00,0.0,18.7824,917.3287
2024-09-09 23:00:00,0.0,21.7443,928.1052
2024-09-10 00:00:00,0.0,33.3693,994.4667
2024-09-10 01:00:00,0.0,16.4026,981.6419
2024-09-10 02:00:00,0.0,28.0422,978.4263
2024-09-10 03:00:00,0.0,28.0508,971.5599
2024-09-10 04:00:00,0.0,25.1444,936.4683
2024-09-10 05:00:00,0.0,12.0002,916.3404
2024-09-10 06:00:00,0.0,7.1644,959.0738
2024-09-10 07:00:00,47.3492,9.972,903.6167
2024-09-10 08:00:00,213.2751,9.842,913.0566
2024-09-10 09:00:00,330.7684,0.385,910.6628
2024-09-10 10:00:00,418.0924,1.2345,898.3644
2024-09-10 11:00:00,462.5664,3.9418,858.8749
2024-09-10 12:00:00,436.117,6.0427,854.2648
2024-09-10 13:00:00,468.64,18.8265,829.0151
2024-09-10 14:00:00,296.5322,22.0245,799.4721
2024-09-10 15:00:00,259.9923,19.433,731.7704
2024-09-10 16:00:00,137.7226,17.2853,861.214
2024-09-10 17:00:00,64.9172,24.3358,824.2309
2024-09-10 18:00:00,19.6739,11.3459,775.9947
2024-09-10 19:00:00,0.0,19.9285,897.5837
2024-09-10 20:00:00,0.0,12.932,898.4803
2024-09-10 21:00:00,0.0,12.1322,899.5991
2024-09-10 22:00:00,0.0,8.6376,850.806
2024-09-10 23:00:00,0.0,4.4142,844.5984
2024-09-11 00:00:00,0.0,2.1965,837.1755
2024-09-11 01:00:00,0.0,7.6408,832.6829
2024-09-11 02:00:00,0.0,6.6968,844.8775
2024-09-11 03:00:00,0.0,8.9853,823.4977
2024-09-11 04:00:00,0.0,14.5181,768.0091
2024-09-11 05:00:00,0.0,8.4493,795.8922
2024-09-11 06:00:00,0.0,17.5677,825.4357
2024-09-11 07:00:00,26.6039,4.3136,763.5737
2024-09-11 08:00:00,147.7278,5.0473,756.9225
2024-09-11 09:00:00,298.7035,0.2047,704.5652
2024-09-11 10:00:00,406.7824,4.3143,649.6573
2024-09-11 11:00:00,399.3434,6.7168,675.6217
2024-09-11 12:00:00,391.8348,13.0808,718.4211
2024-09-11 13:00:00,265.6322,5.8083,822.5522
2024-09-11 14:00:00,199.2319,18.4047,775.2856
2024-09-11 15:00:00,97.8029,4.2437,765.0429
2024-09-11 16:00:00,75.8627,11.1239,757.8384
2024-09-11 17:00:00,42.7342,8.7718,740.0849
2024-09-11 18:00:00,15.0462,6.4852,829.9636
2024-09-11 19:00:00,0.0,4.6026,891.8702
2024-09-11 20:00:00,0.0,3.2261,842.4773
2024-09-11 21:00:00,0.0,0.299,865.5903
2024-09-11 22:00:00,0.0,0.3257,854.0843
2024-09-11 23:00:00,0.0,0.2581,906.7979
2024-09-12 00:00:00,0.0,0.6829,874.466
2024-09-12 01:00:00,0.0,1.4485,861.5542
2024-09-12 02:00:00,0.0,6.0364,827.0795
2024-09-12 03:00:00,0.0,9.034,764.4711
2024-09-12 04:00:00,0.0,12.3029,680.0674
2024-09-12 05:00:00,0.0,5.2689,621.3173
2024-09-12 06:00:00,0.0,11.2261,659.4649
2024-09-12 07:00:00,25.4373,5.8664,659.4066
2024-09-12 08:00:00,103.5629,0.304,691.3441
2024-09-12 09:00:00,193.7492,0.164,709.7847
2024-09-12 10:00:00,227.815,0.164,708.2425
2024-09-12 11:00:00,247.642,0.164,699.9213
2024-09-12 12:00:00,243.2443,0.164,681.0205
2024-09-12 13:00:00,184.3514,0.164,751.1319
2024-09-12 14:00:00,122.3433,51.474,746.4876
2024-09-12 15:00:00,67.2148,19.8034,764.7624
2024-09-12 16:00:00,58.195,9.0,736.5433
2024-09-12 17:00:00,13.6897,17.75,746.1157
2024-09-12 18:00:00,2.2034,56.12,741.494
2024-09-12 19:00:00,0.0,14.55,840.6502
2024-09-12 20:00:00,0.0,30.5,938.8027
2024-09-12 21:00:00,0.0,0.0,943.5684
2024-09-12 22:00:00,0.0,0.0,897.5645
2024-09-12 23:00:00,0.0,0.0,830.7156
2024-09-13 00:00:00,0.0,0.0,709.8368
2024-09-13 01:00:00,0.0,7.74,625.6351
2024-09-13 02:00:00,0.0,0.0,601.687
2024-09-13 03:00:00,0.0,0.0,577.6832
2024-09-13 04:00:00,0.0,0.0,584.3244
2024-09-13 05:00:00,0.0,3.0,565.6624
2024-09-13 06:00:00,0.0,0.9,583.8894
2024-09-13 07:00:00,60.1975,4.4,624.037
2024-09-13 08:00:00,204.2454,0.0,643.8146
2024-09-13 09:00:00,342.8083,0.0,600.0106
2024-09-13 10:00:00,398.835,0.0,636.0623
2024-09-13 11:00:00,450.479,0.0,623.053
2024-09-13 12:00:00,457.8501,0.0,610.327
2024-09-13 13:00:00,475.9348,0.0,565.9583
2024-09-13 14:00:00,469.6833,6.48,745.5583
2024-09-13 15:00:00,341.6981,8.6,729.4418
2024-09-13 16:00:00,212.2644,0.8,785.4317
2024-09-13 17:00:00,100.0908,0.0,764.0955
2024-09-13 18:00:00,5.8926,0.9,762.4876
2024-09-13 19:00:00,0.0,0.9,878.4051
2024-09-13 20:00:00,0.0,0.0,869.107
2024-09-13 21:00:00,0.0,2.6,903.923
2024-09-13 22:00:00,0.0,0.0,888.1287
2024-09-13 23:00:00,0.0,0.0,835.398
2024-09-14 00:00:00,0.0,0.0,782.8186
2024-09-14 01:00:00,0.0,0.0,778.6368
2024-09-14 02:00:00,0.0,0.0,700.0502
2024-09-14 03:00:00,0.0,0.9,639.8652
2024-09-14 04:00:00,0.0,0.0,638.1786
2024-09-14 05:00:00,0.0,0.0,637.229
2024-09-14 06:00:00,0.0,2.2,639.119
2024-09-14 07:00:00,32.0487,0.0,628.8534
2024-09-14 08:00:00,140.7674,0.0,622.5123
2024-09-14 09:00:00,275.4422,0.0,606.9767
2024-09-14 10:00:00,423.1587,0.0,558.448
2024-09-14 11:00:00,396.5086,0.0,567.1368
2024-09-14 12:00:00,348.3058,2.5,644.6227
2024-09-14 13:00:00,467.7946,0.9,547.773
2024-09-14 14:00:00,404.0587,0.0,706.4678
2024-09-14 15:00:00,304.8575,24.19,643.0269
2024-09-14 16:00:00,201.9986,23.2,707.686
2024-09-14 17:00:00,80.8212,33.9,640.3288
2024-09-14 18:00:00,26.4927,35.9,634.8209
2024-09-14 19:00:00,0.0,21.4,716.6199
2024-09-14 20:00:00,0.0,46.3,701.5195
2024-09-14 21:00:00,0.0,16.5,654.4523
2024-09-14 22:00:00,0.0,3.6,598.0678
2024-09-14 23:00:00,0.0,0.0,590.3643
2024-09-15 00:00:00,0.0,0.0,714.1488
2024-09-15 01:00:00,0.0,0.0,652.9985
2024-09-15 02:00:00,0.0,0.0,611.2218
2024-09-15 03:00:00,0.0,0.0,586.4824
2024-09-15 04:00:00,0.0,0.0,527.6276
2024-09-15 05:00:00,0.0,0.0,523.4391
2024-09-15 06:00:00,0.0,0.0,499.5357
2024-09-15 07:00:00,64.6891,0.0,475.9281
2024-09-15 08:00:00,208.6188,0.0,422.3373
2024-09-15 09:00:00,317.1291,3.0,423.942
2024-09-15 10:00:00,444.7738,56.21,408.5088
2024-09-15 11:00:00,479.0552,17.38,378.4762
2024-09-15 12:00:00,449.4731,30.56,408.2397
2024-09-15 13:00:00,465.4705,50.0,401.0129
2024-09-15 14:00:00,391.7036,21.7,529.7939
2024-09-15 15:00:00,226.5746,31.18,640.6542
2024-09-15 16:00:00,163.7516,65.3,677.1486
2024-09-15 17:00:00,67.1902,90.26,603.6396
2024-09-15 18:00:00,25.0459,58.0,655.9017
2024-09-15 19:00:00,0.0,56.41,725.0733
2024-09-15 20:00:00,0.0,43.3,734.2054
2024-09-15 21:00:00,0.0,44.29,695.9044
2024-09-15 22:00:00,0.0,28.0,693.1328
2024-09-15 23:00:00,0.0,1.7,698.5117
2024-09-16 00:00:00,0.0,0.0,646.3773
2024-09-16 01:00:00,0.0,3.7,577.1524
2024-09-16 02:00:00,0.0,0.0,518.0024
2024-09-16 03:00:00,0.0,0.0,516.7784
2024-09-16 04:00:00,0.0,0.0,507.568
2024-09-16 05:00:00,0.0,0.0,497.3652
2024-09-16 06:00:00,0.0,0.0,499.3917
2024-09-16 07:00:00,15.6597,0.0,545.2004
2024-09-16 08:00:00,42.3495,58.1,596.2087
2024-09-16 09:00:00,67.383,94.37,632.7485
2024-09-16 10:00:00,140.2064,160.58,599.0502
2024-09-16 11:00:00,190.2758,22.1,632.2171
2024-09-16 12:00:00,234.1247,0.156,688.6936
2024-09-16 13:00:00,322.198,0.5744,482.1829
2024-09-16 14:00:00,361.6851,2.4025,469.0652
2024-09-16 15:00:00,308.5112,10.0211,537.9233
2024-09-16 16:00:00,250.8652,6.1491,522.6405
2024-09-16 17:00:00,87.8339,10.9102,570.4365
2024-09-16 18:00:00,19.3604,18.8189,535.303
2024-09-16 19:00:00,0.0,15.6599,630.5689
2024-09-16 20:00:00,0.0,27.7818,612.2148
2024-09-16 21:00:00,0.0,15.4029,651.8733
2024-09-16 22:00:00,0.0,8.6942,571.0544
2024-09-16 23:00:00,0.0,7.4183,449.3988
2024-09-17 00:00:00,0.0,10.064,437.1265
2024-09-17 01:00:00,0.0,2.6502,413.1075
2024-09-17 02:00:00,0.0,1.3303,404.9158
2024-09-17 03:00:00,0.0,0.5247,429.5599
2024-09-17 04:00:00,0.0,0.247,373.5188
2024-09-17 05:00:00,0.0,0.535,392.2461
2024-09-17 06:00:00,0.0,1.1629,405.852
2024-09-17 07:00:00,30.3463,0.5094,398.1243
2024-09-17 08:00:00,85.9849,0.6216,512.01
2024-09-17 09:00:00,158.3932,1.0178,507.3951
2024-09-17 10:00:00,191.9511,2.9325,521.2805
2024-09-17 11:00:00,188.299,28.8042,527.902
2024-09-17 12:00:00,252.2744,14.8782,526.997
2024-09-17 13:00:00,314.6658,12.8028,481.8848
2024-09-17 14:00:00,313.4851,12.2766,621.2312
2024-09-17 15:00:00,221.5241,5.161,668.0408
2024-09-17 16:00:00,193.5042,10.0103,474.4898
2024-09-17 17:00:00,95.1698,2.6328,472.2276
2024-09-17 18:00:00,22.87,26.1369,474.3561
2024-09-17 19:00:00,0.0,18.7163,542.6804
2024-09-17 20:00:00,0.0,10.1355,512.2118
2024-09-17 21:00:00,0.0,7.8732,494.9872
2024-09-17 22:00:00,0.0,6.9006,427.6099
2024-09-17 23:00:00,0.0,1.2847,432.3768
2024-09-18 00:00:00,0.0,0.8787,400.551
2024-09-18 01:00:00,0.0,0.3634,395.4137
2024-09-18 02:00:00,0.0,0.726,380.2573
2024-09-18 03:00:00,0.0,1.4549,334.0166
2024-09-18 04:00:00,0.0,3.3047,393.5432
2024-09-18 05:00:00,0.0,13.2543,398.7061
2024-09-18 06:00:00,0.0,14.663,402.7915
2024-09-18 07:00:00,49.9259,17.8136,409.9618
2024-09-18 08:00:00,198.7865,7.9541,477.8556
2024-09-18 09:00:00,242.9668,5.5392,516.0165
2024-09-18 10:00:00,385.9957,6.3523,517.2927
2024-09-18 11:00:00,368.2281,4.3429,650.6436
2024-09-18 12:00:00,447.975,5.8662,612.0702
2024-09-18 13:00:00,451.7733,27.0867,603.1994
2024-09-18 14:00:00,409.6467,11.9552,714.9746
2024-09-18 15:00:00,209.5157,33.8149,895.9756
2024-09-18 16:00:00,91.6237,23.1417,763.2617
2024-09-18 17:00:00,49.9655,11.7103,680.3918
2024-09-18 18:00:00,18.3566,8.4982,601.9037
2024-09-18 19:00:00,0.0,13.763,613.0273
2024-09-18 20:00:00,0.0,7.8937,594.9048
2024-09-18 21:00:00,0.0,5.5646,592.9928
2024-09-18 22:00:00,0.0,3.5652,635.1738
2024-09-18 23:00:00,0.0,1.8682,560.5529
2024-09-19 00:00:00,0.0,6.0935,503.5284
2024-09-19 01:00:00,0.0,5.76,501.6947
2024-09-19 02:00:00,0.0,0.3932,494.5864
2024-09-19 03:00:00,0.0,0.3181,486.2171
2024-09-19 04:00:00,0.0,0.9253,484.0035
2024-09-19 05:00:00,0.0,3.0076,479.2383
2024-09-19 06:00:00,0.0,1.4034,424.7023
2024-09-19 07:00:00,42.5003,2.3749,496.7335
2024-09-19 08:00:00,129.1665,0.1582,450.5388
2024-09-19 09:00:00,230.8245,0.2109,544.8683
2024-09-19 10:00:00,318.0346,0.981,499.6466
2024-09-19 11:00:00,369.7722,2.5943,455.4821
2024-09-19 12:00:00,408.9015,4.7489,475.6344
2024-09-19 13:00:00,284.1619,148.9092,534.1814
2024-09-19 14:00:00,222.4823,28.9701,587.7789
2024-09-19 15:00:00,165.7394,69.8021,592.2229
2024-09-19 16:00:00,47.2786,4.6272,722.8617
2024-09-19 17:00:00,4.5874,0.2639,678.9529
2024-09-19 18:00:00,1.1762,0.3598,680.6547
2024-09-19 19:00:00,0.0,0.5542,749.7582
2024-09-19 20:00:00,0.0,1.383,776.361
2024-09-19 21:00:00,0.0,0.2456,760.5241
2024-09-19 22:00:00,0.0,0.3029,718.1299
2024-09-19 23:00:00,0.0,0.427,746.8911
2024-09-20 00:00:00,0.0,0.3372,710.9857
2024-09-20 01:00:00,0.0,2.0111,650.0247
2024-09-20 02:00:00,0.0,0.6678,636.974
2024-09-20 03:00:00,0.0,0.7816,626.8462
2024-09-20 04:00:00,0.0,0.8837,603.6185
2024-09-20 05:00:00,0.0,1.7088,591.6043
2024-09-20 06:00:00,0.0,2.782,604.3782
2024-09-20 07:00:00,41.6419,1.6918,652.4563
2024-09-20 08:00:00,153.3264,1.0612,603.7877
2024-09-20 09:00:00,248.0729,0.839,512.2911
2024-09-20 10:00:00,274.7758,0.9567,514.4924
2024-09-20 11:00:00,311.9932,1.1207,545.89
2024-09-20 12:00:00,327.513,1.3873,513.3341
2024-09-20 13:00:00,324.2411,1.1507,494.3972
2024-09-20 14:00:00,194.389,14.3971,577.9709
2024-09-20 15:00:00,106.7401,49.6042,673.5702
2024-09-20 16:00:00,61.8067,34.9335,646.23
2024-09-20 17:00:00,24.0417,3.7857,722.0809
2024-09-20 18:00:00,2.6945,7.3522,664.4568
2024-09-20 19:00:00,0.0,5.3372,731.1195
2024-09-20 20:00:00,0.0,6.5792,723.0611
2024-09-20 21:00:00,0.0,19.4,689.0403
2024-09-20 22:00:00,0.0,24.9895,726.0964
2024-09-20 23:00:00,0.0,29.8141,654.074
2024-09-21 00:00:00,0.0,23.3878,625.4418
2024-09-21 01:00:00,0.0,10.795,658.0868
2024-09-21 02:00:00,0.0,12.2106,597.0817
2024-09-21 03:00:00,0.0,16.3289,598.0655
2024-09-21 04:00:00,0.0,21.5946,608.9123
2024-09-21 05:00:00,0.0,50.6845,602.2507
2024-09-21 06:00:00,0.0,61.4395,546.9913
2024-09-21 07:00:00,24.9646,51.0077,539.8011
2024-09-21 08:00:00,177.8315,71.967,578.9581
2024-09-21 09:00:00,300.3059,76.7628,531.0172
2024-09-21 10:00:00,306.8947,109.7235,547.3905
2024-09-21 11:00:00,283.398,117.5753,630.1956
2024-09-21 12:00:00,296.1983,72.1158,652.4106
2024-09-21 13:00:00,270.7452,96.6889,622.7488
2024-09-21 14:00:00,166.5412,38.8881,706.4552
2024-09-21 15:00:00,75.7083,145.1907,679.0283
2024-09-21 16:00:00,53.1472,130.9269,742.4524
2024-09-21 17:00:00,17.5499,45.0574,737.7221
2024-09-21 18:00:00,3.6046,28.5706,786.8641
2024-09-21 19:00:00,0.0,15.0942,830.5787
2024-09-21 20:00:00,0.0,6.4012,898.8355
2024-09-21 21:00:00,0.0,13.3639,909.8989
2024-09-21 22:00:00,0.0,53.7015,917.9773
2024-09-21 23:00:00,0.0,47.7195,913.176
2024-09-22 00:00:00,0.0,61.0027,822.0939
2024-09-22 01:00:00,0.0,20.5669,822.3415
2024-09-22 02:00:00,0.0,30.2289,797.5691
2024-09-22 03:00:00,0.0,6.9805,778.3605
2024-09-22 04:00:00,0.0,7.7419,750.3967
2024-09-22 05:00:00,0.0,13.3368,730.3549
2024-09-22 06:00:00,0.0,1.2589,713.2137
2024-09-22 07:00:00,44.2281,1.4217,682.6225
2024-09-22 08:00:00,114.2456,4.8377,670.5534
2024-09-22 09:00:00,149.5954,4.7918,668.537
2024-09-22 10:00:00,179.9608,10.8709,645.1895
2024-09-22 11:00:00,201.4107,36.5935,632.818
2024-09-22 12:00:00,197.4738,41.3708,626.2785
2024-09-22 13:00:00,203.1742,32.828,615.0137
2024-09-22 14:00:00,198.9929,41.2136,671.7581
2024-09-22 15:00:00,168.4584,37.6579,650.3251
2024-09-22 16:00:00,111.7584,41.8615,652.5885
2024-09-22 17:00:00,67.7765,42.9106,658.1502
2024-09-22 18:00:00,19.7477,25.7858,705.2665
2024-09-22 19:00:00,0.0,45.5863,633.9702
2024-09-22 20:00:00,0.0,56.3918,658.0872
2024-09-22 21:00:00,0.0,37.9656,683.8994
2024-09-22 22:00:00,0.0,24.926,648.656
2024-09-22 23:00:00,0.0,33.6985,666.8013
2024-09-23 00:00:00,0.0,35.3045,661.2455
2024-09-23 01:00:00,0.0,40.5094,638.0127
2024-09-23 02:00:00,0.0,43.2307,621.6946
2024-09-23 03:00:00,0.0,51.4871,613.9624
2024-09-23 04:00:00,0.0,32.4054,600.0575
2024-09-23 05:00:00,0.0,26.4026,591.6658
2024-09-23 06:00:00,0.0,13.7073,609.061
2024-09-23 07:00:00,45.4694,19.2156,576.5032
2024-09-23 08:00:00,115.9249,16.6384,626.7097
2024-09-23 09:00:00,201.0255,22.2254,642.5713
2024-09-23 10:00:00,223.8247,30.2792,633.4231
2024-09-23 11:00:00,299.4514,28.2495,615.342
2024-09-23 12:00:00,289.2146,11.9419,556.6679
2024-09-23 13:00:00,271.73,9.7345,547.9252
2024-09-23 14:00:00,172.0063,40.2854,554.9785
2024-09-23 15:00:00,70.3401,219.8192,622.2755
2024-09-23 16:00:00,48.041,97.1769,694.8926
2024-09-23 17:00:00,40.9117,72.7905,692.681
2024-09-23 18:00:00,8.0998,36.1034,646.0569
2024-09-23 19:00:00,0.0,4.6881,799.5864
2024-09-23 20:00:00,0.0,3.0623,821.0705
2024-09-23 21:00:00,0.0,3.2556,826.3842
2024-09-23 22:00:00,0.0,29.6912,792.5927
2024-09-23 23:00:00,0.0,55.4129,702.2292
2024-09-24 00:00:00,0.0,50.0762,718.5359
2024-09-24 01:00:00,0.0,44.3148,722.9605
2024-09-24 02:00:00,0.0,34.6404,712.3524
2024-09-24 03:00:00,0.0,22.8934,714.8075
2024-09-24 04:00:00,0.0,22.756,711.2717
2024-09-24 05:00:00,0.0,18.5563,687.4617
2024-09-24 06:00:00,0.0,30.701,707.4512
2024-09-24 07:00:00,51.9118,19.5202,666.4083
2024-09-24 08:00:00,224.2661,33.922,595.7799
2024-09-24 09:00:00,312.0585,36.6665,673.0224
2024-09-24 10:00:00,395.3744,27.0835,765.8718
2024-09-24 11:00:00,359.3022,25.3032,790.4126
2024-09-24 12:00:00,391.2375,12.2084,780.9037
2024-09-24 13:00:00,355.6106,25.8706,741.1174
2024-09-24 14:00:00,305.9125,127.9417,692.9533
2024-09-24 15:00:00,193.6158,54.0739,708.0832
2024-09-24 16:00:00,163.2019,21.4785,704.0919
2024-09-24 17:00:00,66.0974,23.312,750.1289
2024-09-24 18:00:00,9.1957,20.7217,734.9778
2024-09-24 19:00:00,0.0,19.6941,820.2565
2024-09-24 20:00:00,0.0,28.4173,821.6393
2024-09-24 21:00:00,0.0,16.2016,832.3035
2024-09-24 22:00:00,0.0,28.9812,863.3245
2024-09-24 23:00:00,0.0,14.2748,901.976
2024-09-25 00:00:00,0.0,0.6058,901.5839
2024-09-25 01:00:00,0.0,1.3255,903.4241
2024-09-25 02:00:00,0.0,2.5168,856.1615
2024-09-25 03:00:00,0.0,5.9841,854.4267
2024-09-25 04:00:00,0.0,3.2447,844.7219
2024-09-25 05:00:00,0.0,0.1978,845.6669
2024-09-25 06:00:00,0.0,0.4012,861.3813
2024-09-25 07:00:00,46.9635,1.1066,853.4072
2024-09-25 08:00:00,181.0981,0.299,849.0788
2024-09-25 09:00:00,336.2088,0.1945,878.3007
2024-09-25 10:00:00,407.9632,0.4944,845.2912
2024-09-25 11:00:00,402.4057,6.5424,853.5387
2024-09-25 12:00:00,417.1928,12.454,846.1497
2024-09-25 13:00:00,436.7006,26.3566,814.7639
2024-09-25 14:00:00,413.0001,79.1432,816.0326
2024-09-25 15:00:00,289.8664,110.9495,791.0169
2024-09-25 16:00:00,203.7243,189.5821,850.5525
2024-09-25 17:00:00,72.0956,94.9025,906.8932
2024-09-25 18:00:00,23.512,23.9579,897.8841
2024-09-25 19:00:00,0.0,4.7537,917.3373
2024-09-25 20:00:00,0.0,1.1729,927.0377
2024-09-25 21:00:00,0.0,1.4011,933.288
2024-09-25 22:00:00,0.0,5.3305,892.8521
2024-09-25 23:00:00,0.0,9.2307,916.5048
2024-09-26 00:00:00,0.0,4.1578,931.9286
2024-09-26 01:00:00,0.0,4.2959,881.9563
2024-09-26 02:00:00,0.0,0.3546,866.8813
2024-09-26 03:00:00,0.0,0.6889,854.5937
2024-09-26 04:00:00,0.0,1.2702,870.2819
2024-09-26 05:00:00,0.0,3.5648,885.2534
2024-09-26 06:00:00,0.0,1.1021,904.9116
2024-09-26 07:00:00,43.4748,1.1946,888.7978
2024-09-26 08:00:00,127.8799,2.3159,918.7628
2024-09-26 09:00:00,217.5572,3.9176,912.5965
2024-09-26 10:00:00,322.0694,3.0652,924.6493
2024-09-26 11:00:00,356.0595,0.2493,919.5431
2024-09-26 12:00:00,411.8157,0.5832,876.3331
2024-09-26 13:00:00,378.9203,1.2609,873.0316
2024-09-26 14:00:00,238.9187,10.6817,904.4716
2024-09-26 15:00:00,80.8443,43.5621,886.5131
2024-09-26 16:00:00,23.5292,15.4097,968.28
2024-09-26 17:00:00,3.848,0.2789,915.2674
2024-09-26 18:00:00,0.8281,0.3481,911.4371
2024-09-26 19:00:00,0.0,0.9967,961.1714
2024-09-26 20:00:00,0.0,0.4164,960.7492
2024-09-26 21:00:00,0.0,0.5881,967.9741
2024-09-26 22:00:00,0.0,0.8666,967.6429
2024-09-26 23:00:00,0.0,1.2618,978.8462
2024-09-27 00:00:00,0.0,26.3099,952.7145
2024-09-27 01:00:00,0.0,10.3918,878.9838
2024-09-27 02:00:00,0.0,10.1071,871.6707
2024-09-27 03:00:00,0.0,4.3863,853.5623
2024-09-27 04:00:00,0.0,1.3839,855.1229
2024-09-27 05:00:00,0.0,0.4778,834.5893
2024-09-27 06:00:00,0.0,0.679,833.3322
2024-09-27 07:00:00,33.4626,0.9571,814.5045
2024-09-27 08:00:00,162.6855,1.4553,878.3542
2024-09-27 09:00:00,289.9832,0.1207,917.4534
2024-09-27 10:00:00,396.8332,0.4567,875.1521
2024-09-27 11:00:00,383.3168,0.3399,864.9145
2024-09-27 12:00:00,421.6364,0.4628,881.1063
2024-09-27 13:00:00,363.319,0.2404,911.2469
2024-09-27 14:00:00,208.3275,42.5312,929.044
2024-09-27 15:00:00,98.5439,5.0048,893.022
2024-09-27 16:00:00,33.4348,55.4024,854.9956
2024-09-27 17:00:00,12.9713,28.9481,819.0008
2024-09-27 18:00:00,2.2819,11.776,912.6397
2024-09-27 19:00:00,0.0,8.4069,964.4142
2024-09-27 20:00:00,0.0,0.4048,966.1377
2024-09-27 21:00:00,0.0,7.2863,968.4923
2024-09-27 22:00:00,0.0,1.7899,913.2356
2024-09-27 23:00:00,0.0,8.4311,974.4453
2024-09-28 00:00:00,0.0,8.8115,1040.0571
2024-09-28 01:00:00,0.0,13.472,999.2922
2024-09-28 02:00:00,0.0,7.6361,979.6805
2024-09-28 03:00:00,0.0,9.8623,893.5057
2024-09-28 04:00:00,0.0,9.6105,890.5998
2024-09-28 05:00:00,0.0,14.1764,892.6583
2024-09-28 06:00:00,0.0,5.2073,889.0078
2024-09-28 07:00:00,34.7304,10.2387,854.6831
2024-09-28 08:00:00,103.2989,4.6686,896.7992
2024-09-28 09:00:00,250.691,0.6404,849.5903
2024-09-28 10:00:00,302.2242,0.4922,803.5395
2024-09-28 11:00:00,402.9254,0.8373,794.0568
2024-09-28 12:00:00,377.7481,0.6003,801.3809
2024-09-28 13:00:00,400.6221,0.9439,768.75
2024-09-28 14:00:00,346.1521,3.0732,838.6219
2024-09-28 15:00:00,205.5814,4.5659,832.0013
2024-09-28 16:00:00,95.2204,6.9992,834.5055
2024-09-28 17:00:00,55.2351,57.3006,835.0265
2024-09-28 18:00:00,19.6699,13.3461,840.9901
2024-09-28 19:00:00,0.0,5.6929,878.8994
2024-09-28 20:00:00,0.0,12.6101,878.7809
2024-09-28 21:00:00,0.0,11.3364,910.1603
2024-09-28 22:00:00,0.0,13.5943,897.6626
2024-09-28 23:00:00,0.0,7.9441,903.5253
2024-09-29 00:00:00,0.0,8.6407,919.6872
2024-09-29 01:00:00,0.0,6.5247,850.2881
2024-09-29 02:00:00,0.0,4.5097,832.8846
2024-09-29 03:00:00,0.0,7.0624,801.7992
2024-09-29 04:00:00,0.0,8.2895,794.4
2024-09-29 05:00:00,0.0,8.618,822.5493
2024-09-29 06:00:00,0.0,8.0961,808.1795
2024-09-29 07:00:00,44.0777,5.6467,765.0566
2024-09-29 08:00:00,162.8619,5.53,736.8335
2024-09-29 09:00:00,309.2967,6.5215,658.6959
2024-09-29 10:00:00,314.4194,8.3887,656.0542
2024-09-29 11:00:00,367.8194,5.5529,702.8113
2024-09-29 12:00:00,377.2078,1.2561,683.9195
2024-09-29 13:00:00,250.6463,2.5451,714.1081
2024-09-29 14:00:00,178.7778,45.0578,836.9213
2024-09-29 15:00:00,103.1118,111.6348,848.9747
2024-09-29 16:00:00,36.1689,71.4521,853.5316
2024-09-29 17:00:00,21.3783,8.031,829.7263
2024-09-29 18:00:00,2.4076,3.846,876.8667
2024-09-29 19:00:00,0.0,4.0395,905.0495
2024-09-29 20:00:00,0.0,18.0371,897.0394
2024-09-29 21:00:00,0.0,15.0349,896.5337
2024-09-29 22:00:00,0.0,25.3081,915.1067
2024-09-29 23:00:00,0.0,23.8889,935.3738
2024-09-30 00:00:00,0.0,8.0478,953.0748
2024-09-30 01:00:00,0.0,4.2387,942.4613
2024-09-30 02:00:00,0.0,3.6229,860.056
2024-09-30 03:00:00,0.0,5.8403,869.447
2024-09-30 04:00:00,0.0,29.2554,868.7209
2024-09-30 05:00:00,0.0,35.578,836.7751
2024-09-30 06:00:00,0.0,39.0152,825.6442
2024-09-30 07:00:00,39.3403,25.8575,813.0974
2024-09-30 08:00:00,127.6068,21.6718,904.465
2024-09-30 09:00:00,222.4678,21.2561,890.0928
2024-09-30 10:00:00,394.3617,30.5524,814.7182
2024-09-30 11:00:00,312.4477,22.333,837.9455
2024-09-30 12:00:00,193.6816,15.3651,943.8741
2024-09-30 13:00:00,206.7084,68.438,990.0288
2024-09-30 14:00:00,183.451,36.6307,1014.3954
2024-09-30 15:00:00,113.0083,16.4207,1048.2957
2024-09-30 16:00:00,51.8754,24.4353,1035.039
2024-09-30 17:00:00,7.119,11.0715,894.6442
2024-09-30 18:00:00,0.753,23.4302,989.4433
2024-09-30 19:00:00,0.0,29.0033,1005.4761
2024-09-30 20:00:00,0.0,5.9736,989.3927
2024-09-30 21:00:00,0.0,5.3353,1008.2351
2024-09-30 22:00:00,0.0,1.7297,942.7704
2024-09-30 23:00:00,0.0,5.904,1017.7433
2024-10-01 00:00:00,0.0,23.9177,1026.7026
2024-10-01 01:00:00,0.0,11.7255,984.1033
2024-10-01 02:00:00,0.0,0.3787,933.0706
2024-10-01 03:00:00,0.0,1.2861,923.1079
2024-10-01 04:00:00,0.0,1.2351,905.3649
2024-10-01 05:00:00,0.0,0.8597,876.2137
2024-10-01 06:00:00,0.0,1.5576,889.5019
2024-10-01 07:00:00,38.0403,0.9642,886.0928
2024-10-01 08:00:00,163.4376,0.9363,881.5862
2024-10-01 09:00:00,287.6622,2.4077,860.6674
2024-10-01 10:00:00,436.7089,0.1596,815.6409
2024-10-01 11:00:00,441.2633,0.2676,843.2305
2024-10-01 12:00:00,376.7506,2.5139,843.8387
2024-10-01 13:00:00,333.5124,18.6317,889.2873
2024-10-01 14:00:00,290.9582,35.0096,877.8797
2024-10-01 15:00:00,299.0987,49.2949,870.7035
2024-10-01 16:00:00,193.5402,33.7165,879.7412
2024-10-01 17:00:00,87.2253,54.9773,950.8542
2024-10-01 18:00:00,24.8255,25.7957,941.1054
2024-10-01 19:00:00,0.0,31.9775,1061.5457
2024-10-01 20:00:00,0.0,19.9916,1040.7684
2024-10-01 21:00:00,0.0,16.7864,1025.4373
2024-10-01 22:00:00,0.0,20.6882,1017.3149
2024-10-01 23:00:00,0.0,8.5184,1014.338
2024-10-02 00:00:00,0.0,0.4202,1028.3708
2024-10-02 01:00:00,0.0,4.038,1058.774
2024-10-02 02:00:00,0.0,2.8176,973.6258
2024-10-02 03:00:00,0.0,2.5946,950.2019
2024-10-02 04:00:00,0.0,1.9157,991.4895
2024-10-02 05:00:00,0.0,6.3275,978.9173
2024-10-02 06:00:00,0.0,4.991,991.7083
2024-10-02 07:00:00,54.1448,8.2427,975.0655
2024-10-02 08:00:00,167.1605,9.2133,911.5404
2024-10-02 09:00:00,361.7323,10.2899,774.0876
2024-10-02 10:00:00,432.3849,5.597,818.824
2024-10-02 11:00:00,388.3661,8.6926,839.6887
2024-10-02 12:00:00,416.4972,15.149,853.1597
2024-10-02 13:00:00,334.7045,14.8495,890.5589
2024-10-02 14:00:00,386.7071,17.4,876.2807
2024-10-02 15:00:00,293.6227,13.562,886.2221
2024-10-02 16:00:00,276.4629,39.2957,893.0081
2024-10-02 17:00:00,91.2277,34.4064,942.0861
2024-10-02 18:00:00,19.5349,27.5709,978.3896
2024-10-02 19:00:00,0.0,19.1259,1065.2294
2024-10-02 20:00:00,0.0,12.4153,1056.3665
2024-10-02 21:00:00,0.0,19.9108,1062.5413
2024-10-02 22:00:00,0.0,9.2227,1066.8772
2024-10-02 23:00:00,0.0,23.453,1054.737
2024-10-03 00:00:00,0.0,17.1965,1058.1423
2024-10-03 01:00:00,0.0,18.4604,968.0566
2024-10-03 02:00:00,0.0,15.7391,980.3798
2024-10-03 03:00:00,0.0,10.9482,985.0218
2024-10-03 04:00:00,0.0,18.1797,963.7338
2024-10-03 05:00:00,0.0,9.5161,981.7601
2024-10-03 06:00:00,0.0,16.0262,979.1733
2024-10-03 07:00:00,52.1283,12.1695,947.6039
2024-10-03 08:00:00,195.8102,6.7676,981.6847
2024-10-03 09:00:00,331.0046,4.1368,919.8863
2024-10-03 10:00:00,388.0745,4.1309,874.905
2024-10-03 11:00:00,438.1564,1.4145,850.055
2024-10-03 12:00:00,418.4593,2.5294,902.2883
2024-10-03 13:00:00,413.5919,1.6867,939.6466
2024-10-03 14:00:00,398.6874,0.9608,938.2451
2024-10-03 15:00:00,374.192,1.5117,950.6494
2024-10-03 16:00:00,215.2418,7.1099,1022.3393
2024-10-03 17:00:00,92.6501,16.6674,1033.2113
2024-10-03 18:00:00,21.9239,2.2889,1020.2417
2024-10-03 19:00:00,0.0,0.2379,1073.0216
2024-10-03 20:00:00,0.0,0.7253,1064.1154
2024-10-03 21:00:00,0.0,0.7262,1064.6808
2024-10-03 22:00:00,0.0,1.1389,1047.9049
2024-10-03 23:00:00,0.0,1.2653,1012.6194
2024-10-04 00:00:00,0.0,2.3033,1024.0432
2024-10-04 01:00:00,0.0,2.065,1021.8433
2024-10-04 02:00:00,0.0,2.8625,1024.9891
2024-10-04 03:00:00,0.0,7.206,988.462
2024-10-04 04:00:00,0.0,5.623,959.4269
2024-10-04 05:00:00,0.0,7.178,959.0386
2024-10-04 06:00:00,0.0,3.8206,978.0291
2024-10-04 07:00:00,48.576,6.3179,944.0777
2024-10-04 08:00:00,209.7681,7.8712,977.3011
2024-10-04 09:00:00,384.3471,8.733,903.2434
2024-10-04 10:00:00,410.0221,33.2516,907.5916
2024-10-04 11:00:00,426.6828,24.6064,873.8534
2024-10-04 12:00:00,422.1799,36.3993,842.5666
2024-10-04 13:00:00,444.6922,33.0599,881.7157
2024-10-04 14:00:00,367.4063,34.6433,864.375
2024-10-04 15:00:00,294.8721,35.4447,865.7658
2024-10-04 16:00:00,145.4089,26.4658,1005.8963
2024-10-04 17:00:00,58.6108,14.4512,1032.0043
2024-10-04 18:00:00,3.2081,13.9627,1021.6329
2024-10-04 19:00:00,0.0,18.6767,1032.6847
2024-10-04 20:00:00,0.0,26.4445,985.5238
2024-10-04 21:00:00,0.0,7.1786,1037.0272
2024-10-04 22:00:00,0.0,13.5889,1029.0348
2024-10-04 23:00:00,0.0,2.5503,1022.1866
2024-10-05 00:00:00,0.0,4.5991,1030.0668
2024-10-05 01:00:00,0.0,4.1625,1000.0416
2024-10-05 02:00:00,0.0,3.4061,1009.0763
2024-10-05 03:00:00,0.0,0.9407,958.7498
2024-10-05 04:00:00,0.0,0.8676,948.1131
2024-10-05 05:00:00,0.0,0.2235,929.1427
2024-10-05 06:00:00,0.0,0.2929,934.2974
2024-10-05 07:00:00,40.6182,0.3833,883.2984
2024-10-05 08:00:00,137.0132,1.1982,784.2046
2024-10-05 09:00:00,264.9866,0.7036,775.3859
2024-10-05 10:00:00,335.0589,0.9361,725.1115
2024-10-05 11:00:00,357.871,0.9542,731.558
2024-10-05 12:00:00,461.321,0.9362,730.7262
2024-10-05 13:00:00,408.5531,0.9102,735.6906
2024-10-05 14:00:00,400.9631,0.3806,714.5847
2024-10-05 15:00:00,299.4817,1.8847,748.3808
2024-10-05 16:00:00,106.6225,19.8718,676.687
2024-10-05 17:00:00,28.0331,5.1662,658.1748
2024-10-05 18:00:00,7.2844,18.2006,693.0523
2024-10-05 19:00:00,0.0,19.4396,745.3987
2024-10-05 20:00:00,0.0,4.5412,759.3823
2024-10-05 21:00:00,0.0,0.6987,825.3925
2024-10-05 22:00:00,0.0,2.0578,810.5425
2024-10-05 23:00:00,0.0,2.8851,819.6356
2024-10-06 00:00:00,0.0,1.2897,856.6204
2024-10-06 01:00:00,0.0,1.0627,828.3568
2024-10-06 02:00:00,0.0,0.6275,820.8831
2024-10-06 03:00:00,0.0,0.2884,815.8069
2024-10-06 04:00:00,0.0,0.4516,814.0001
2024-10-06 05:00:00,0.0,0.5512,802.3772
2024-10-06 06:00:00,0.0,0.3144,752.2318
2024-10-06 07:00:00,45.6163,0.4165,680.2763
2024-10-06 08:00:00,231.6492,0.5864,585.8337
2024-10-06 09:00:00,358.985,0.8147,530.2696
2024-10-06 10:00:00,388.5293,1.0504,481.1117
2024-10-06 11:00:00,468.2268,0.9525,494.2033
2024-10-06 12:00:00,418.2925,0.969,627.9334
2024-10-06 13:00:00,348.6273,8.6442,721.415
2024-10-06 14:00:00,254.4327,83.4095,730.209
2024-10-06 15:00:00,161.976,20.1695,779.3459
2024-10-06 16:00:00,50.7415,0.3749,832.6538
2024-10-06 17:00:00,31.7712,2.0975,791.5279
2024-10-06 18:00:00,5.0901,2.0279,861.174
2024-10-06 19:00:00,0.0,5.1978,886.9295
2024-10-06 20:00:00,0.0,3.5165,896.691
2024-10-06 21:00:00,0.0,0.372,902.3499
2024-10-06 22:00:00,0.0,0.7173,895.2048
2024-10-06 23:00:00,0.0,1.54,894.8905
2024-10-07 00:00:00,0.0,1.8931,857.8673
2024-10-07 01:00:00,0.0,1.4017,847.3629
2024-10-07 02:00:00,0.0,1.5386,865.5071
2024-10-07 03:00:00,0.0,3.5616,830.2067
2024-10-07 04:00:00,0.0,9.8995,810.8353
2024-10-07 05:00:00,0.0,4.2376,847.13
2024-10-07 06:00:00,0.0,1.6725,816.2965
2024-10-07 07:00:00,47.7347,0.2454,813.9082
2024-10-07 08:00:00,168.5425,0.6125,743.1014
2024-10-07 09:00:00,280.0415,0.5448,747.3213
2024-10-07 10:00:00,383.6103,0.8966,737.8545
2024-10-07 11:00:00,384.9018,17.8453,741.0666
2024-10-07 12:00:00,371.2595,31.2867,763.6503
2024-10-07 13:00:00,425.4197,26.203,795.8532
2024-10-07 14:00:00,376.8298,16.0219,777.4644
2024-10-07 15:00:00,322.1277,8.1549,821.0504
2024-10-07 16:00:00,176.0926,118.9152,827.6122
2024-10-07 17:00:00,98.8091,53.2305,832.18
2024-10-07 18:00:00,16.9212,4.957,829.5588
2024-10-07 19:00:00,0.0,6.2279,837.7424
2024-10-07 20:00:00,0.0,6.5219,849.9704
2024-10-07 21:00:00,0.0,6.5123,838.4156
2024-10-07 22:00:00,0.0,8.1934,831.5081
2024-10-07 23:00:00,0.0,7.8071,848.2488
2024-10-08 00:00:00,0.0,10.6095,868.174
2024-10-08 01:00:00,0.0,0.8282,867.7195
2024-10-08 02:00:00,0.0,1.4676,862.8315
2024-10-08 03:00:00,0.0,4.5524,860.4184
2024-10-08 04:00:00,0.0,1.0833,819.6615
2024-10-08 05:00:00,0.0,1.8264,816.6158
2024-10-08 06:00:00,0.0,1.7413,823.9279
2024-10-08 07:00:00,27.6941,2.7525,811.7588
2024-10-08 08:00:00,114.353,0.2013,794.1565
2024-10-08 09:00:00,200.3731,0.7629,798.9424
2024-10-08 10:00:00,211.347,0.8079,793.7277
2024-10-08 11:00:00,234.3742,3.0673,829.5676
2024-10-08 12:00:00,304.4458,3.415,786.5181
2024-10-08 13:00:00,290.3743,10.4375,830.0126
2024-10-08 14:00:00,192.7092,117.0939,824.1695
2024-10-08 15:00:00,171.5087,10.8174,890.4735
2024-10-08 16:00:00,138.3248,17.7156,885.9269
2024-10-08 17:00:00,64.0707,35.1168,864.6395
2024-10-08 18:00:00,22.1493,39.0468,840.9088
2024-10-08 19:00:00,0.0,50.0686,903.937
2024-10-08 20:00:00,0.0,56.7393,890.4156
2024-10-08 21:00:00,0.0,88.1712,907.1572
2024-10-08 22:00:00,0.0,76.4106,911.9249
2024-10-08 23:00:00,0.0,62.8606,903.3967
2024-10-09 00:00:00,0.0,47.0229,870.7063
2024-10-09 01:00:00,0.0,47.6103,862.8804
2024-10-09 02:00:00,0.0,40.05,873.0482
2024-10-09 03:00:00,0.0,26.1576,855.6798
2024-10-09 04:00:00,0.0,13.641,834.8049
2024-10-09 05:00:00,0.0,12.5737,833.9164
2024-10-09 06:00:00,0.0,7.1355,784.5377
2024-10-09 07:00:00,28.3305,12.7879,812.8188
2024-10-09 08:00:00,92.7055,11.8981,813.6361
2024-10-09 09:00:00,192.2925,20.5985,944.4797
2024-10-09 10:00:00,294.7568,24.5837,828.2981
2024-10-09 11:00:00,261.3778,29.1347,781.803
2024-10-09 12:00:00,226.4527,34.7608,804.9654
2024-10-09 13:00:00,286.9054,77.6845,854.6398
2024-10-09 14:00:00,259.6992,81.7251,888.5226
2024-10-09 15:00:00,178.6005,59.3495,880.3619
2024-10-09 16:00:00,120.2876,86.0868,1002.9795
2024-10-09 17:00:00,72.8434,68.0127,1023.487
2024-10-09 18:00:00,7.4404,31.7661,1091.6263
2024-10-09 19:00:00,0.0,37.3712,1100.7653
2024-10-09 20:00:00,0.0,14.0263,1105.2393
2024-10-09 21:00:00,0.0,7.1403,1104.8665
2024-10-09 22:00:00,0.0,4.9435,1074.367
2024-10-09 23:00:00,0.0,0.1738,1075.002
2024-10-10 00:00:00,0.0,0.291,1069.0978
2024-10-10 01:00:00,0.0,0.4611,986.4913
2024-10-10 02:00:00,0.0,0.5567,1006.3827
2024-10-10 03:00:00,0.0,1.5292,1004.9135
2024-10-10 04:00:00,0.0,1.3338,993.4327
2024-10-10 05:00:00,0.0,1.3503,993.0473
2024-10-10 06:00:00,0.0,1.0486,991.6561
2024-10-10 07:00:00,46.6654,1.8408,1006.8677
2024-10-10 08:00:00,155.7942,0.1514,1009.7926
2024-10-10 09:00:00,308.1243,0.141,918.6502
2024-10-10 10:00:00,356.6315,0.141,956.2883
2024-10-10 11:00:00,374.3651,0.141,959.6839
2024-10-10 12:00:00,323.9768,0.141,981.7954
2024-10-10 13:00:00,306.0416,0.141,1001.7984
2024-10-10 14:00:00,228.0521,41.021,992.9588
2024-10-10 15:00:00,147.1719,8.341,1021.9428
2024-10-10 16:00:00,31.7274,0.841,1096.6064
2024-10-10 17:00:00,14.537,2.491,1121.937
2024-10-10 18:00:00,1.3619,0.141,1073.9207
2024-10-10 19:00:00,0.0,1.641,1089.7891
2024-10-10 20:00:00,0.0,0.141,1084.7635
2024-10-10 21:00:00,0.0,0.141,1080.5989
2024-10-10 22:00:00,0.0,1.041,1089.4045
2024-10-10 23:00:00,0.0,0.141,1095.2882
2024-10-11 00:00:00,0.0,1.441,1019.2167
2024-10-11 01:00:00,0.0,0.141,1063.987
2024-10-11 02:00:00,0.0,0.141,1022.4321
2024-10-11 03:00:00,0.0,0.141,985.0228
2024-10-11 04:00:00,0.0,0.141,969.2421
2024-10-11 05:00:00,0.0,0.141,924.556
2024-10-11 06:00:00,0.0,0.141,925.1755
2024-10-11 07:00:00,44.5159,0.141,976.9813
2024-10-11 08:00:00,143.7355,0.141,988.9171
2024-10-11 09:00:00,239.8448,0.141,931.7002
2024-10-11 10:00:00,248.5135,0.133,841.6552
2024-10-11 11:00:00,308.2656,0.1054,806.624
2024-10-11 12:00:00,301.3254,0.1152,789.1691
2024-10-11 13:00:00,306.4436,11.8723,783.3377
2024-10-11 14:00:00,123.3725,1.5835,1000.2102
2024-10-11 15:00:00,56.3662,0.4547,1079.6876
2024-10-11 16:00:00,28.2776,0.631,1079.528
2024-10-11 17:00:00,7.3201,3.2845,1104.0529
2024-10-11 18:00:00,0.513,1.9305,1024.3768
2024-10-11 19:00:00,0.0,2.736,1009.3394
2024-10-11 20:00:00,0.0,3.0294,908.4645
2024-10-11 21:00:00,0.0,5.6979,904.3118
2024-10-11 22:00:00,0.0,13.2024,906.6349
2024-10-11 23:00:00,0.0,17.0473,897.9859
2024-10-12 00:00:00,0.0,25.3701,920.5685
2024-10-12 01:00:00,0.0,11.9026,958.1376
2024-10-12 02:00:00,0.0,6.7127,946.186
2024-10-12 03:00:00,0.0,9.3442,924.6102
2024-10-12 04:00:00,0.0,16.8006,893.2356
2024-10-12 05:00:00,0.0,9.7016,894.8994
2024-10-12 06:00:00,0.0,8.0305,908.2481
2024-10-12 07:00:00,32.4491,11.0907,864.0246
2024-10-12 08:00:00,150.7947,11.3103,858.0147
2024-10-12 09:00:00,235.6008,5.3906,850.4515
2024-10-12 10:00:00,326.718,9.6603,810.7273
2024-10-12 11:00:00,397.9959,29.6251,740.746
2024-10-12 12:00:00,395.1431,44.1445,740.2108
2024-10-12 13:00:00,341.4673,45.262,793.8991
2024-10-12 14:00:00,348.1442,46.1289,788.2086
2024-10-12 15:00:00,280.1113,76.5,811.2769
2024-10-12 16:00:00,215.1185,49.3599,831.9227
2024-10-12 17:00:00,102.943,59.3641,856.7785
2024-10-12 18:00:00,21.0524,65.0322,909.7409
2024-10-12 19:00:00,0.0,62.7388,904.4295
2024-10-12 20:00:00,0.0,65.5127,903.137
2024-10-12 21:00:00,0.0,53.5965,927.5187
2024-10-12 22:00:00,0.0,24.0097,925.2763
2024-10-12 23:00:00,0.0,9.9808,918.7037
2024-10-13 00:00:00,0.0,6.8196,922.707
2024-10-13 01:00:00,0.0,16.4915,886.9368
2024-10-13 02:00:00,0.0,11.0447,932.1537
2024-10-13 03:00:00,0.0,7.1205,912.3514
2024-10-13 04:00:00,0.0,10.4314,872.8221
2024-10-13 05:00:00,0.0,16.8084,865.3017
2024-10-13 06:00:00,0.0,16.8528,875.015
2024-10-13 07:00:00,44.9749,12.9935,809.4182
2024-10-13 08:00:00,202.89,6.8658,697.588
2024-10-13 09:00:00,365.9832,6.5138,576.2386
2024-10-13 10:00:00,435.5159,13.3134,587.8064
2024-10-13 11:00:00,425.1504,72.6942,598.9579
2024-10-13 12:00:00,371.0543,56.555,648.1643
2024-10-13 13:00:00,407.7793,32.9364,711.2687
2024-10-13 14:00:00,301.8608,39.9962,762.724
2024-10-13 15:00:00,177.2812,34.8526,833.1443
2024-10-13 16:00:00,154.2731,39.8632,781.6997
2024-10-13 17:00:00,57.4481,49.429,792.7225
2024-10-13 18:00:00,15.0362,53.1974,848.5207
2024-10-13 19:00:00,0.0,75.3036,980.0932
2024-10-13 20:00:00,0.0,74.6169,992.7884
2024-10-13 21:00:00,0.0,72.7856,985.3207
2024-10-13 22:00:00,0.0,97.4513,985.1894
2024-10-13 23:00:00,0.0,29.5155,921.7773
2024-10-14 00:00:00,0.0,2.4189,913.8962
2024-10-14 01:00:00,0.0,6.4885,894.9836
2024-10-14 02:00:00,0.0,4.7673,877.2702
2024-10-14 03:00:00,0.0,1.4139,884.5433
2024-10-14 04:00:00,0.0,1.3401,856.5088
2024-10-14 05:00:00,0.0,1.2508,825.5788
2024-10-14 06:00:00,0.0,4.4718,840.0101
2024-10-14 07:00:00,49.5506,8.4059,838.2079
2024-10-14 08:00:00,103.8397,6.8039,874.3556
2024-10-14 09:00:00,171.3508,3.6424,1054.8909
2024-10-14 10:00:00,249.6033,4.6505,1013.1291
2024-10-14 11:00:00,357.4643,4.882,947.774
2024-10-14 12:00:00,341.9306,7.2144,948.109
2024-10-14 13:00:00,257.9341,40.4319,1011.0548
2024-10-14 14:00:00,216.1214,60.8667,1017.3598
2024-10-14 15:00:00,140.7075,19.5191,994.8056
2024-10-14 16:00:00,48.2187,24.5349,1004.2726
2024-10-14 17:00:00,29.1423,20.6648,1023.1297
2024-10-14 18:00:00,5.0914,38.8867,1014.2944
2024-10-14 19:00:00,0.0,57.2158,1079.634
2024-10-14 20:00:00,0.0,49.2679,1111.9443
2024-10-14 21:00:00,0.0,38.7038,1123.7876
2024-10-14 22:00:00,0.0,8.8634,1121.2393
2024-10-14 23:00:00,0.0,0.5672,1076.191
2024-10-15 00:00:00,0.0,0.3003,1067.6385
2024-10-15 01:00:00,0.0,3.1433,1061.7341
2024-10-15 02:00:00,0.0,3.6724,1042.8905
2024-10-15 03:00:00,0.0,6.2534,1002.501
2024-10-15 04:00:00,0.0,8.5774,1003.4236
2024-10-15 05:00:00,0.0,13.6564,1005.8756
2024-10-15 06:00:00,0.0,11.6749,1002.9063
2024-10-15 07:00:00,38.8243,4.6265,954.5271
2024-10-15 08:00:00,136.9306,0.6332,940.313
2024-10-15 09:00:00,207.0419,4.0625,930.9638
2024-10-15 10:00:00,273.1765,0.1613,909.4663
2024-10-15 11:00:00,248.4917,0.3681,834.2265
2024-10-15 12:00:00,293.7111,0.3825,843.8562
2024-10-15 13:00:00,354.8987,0.3382,765.6983
2024-10-15 14:00:00,189.275,3.2183,914.2106
2024-10-15 15:00:00,233.0404,0.2876,976.7939
2024-10-15 16:00:00,121.1512,19.0411,945.0171
2024-10-15 17:00:00,40.3206,25.1699,1018.4061
2024-10-15 18:00:00,16.2835,15.8602,1056.2363
2024-10-15 19:00:00,0.0,10.7693,1066.7736
2024-10-15 20:00:00,0.0,4.6729,1053.8976
2024-10-15 21:00:00,0.0,6.0911,1061.6809
2024-10-15 22:00:00,0.0,5.1734,1027.987
2024-10-15 23:00:00,0.0,7.7679,1067.8673
2024-10-16 00:00:00,0.0,17.1833,1023.3245
2024-10-16 01:00:00,0.0,0.3565,1017.5631
2024-10-16 02:00:00,0.0,0.9162,969.6542
2024-10-16 03:00:00,0.0,9.3897,911.1519
2024-10-16 04:00:00,0.0,16.4668,904.8758
2024-10-16 05:00:00,0.0,15.9556,910.5038
2024-10-16 06:00:00,0.0,14.7187,971.2586
2024-10-16 07:00:00,47.2046,20.3559,972.9153
2024-10-16 08:00:00,168.0205,7.561,950.3427
2024-10-16 09:00:00,326.8346,10.3621,808.1761
2024-10-16 10:00:00,326.4104,8.6005,899.6496
2024-10-16 11:00:00,448.8184,17.1201,811.537
2024-10-16 12:00:00,331.7242,9.365,933.6117
2024-10-16 13:00:00,351.9327,2.2409,951.3914
2024-10-16 14:00:00,291.4018,9.5591,948.6513
2024-10-16 15:00:00,177.2498,107.1235,926.5748
2024-10-16 16:00:00,129.6224,78.2502,932.6068
2024-10-16 17:00:00,62.3326,4.5433,975.4963
2024-10-16 18:00:00,12.6052,7.6036,962.9332
2024-10-16 19:00:00,0.0,8.347,1004.3372
2024-10-16 20:00:00,0.0,10.8201,1005.6929
2024-10-16 21:00:00,0.0,6.9052,1041.5986
2024-10-16 22:00:00,0.0,26.3433,1060.8633
2024-10-16 23:00:00,0.0,57.3424,1051.8708
2024-10-17 00:00:00,0.0,10.3251,1068.6238
2024-10-17 01:00:00,0.0,6.5734,1042.3881
2024-10-17 02:00:00,0.0,12.9087,1009.8344
2024-10-17 03:00:00,0.0,20.0837,991.4973
2024-10-17 04:00:00,0.0,7.1484,961.7664
2024-10-17 05:00:00,0.0,4.3966,880.1039
2024-10-17 06:00:00,0.0,8.5677,959.3795
2024-10-17 07:00:00,51.1628,13.541,940.4792
2024-10-17 08:00:00,197.5558,13.8867,947.3678
2024-10-17 09:00:00,252.5411,14.284,924.9479
2024-10-17 10:00:00,287.854,12.0165,858.0836
2024-10-17 11:00:00,348.9705,7.351,814.4333
2024-10-17 12:00:00,378.9121,7.4601,819.9074
2024-10-17 13:00:00,388.2529,7.5869,838.4616
2024-10-17 14:00:00,369.9604,7.1532,790.5363
2024-10-17 15:00:00,283.4121,8.0246,864.9603
2024-10-17 16:00:00,154.7239,56.7051,940.3666
2024-10-17 17:00:00,56.2436,13.1721,997.6264
2024-10-17 18:00:00,10.7654,24.5723,979.6446
2024-10-17 19:00:00,0.0,1.4565,991.7649
2024-10-17 20:00:00,0.0,0.6881,976.2762
2024-10-17 21:00:00,0.0,0.369,933.2176
2024-10-17 22:00:00,0.0,0.6128,938.6532
2024-10-17 23:00:00,0.0,0.7689,926.0525
2024-10-18 00:00:00,0.0,1.0684,1004.5357
2024-10-18 01:00:00,0.0,2.2825,995.9495
2024-10-18 02:00:00,0.0,1.4839,993.3664
2024-10-18 03:00:00,0.0,1.0793,972.4155
2024-10-18 04:00:00,0.0,0.2801,947.9668
2024-10-18 05:00:00,0.0,0.2414,936.0815
2024-10-18 06:00:00,0.0,1.8315,956.7693
2024-10-18 07:00:00,56.6475,1.2327,945.5096
2024-10-18 08:00:00,241.009,0.4764,895.7509
2024-10-18 09:00:00,312.6991,0.6695,859.5578
2024-10-18 10:00:00,345.3678,0.8003,883.9835
2024-10-18 11:00:00,432.043,0.9732,821.9494
2024-10-18 12:00:00,471.2553,0.7666,833.8297
2024-10-18 13:00:00,472.0078,0.659,785.6858
2024-10-18 14:00:00,423.9764,0.8902,788.3439
2024-10-18 15:00:00,233.3132,1.3507,794.5784
2024-10-18 16:00:00,93.5654,129.3749,882.1359
2024-10-18 17:00:00,15.3398,24.7668,869.4262
2024-10-18 18:00:00,0.8516,27.0617,860.1533
2024-10-18 19:00:00,0.0,24.0967,845.7628
2024-10-18 20:00:00,0.0,5.5661,905.7377
2024-10-18 21:00:00,0.0,8.3054,982.5483
2024-10-18 22:00:00,0.0,10.2938,998.9892
2024-10-18 23:00:00,0.0,9.399,986.3955
2024-10-19 00:00:00,0.0,14.1553,1007.2408
2024-10-19 01:00:00,0.0,8.6949,1008.9825
2024-10-19 02:00:00,0.0,7.0197,976.0923
2024-10-19 03:00:00,0.0,2.8567,981.2448
2024-10-19 04:00:00,0.0,0.7295,953.5856
2024-10-19 05:00:00,0.0,2.2077,950.2194
2024-10-19 06:00:00,0.0,3.8175,952.7295
2024-10-19 07:00:00,42.2826,6.2397,891.3126
2024-10-19 08:00:00,145.077,6.1242,863.4006
2024-10-19 09:00:00,279.5958,9.6516,771.1162
2024-10-19 10:00:00,448.5397,11.0213,725.858
2024-10-19 11:00:00,429.1458,34.8548,701.5027
2024-10-19 12:00:00,448.6479,40.8894,680.3964
2024-10-19 13:00:00,299.6268,28.4156,681.1902
2024-10-19 14:00:00,228.9789,9.2583,754.8895
2024-10-19 15:00:00,102.902,8.8442,887.4899
2024-10-19 16:00:00,20.4772,126.9093,822.616
2024-10-19 17:00:00,7.994,95.4419,881.632
2024-10-19 18:00:00,6.0403,45.2611,846.1257
2024-10-19 19:00:00,0.0,16.2796,944.5488
2024-10-19 20:00:00,0.0,45.4313,970.7158
2024-10-19 21:00:00,0.0,54.836,998.9844
2024-10-19 22:00:00,0.0,19.1229,1028.404
2024-10-19 23:00:00,0.0,11.7031,1023.2744
2024-10-20 00:00:00,0.0,6.7309,982.1361
2024-10-20 01:00:00,0.0,11.7934,934.809
2024-10-20 02:00:00,0.0,10.1215,932.0924
2024-10-20 03:00:00,0.0,25.4816,901.6938
2024-10-20 04:00:00,0.0,13.2408,895.754
2024-10-20 05:00:00,0.0,18.2808,865.9546
2024-10-20 06:00:00,0.0,13.752,894.7521
2024-10-20 07:00:00,51.4816,6.6298,791.5037
2024-10-20 08:00:00,170.1536,2.1938,742.2112
2024-10-20 09:00:00,214.7724,2.1702,702.8485
2024-10-20 10:00:00,330.433,0.7665,693.8035
2024-10-20 11:00:00,384.4616,0.3922,746.837
2024-10-20 12:00:00,423.5144,1.5045,725.5583
2024-10-20 13:00:00,383.7605,17.1545,713.8678
2024-10-20 14:00:00,244.9448,44.0476,817.5537
2024-10-20 15:00:00,91.346,215.4536,797.0941
2024-10-20 16:00:00,28.8699,92.9833,978.5603
2024-10-20 17:00:00,22.1025,24.7607,987.0885
2024-10-20 18:00:00,5.5964,0.8981,1070.3878
2024-10-20 19:00:00,0.0,3.2985,1118.1868
2024-10-20 20:00:00,0.0,6.9572,1079.5653
2024-10-20 21:00:00,0.0,8.9055,1079.4604
2024-10-20 22:00:00,0.0,0.3045,993.8114
2024-10-20 23:00:00,0.0,3.7499,856.9802
2024-10-21 00:00:00,0.0,15.8195,859.141
2024-10-21 01:00:00,0.0,10.9477,848.8696
2024-10-21 02:00:00,0.0,3.2278,856.5157
2024-10-21 03:00:00,0.0,4.6045,855.5035
2024-10-21 04:00:00,0.0,2.4703,851.6999
2024-10-21 05:00:00,0.0,0.117,798.7358
2024-10-21 06:00:00,0.0,0.128,817.7394
2024-10-21 07:00:00,38.6646,0.119,817.0852
2024-10-21 08:00:00,147.6587,0.1749,918.3929
2024-10-21 09:00:00,336.0229,0.119,879.784
2024-10-21 10:00:00,354.046,0.119,897.0633
2024-10-21 11:00:00,353.6492,0.2135,869.1153
2024-10-21 12:00:00,367.4202,0.4817,859.3513
2024-10-21 13:00:00,377.1018,0.3734,944.6599
2024-10-21 14:00:00,276.454,0.5508,1048.4115
2024-10-21 15:00:00,212.4315,25.8769,1144.7104
2024-10-21 16:00:00,130.419,27.6121,1117.2057
2024-10-21 17:00:00,68.5325,9.1823,1105.0338
2024-10-21 18:00:00,19.6252,0.0222,1114.0905
2024-10-21 19:00:00,0.0,0.1782,1121.6509
2024-10-21 20:00:00,0.0,0.5135,1154.7512
2024-10-21 21:00:00,0.0,0.2824,1158.3352
2024-10-21 22:00:00,0.0,0.7139,1158.421
2024-10-21 23:00:00,0.0,0.278,1122.1316
2024-10-22 00:00:00,0.0,0.5392,1081.8033
2024-10-22 01:00:00,0.0,1.0856,1105.896
2024-10-22 02:00:00,0.0,1.3365,1078.8217
2024-10-22 03:00:00,0.0,0.6306,1067.7422
2024-10-22 04:00:00,0.0,0.5126,1072.9954
2024-10-22 05:00:00,0.0,0.2868,1063.185
2024-10-22 06:00:00,0.0,0.5884,1065.0096
2024-10-22 07:00:00,63.3309,1.1694,1049.4587
2024-10-22 08:00:00,222.4003,1.627,1059.762
2024-10-22 09:00:00,361.7396,1.0223,964.2978
2024-10-22 10:00:00,402.1534,1.3003,991.1798
2024-10-22 11:00:00,450.5202,0.697,936.5372
2024-10-22 12:00:00,368.8445,0.5732,973.2855
2024-10-22 13:00:00,285.4764,32.5577,1027.8087
2024-10-22 14:00:00,398.1234,1.3573,1013.703
2024-10-22 15:00:00,297.5775,13.6284,1023.7289
2024-10-22 16:00:00,132.1759,1.3701,1081.966
2024-10-22 17:00:00,76.6182,0.8726,1044.2026
2024-10-22 18:00:00,23.6995,0.4225,1025.9976
2024-10-22 19:00:00,0.0,1.0018,1077.213
2024-10-22 20:00:00,0.0,1.1585,1135.0881
2024-10-22 21:00:00,0.0,1.1856,1142.4752
2024-10-22 22:00:00,0.0,1.5953,1148.958
2024-10-22 23:00:00,0.0,0.4411,1139.5215
2024-10-23 00:00:00,0.0,0.7091,1141.0621
2024-10-23 01:00:00,0.0,0.8698,1114.0587
2024-10-23 02:00:00,0.0,1.5084,1117.029
2024-10-23 03:00:00,0.0,2.9657,1060.451
2024-10-23 04:00:00,0.0,2.2849,1049.2384
2024-10-23 05:00:00,0.0,6.1578,1050.1643
2024-10-23 06:00:00,0.0,6.9972,1044.7863
2024-10-23 07:00:00,46.199,3.5884,1059.701
2024-10-23 08:00:00,217.4505,2.0679,1061.498
2024-10-23 09:00:00,344.0705,1.1114,1031.201
2024-10-23 10:00:00,454.1369,2.2398,997.397
2024-10-23 11:00:00,397.7281,6.6034,1039.0927
2024-10-23 12:00:00,389.952,8.931,1061.1373
2024-10-23 13:00:00,379.6741,27.8269,1067.8851
2024-10-23 14:00:00,281.455,14.7874,1057.6266
2024-10-23 15:00:00,214.3378,1.3306,1074.7603
2024-10-23 16:00:00,156.1987,7.2745,1052.4963
2024-10-23 17:00:00,49.8835,4.6126,1052.758
2024-10-23 18:00:00,1.4877,21.4312,1124.15
2024-10-23 19:00:00,0.0,75.5346,1102.9751
2024-10-23 20:00:00,0.0,35.3455,1114.5969
2024-10-23 21:00:00,0.0,65.1812,1123.1676
2024-10-23 22:00:00,0.0,81.1328,1100.4708
2024-10-23 23:00:00,0.0,79.2971,1103.0216
2024-10-24 00:00:00,0.0,56.0442,1101.3986
2024-10-24 01:00:00,0.0,37.2155,1099.5521
2024-10-24 02:00:00,0.0,30.2841,1029.8434
2024-10-24 03:00:00,0.0,24.9192,1045.1625
2024-10-24 04:00:00,0.0,30.2829,1052.3911
2024-10-24 05:00:00,0.0,21.3507,1029.2933
2024-10-24 06:00:00,0.0,22.1566,1041.0441
2024-10-24 07:00:00,69.9049,20.7279,1050.816
2024-10-24 08:00:00,241.708,10.6831,1067.1224
2024-10-24 09:00:00,383.4782,6.1813,1030.612
2024-10-24 10:00:00,400.8305,29.1439,964.2034
2024-10-24 11:00:00,446.46,27.5547,978.6098
2024-10-24 12:00:00,384.4767,45.3668,1006.3738
2024-10-24 13:00:00,436.4562,62.966,955.2666
2024-10-24 14:00:00,300.7691,175.7878,900.7623
2024-10-24 15:00:00,212.4529,52.3335,1063.4824
2024-10-24 16:00:00,131.6216,61.3272,1104.7286
2024-10-24 17:00:00,56.488,79.016,1106.7388
2024-10-24 18:00:00,1.4935,73.8814,1105.6669
2024-10-24 19:00:00,0.0,86.9843,1105.8022
2024-10-24 20:00:00,0.0,64.015,1089.1125
2024-10-24 21:00:00,0.0,76.9175,1090.0103
2024-10-24 22:00:00,0.0,95.1842,1090.1384
2024-10-24 23:00:00,0.0,54.3754,1085.1154
2024-10-25 00:00:00,0.0,40.1502,1075.7825
2024-10-25 01:00:00,0.0,28.8683,1074.5829
2024-10-25 02:00:00,0.0,24.7854,1067.4736
2024-10-25 03:00:00,0.0,11.9348,1067.9666
2024-10-25 04:00:00,0.0,15.5095,1065.4924
2024-10-25 05:00:00,0.0,26.4514,1052.219
2024-10-25 06:00:00,0.0,30.7672,1079.7242
2024-10-25 07:00:00,49.1011,55.3628,1071.0906
2024-10-25 08:00:00,167.1888,73.106,1073.4246
2024-10-25 09:00:00,222.0673,49.6929,1070.2422
2024-10-25 10:00:00,327.4649,29.2277,1038.7468
2024-10-25 11:00:00,334.8047,68.3928,990.2642
2024-10-25 12:00:00,374.8833,70.1191,949.1571
2024-10-25 13:00:00,335.154,77.1081,931.8011
2024-10-25 14:00:00,328.5122,72.197,956.5953
2024-10-25 15:00:00,237.5044,56.359,984.064
2024-10-25 16:00:00,109.2046,82.1369,974.3241
2024-10-25 17:00:00,43.9049,78.0899,1007.3253
2024-10-25 18:00:00,5.0711,86.4219,985.0623
2024-10-25 19:00:00,0.0,65.3068,1025.6976
2024-10-25 20:00:00,0.0,64.3744,1021.2956
2024-10-25 21:00:00,0.0,77.681,1002.3324
2024-10-25 22:00:00,0.0,58.1556,1029.2275
2024-10-25 23:00:00,0.0,66.2771,1001.9229
2024-10-26 00:00:00,0.0,60.4831,972.5624
2024-10-26 01:00:00,0.0,65.9044,912.0074
2024-10-26 02:00:00,0.0,78.5195,821.9428
2024-10-26 03:00:00,0.0,73.694,819.2443
2024-10-26 04:00:00,0.0,54.5712,820.3402
2024-10-26 05:00:00,0.0,45.7884,818.8909
2024-10-26 06:00:00,0.0,38.801,823.1278
2024-10-26 07:00:00,48.0189,39.3358,795.8619
2024-10-26 08:00:00,233.2735,23.814,788.9009
2024-10-26 09:00:00,381.3253,57.4914,801.9081
2024-10-26 10:00:00,461.7731,45.24,801.8055
2024-10-26 11:00:00,471.5698,37.7785,812.4523
2024-10-26 12:00:00,404.4033,85.9256,832.0669
2024-10-26 13:00:00,431.9444,97.5437,831.3994
2024-10-26 14:00:00,342.922,141.4483,948.1519
2024-10-26 15:00:00,180.5317,95.9626,990.2899
2024-10-26 16:00:00,87.4492,91.8637,932.7745
2024-10-26 17:00:00,30.6419,78.3458,976.8245
2024-10-26 18:00:00,4.8434,77.9271,1003.3557
2024-10-26 19:00:00,0.0,46.633,1031.337
2024-10-26 20:00:00,0.0,56.529,991.3423
2024-10-26 21:00:00,0.0,32.5437,1032.3713
2024-10-26 22:00:00,0.0,152.1672,911.268
2024-10-26 23:00:00,0.0,228.8217,905.7097
2024-10-27 00:00:00,0.0,125.4218,921.1799
2024-10-27 01:00:00,0.0,46.0627,948.7877
2024-10-27 02:00:00,0.0,41.6429,981.1032
2024-10-27 03:00:00,0.0,18.417,953.6571
2024-10-27 04:00:00,0.0,30.3539,926.0884
2024-10-27 05:00:00,0.0,46.4527,897.6662
2024-10-27 06:00:00,0.0,40.4338,870.9951
2024-10-27 07:00:00,29.2411,35.5444,847.71
2024-10-27 08:00:00,118.0519,32.2657,895.3618
2024-10-27 09:00:00,196.2768,43.9167,881.7485
2024-10-27 10:00:00,304.8263,123.3677,750.3359
2024-10-27 11:00:00,407.7443,166.7915,656.1496
2024-10-27 12:00:00,348.2532,105.2189,774.9402
2024-10-27 13:00:00,340.9179,236.5913,765.0792
2024-10-27 14:00:00,188.3941,230.1412,848.6119
2024-10-27 15:00:00,65.4689,81.5152,1015.2825
2024-10-27 16:00:00,55.323,59.1466,1082.8248
2024-10-27 17:00:00,28.2593,66.0218,1061.7025
2024-10-27 18:00:00,1.5363,25.2289,1057.9812
2024-10-27 19:00:00,0.0,37.872,1044.177
2024-10-27 20:00:00,0.0,58.013,1026.9545
2024-10-27 21:00:00,0.0,148.4969,1017.6991
2024-10-27 22:00:00,0.0,195.7542,993.7029
2024-10-27 23:00:00,0.0,178.4294,990.475
2024-10-28 00:00:00,0.0,178.8142,984.8964
2024-10-28 01:00:00,0.0,164.9582,989.2224
2024-10-28 02:00:00,0.0,56.0276,1012.7056
2024-10-28 03:00:00,0.0,51.2119,1011.8231
2024-10-28 04:00:00,0.0,17.1989,998.082
2024-10-28 05:00:00,0.0,7.2306,1009.4923
2024-10-28 06:00:00,0.0,2.7155,1007.4447
2024-10-28 07:00:00,33.4667,2.692,1002.0847
2024-10-28 08:00:00,179.7618,7.1004,977.828
2024-10-28 09:00:00,294.1815,2.757,1007.3367
2024-10-28 10:00:00,385.5691,2.4798,998.9867
2024-10-28 11:00:00,344.1723,1.6058,965.4095
2024-10-28 12:00:00,338.3427,6.6731,993.0504
2024-10-28 13:00:00,286.3375,33.4897,1025.1017
2024-10-28 14:00:00,331.4769,58.3582,988.7041
2024-10-28 15:00:00,239.8629,34.002,1007.6195
2024-10-28 16:00:00,88.6584,36.6655,1049.1737
2024-10-28 17:00:00,18.5447,63.693,978.9428
2024-10-28 18:00:00,0.7361,18.5375,1018.261
2024-10-28 19:00:00,0.0,19.8361,1009.0504
2024-10-28 20:00:00,0.0,17.0562,1015.5888
2024-10-28 21:00:00,0.0,23.5433,1005.8008
2024-10-28 22:00:00,0.0,26.8204,961.5475
2024-10-28 23:00:00,0.0,33.2735,931.8796
2024-10-29 00:00:00,0.0,10.9176,916.8361
2024-10-29 01:00:00,0.0,11.577,867.6898
2024-10-29 02:00:00,0.0,19.384,876.1874
2024-10-29 03:00:00,0.0,23.2068,839.2504
2024-10-29 04:00:00,0.0,25.7735,846.8516
2024-10-29 05:00:00,0.0,21.086,851.7465
2024-10-29 06:00:00,0.0,26.6286,853.5013
2024-10-29 07:00:00,48.9492,7.0815,849.7447
2024-10-29 08:00:00,189.0672,0.5574,797.4767
2024-10-29 09:00:00,312.644,0.9809,718.6872
2024-10-29 10:00:00,365.7018,1.0718,705.6742
2024-10-29 11:00:00,436.9418,3.2611,708.1055
2024-10-29 12:00:00,461.0513,5.6136,687.4385
2024-10-29 13:00:00,497.3471,7.1608,692.7048
2024-10-29 14:00:00,394.3335,4.0834,773.4352
2024-10-29 15:00:00,337.336,15.5988,827.6552
2024-10-29 16:00:00,149.096,21.6043,913.4647
2024-10-29 17:00:00,35.4336,13.6152,857.0988
2024-10-29 18:00:00,2.3924,17.771,922.3748
2024-10-29 19:00:00,0.0,23.0058,985.2246
2024-10-29 20:00:00,0.0,28.7668,985.8886
2024-10-29 21:00:00,0.0,36.0542,1076.1697
2024-10-29 22:00:00,0.0,22.0437,1055.7548
2024-10-29 23:00:00,0.0,16.9007,1065.7137
2024-10-30 00:00:00,0.0,20.6792,1081.0441
2024-10-30 01:00:00,0.0,16.9418,1070.9772
2024-10-30 02:00:00,0.0,6.6192,1072.279
2024-10-30 03:00:00,0.0,17.7034,1058.9281
2024-10-30 04:00:00,0.0,9.6462,1053.784
2024-10-30 05:00:00,0.0,12.1789,1045.1615
2024-10-30 06:00:00,0.0,12.0056,1022.687
2024-10-30 07:00:00,43.2504,19.9784,1030.509
2024-10-30 08:00:00,119.6906,26.7688,1030.9141
2024-10-30 09:00:00,192.8211,8.0073,1020.2941
2024-10-30 10:00:00,314.6707,8.7117,1062.4291
2024-10-30 11:00:00,397.6754,11.4021,965.9678
2024-10-30 12:00:00,478.8316,18.4585,923.4078
2024-10-30 13:00:00,419.6723,10.7602,948.5952
2024-10-30 14:00:00,377.9102,19.7019,964.7794
2024-10-30 15:00:00,268.2575,81.3167,985.6747
2024-10-30 16:00:00,110.9468,54.3214,987.8038
2024-10-30 17:00:00,56.0791,49.4182,997.5072
2024-10-30 18:00:00,4.2039,54.9153,997.5105
2024-10-30 19:00:00,0.0,37.8707,1014.7693
2024-10-30 20:00:00,0.0,6.583,1040.033
2024-10-30 21:00:00,0.0,2.0637,1058.8704
2024-10-30 22:00:00,0.0,1.3462,1007.7461
2024-10-30 23:00:00,0.0,0.2768,1038.5284
2024-10-31 00:00:00,0.0,0.406,1024.181
2024-11-01 01:00:00,0.0,1.4247,1032.0375
2024-11-01 02:00:00,0.0,2.2809,1034.267
2024-11-01 03:00:00,0.0,0.6201,1040.7957
2024-11-01 04:00:00,0.0,0.3882,1042.9652
2024-11-01 05:00:00,0.0,0.9604,1038.882
2024-11-01 06:00:00,0.0,0.3479,1078.8323
2024-11-01 07:00:00,40.3879,0.3642,1080.642
2024-11-01 08:00:00,125.1783,1.1249,1103.4764
2024-11-01 09:00:00,192.0114,2.8502,1103.5648
2024-11-01 10:00:00,251.2965,6.6678,1054.5195
2024-11-01 11:00:00,180.9185,39.8842,1107.513
2024-11-01 12:00:00,173.8148,40.0828,1121.8334
2024-11-01 13:00:00,169.6679,53.8217,1122.3496
2024-11-01 14:00:00,108.1679,116.6483,1111.3988
2024-11-01 15:00:00,91.3651,100.7067,1066.5863
2024-11-01 16:00:00,40.2873,66.5878,1024.5138
2024-11-01 17:00:00,21.5535,62.3992,1006.1768
2024-11-01 18:00:00,2.9638,40.0013,997.0451
2024-11-01 19:00:00,0.0,44.9931,1003.0979
2024-11-01 20:00:00,0.0,41.9957,1016.5573
2024-11-01 21:00:00,0.0,82.0375,1012.0047
2024-11-01 22:00:00,0.0,40.3758,1030.8888
2024-11-01 23:00:00,0.0,74.9563,1074.717
2024-11-02 00:00:00,0.0,50.923,1071.3043
2024-11-02 01:00:00,0.0,52.1845,1069.1112
2024-11-02 02:00:00,0.0,53.9965,1132.1925
2024-11-02 03:00:00,0.0,41.3975,1120.7274
2024-11-02 04:00:00,0.0,32.9686,1133.3582
2024-11-02 05:00:00,0.0,39.9012,1116.0087
2024-11-02 06:00:00,0.0,23.822,1115.9191
2024-11-02 07:00:00,22.7975,24.9294,1094.0465
2024-11-02 08:00:00,84.1278,12.487,1119.4889
2024-11-02 09:00:00,154.9569,13.5118,1119.8582
2024-11-02 10:00:00,284.8909,5.1845,1063.948
2024-11-02 11:00:00,332.6792,4.5989,1053.8622
2024-11-02 12:00:00,305.5225,19.938,1044.6442
2024-11-02 13:00:00,161.4756,136.2572,1031.1282
2024-11-02 14:00:00,105.3519,54.4276,1074.1661
2024-11-02 15:00:00,25.9296,86.9105,1117.1935
2024-11-02 16:00:00,44.3014,65.4029,1062.1309
2024-11-02 17:00:00,14.4436,34.3647,1027.252
2024-11-02 18:00:00,0.2835,44.06,906.7133
2024-11-02 19:00:00,0.0,16.3852,971.059
2024-11-02 20:00:00,0.0,20.9476,993.8597
2024-11-02 21:00:00,0.0,32.3105,1033.8207
2024-11-02 22:00:00,0.0,15.7036,1039.1237
2024-11-02 23:00:00,0.0,14.1982,1043.6633
2024-11-03 00:00:00,0.0,15.6911,1056.9755
2024-11-03 01:00:00,0.0,9.4799,1061.5803
2024-11-03 02:00:00,0.0,13.515,1047.7826
2024-11-03 03:00:00,0.0,9.2856,1049.1384
2024-11-03 04:00:00,0.0,6.5771,1051.1295
2024-11-03 05:00:00,0.0,2.084,1052.722
2024-11-03 06:00:00,0.0,0.418,1044.2924
2024-11-03 07:00:00,20.7266,0.5924,1044.1449
2024-11-03 08:00:00,65.3891,0.7319,1053.2592
2024-11-03 09:00:00,110.1325,0.9019,1072.7654
2024-11-03 10:00:00,138.6508,1.663,1077.273
2024-11-03 11:00:00,204.8505,2.4223,1074.7031
2024-11-03 12:00:00,156.9427,24.1624,1066.9355
2024-11-03 13:00:00,169.2527,50.9972,1073.5815
2024-11-03 14:00:00,170.3397,35.0034,1052.4117
2024-11-03 15:00:00,132.4822,30.3538,1042.0504
2024-11-03 16:00:00,87.2025,45.6086,1052.7166
2024-11-03 17:00:00,31.1443,47.7801,1098.5469
2024-11-03 18:00:00,0.1671,61.9792,1088.6956
2024-11-03 19:00:00,0.0,48.597,1071.6232
2024-11-03 20:00:00,0.0,51.6265,1107.9103
2024-11-03 21:00:00,0.0,86.4375,1117.7979
2024-11-03 22:00:00,0.0,32.7474,1116.3969
2024-11-03 23:00:00,0.0,52.2447,1117.0775
2024-11-04 00:00:00,0.0,25.7711,1114.929
2024-11-04 01:00:00,0.0,42.9225,1077.43
2024-11-04 02:00:00,0.0,75.1853,1042.5657
2024-11-04 03:00:00,0.0,71.0446,1008.3917
2024-11-04 04:00:00,0.0,85.2738,984.5042
2024-11-04 05:00:00,0.0,105.7171,988.991
2024-11-04 06:00:00,0.0,94.3655,995.0065
2024-11-04 07:00:00,40.4961,58.0707,998.0885
2024-11-04 08:00:00,116.6077,40.3086,999.639
2024-11-04 09:00:00,180.0695,34.2949,962.0166
2024-11-04 10:00:00,301.4642,27.5911,923.2164
2024-11-04 11:00:00,331.5704,68.2014,933.8978
2024-11-04 12:00:00,259.2165,62.2413,1051.721
2024-11-04 13:00:00,263.3853,84.5146,1021.6625
2024-11-04 14:00:00,252.6725,160.3142,1021.5493
2024-11-04 15:00:00,150.5981,139.5461,1105.5157
2024-11-04 16:00:00,80.4606,66.3503,1092.6792
2024-11-04 17:00:00,36.5279,46.046,1081.4518
2024-11-04 18:00:00,6.9352,38.4174,1001.7792
2024-11-04 19:00:00,0.0,42.8156,1025.967
2024-11-04 20:00:00,0.0,33.3451,1023.2713
2024-11-04 21:00:00,0.0,44.9387,1046.8578
2024-11-04 22:00:00,0.0,60.1534,1057.4762
2024-11-04 23:00:00,0.0,56.3528,1076.0199
2024-11-05 00:00:00,0.0,57.1044,1100.8075
2024-11-05 01:00:00,0.0,65.5562,1128.5769
2024-11-05 02:00:00,0.0,48.0215,1127.2705
2024-11-05 03:00:00,0.0,70.0272,1073.2771
2024-11-05 04:00:00,0.0,83.0761,1068.9652
2024-11-05 05:00:00,0.0,47.3919,1073.3217
2024-11-05 06:00:00,0.0,54.8863,1068.2733
2024-11-05 07:00:00,39.3246,73.2239,1064.7407
2024-11-05 08:00:00,123.1174,78.1239,972.4927
2024-11-05 09:00:00,187.0968,111.6523,964.0423
2024-11-05 10:00:00,284.1741,80.57,980.9567
2024-11-05 11:00:00,320.9021,84.066,939.8197
2024-11-05 12:00:00,373.1632,61.0222,937.9431
2024-11-05 13:00:00,383.5206,70.5743,943.097
2024-11-05 14:00:00,284.6308,96.0208,1000.2344
2024-11-05 15:00:00,218.9167,68.6934,1124.2748
2024-11-05 16:00:00,113.5522,23.2065,1146.6274
2024-11-05 17:00:00,37.8492,44.6034,1145.3798
2024-11-05 18:00:00,2.1114,91.7957,1117.9229
2024-11-05 19:00:00,0.0,51.9099,1108.8556
2024-11-05 20:00:00,0.0,31.2232,1083.671
2024-11-05 21:00:00,0.0,15.8118,1112.487
2024-11-05 22:00:00,0.0,20.1981,1137.1443
2024-11-05 23:00:00,0.0,35.2295,1145.2745
2024-11-06 00:00:00,0.0,22.0957,1153.9293
2024-11-06 01:00:00,0.0,35.3724,1161.976
2024-11-06 02:00:00,0.0,14.9579,1137.0175
2024-11-06 03:00:00,0.0,21.655,1142.7897
2024-11-06 04:00:00,0.0,37.037,1087.6324
2024-11-06 05:00:00,0.0,19.8243,1087.6527
2024-11-06 06:00:00,0.0,38.7347,1113.4845
2024-11-06 07:00:00,63.5102,30.9963,1123.5321
2024-11-06 08:00:00,193.4763,12.906,1141.3888
2024-11-06 09:00:00,323.1603,17.4345,1156.7782
2024-11-06 10:00:00,378.4183,28.1952,1108.678
2024-11-06 11:00:00,348.3123,16.1789,1110.4655
2024-11-06 12:00:00,345.5113,17.7659,1111.4877
2024-11-06 13:00:00,368.4263,20.9639,1113.1885
2024-11-06 14:00:00,312.5562,13.7218,1137.3689
2024-11-06 15:00:00,250.5587,3.0455,1151.9073
2024-11-06 16:00:00,203.7677,7.1273,1146.769
2024-11-06 17:00:00,42.5562,24.9748,1072.084
2024-11-06 18:00:00,0.355,7.1093,1060.07
2024-11-06 19:00:00,0.0,19.7159,1064.2065
2024-11-06 20:00:00,0.0,15.7545,1016.9701
2024-11-06 21:00:00,0.0,9.8271,1105.9745
2024-11-06 22:00:00,0.0,1.3376,1134.1729
2024-11-06 23:00:00,0.0,8.1692,1155.3116
2024-11-07 00:00:00,0.0,6.6557,1155.54
2024-11-07 01:00:00,0.0,6.5975,1160.8204
2024-11-07 02:00:00,0.0,0.2324,1158.9662
2024-11-07 03:00:00,0.0,0.3383,1159.1012
2024-11-07 04:00:00,0.0,0.8974,1162.5898
2024-11-07 05:00:00,0.0,0.4609,1165.1298
2024-11-07 06:00:00,0.0,1.2546,1166.3044
2024-11-07 07:00:00,73.7123,2.3829,1166.1549
2024-11-07 08:00:00,237.2202,4.1123,1054.4979
2024-11-07 09:00:00,335.4488,2.6755,991.4666
2024-11-07 10:00:00,359.0211,0.4039,967.6017
2024-11-07 11:00:00,405.2595,1.1967,962.8701
2024-11-07 12:00:00,405.3766,1.3725,961.3631
2024-11-07 13:00:00,359.9399,1.0039,956.5594
2024-11-07 14:00:00,230.974,4.6654,970.9467
2024-11-07 15:00:00,96.7064,4.7987,999.3981
2024-11-07 16:00:00,45.177,6.0454,1055.737
2024-11-07 17:00:00,5.3529,20.6099,996.771
2024-11-07 18:00:00,0.0,12.1861,893.4677
2024-11-07 19:00:00,0.0,3.838,848.8336
2024-11-07 20:00:00,0.0,4.5741,906.9182
2024-11-07 21:00:00,0.0,1.9715,968.8156
2024-11-07 22:00:00,0.0,0.9719,990.2385
2024-11-07 23:00:00,0.0,0.3062,1050.3903
2024-11-08 00:00:00,0.0,0.3017,1065.8975
2024-11-08 01:00:00,0.0,1.2605,1036.0424
2024-11-08 02:00:00,0.0,4.8844,1034.7073
2024-11-08 03:00:00,0.0,5.0954,1062.6272
2024-11-08 04:00:00,0.0,3.4383,1082.6907
2024-11-08 05:00:00,0.0,1.858,1089.7839
2024-11-08 06:00:00,0.0,4.6313,1088.2747
2024-11-08 07:00:00,44.3106,13.3709,1084.2166
2024-11-08 08:00:00,132.3476,3.9503,1048.114
2024-11-08 09:00:00,181.9249,4.9608,1043.6375
2024-11-08 10:00:00,233.1237,1.231,1005.4347
2024-11-08 11:00:00,292.4714,0.3932,1006.0575
2024-11-08 12:00:00,346.7757,0.3404,1019.2319
2024-11-08 13:00:00,313.8624,0.308,1024.6176
2024-11-08 14:00:00,203.9521,0.308,1011.0599
2024-11-08 15:00:00,157.7448,0.5859,1047.352
2024-11-08 16:00:00,59.5273,21.954,1041.54
2024-11-08 17:00:00,15.7599,6.6837,945.9373
2024-11-08 18:00:00,4.6368,18.6678,916.203
2024-11-08 19:00:00,0.0,4.9179,975.0967
2024-11-08 20:00:00,0.0,12.9821,1023.3238
2024-11-08 21:00:00,0.0,30.9363,1039.603
2024-11-08 22:00:00,0.0,45.4755,1050.2256
2024-11-08 23:00:00,0.0,81.8813,1077.0544
2024-11-09 00:00:00,0.0,57.6848,1095.4268
2024-11-09 01:00:00,0.0,39.7969,1090.9688
2024-11-09 02:00:00,0.0,28.0581,1083.6692
2024-11-09 03:00:00,0.0,6.7672,1084.1484
2024-11-09 04:00:00,0.0,17.9243,1084.5233
2024-11-09 05:00:00,0.0,29.4234,1087.528
2024-11-09 06:00:00,0.0,59.4452,1086.9141
2024-11-09 07:00:00,27.5995,30.2234,1094.8094
2024-11-09 08:00:00,94.349,27.5366,1063.7759
2024-11-09 09:00:00,201.3101,9.9373,967.8598
2024-11-09 10:00:00,346.0412,16.1624,952.0981
2024-11-09 11:00:00,328.8424,34.0652,929.4381
2024-11-09 12:00:00,220.5709,103.3114,932.1202
2024-11-09 13:00:00,173.5564,87.1102,1007.336
2024-11-09 14:00:00,165.9855,41.475,1079.1976
2024-11-09 15:00:00,133.4685,106.0397,1090.168
2024-11-09 16:00:00,84.504,84.9791,1007.2785
2024-11-09 17:00:00,39.1091,30.3806,1035.3619
2024-11-09 18:00:00,0.516,23.0477,1128.6346
2024-11-09 19:00:00,0.0,40.6206,1115.7911
2024-11-09 20:00:00,0.0,86.3056,1145.3188
2024-11-09 21:00:00,0.0,44.6521,1154.817
2024-11-09 22:00:00,0.0,26.1737,1159.2117
2024-11-09 23:00:00,0.0,49.0366,1158.0024
2024-11-10 00:00:00,0.0,46.4553,1150.2589
2024-11-10 01:00:00,0.0,38.3594,1153.7672
2024-11-10 02:00:00,0.0,43.0752,1163.1741
2024-11-10 03:00:00,0.0,32.7982,1158.9591
2024-11-10 04:00:00,0.0,19.0272,1158.1151
2024-11-10 05:00:00,0.0,26.2187,1138.4246
2024-11-10 06:00:00,0.0,38.9033,1120.4211
2024-11-10 07:00:00,39.9397,35.265,1154.5222
2024-11-10 08:00:00,102.0357,28.0214,1127.4333
2024-11-10 09:00:00,192.5897,53.7978,1019.313
2024-11-10 10:00:00,243.0145,54.6284,910.3357
2024-11-10 11:00:00,243.6197,48.1995,906.0649
2024-11-10 12:00:00,216.8757,22.5466,981.6636
2024-11-10 13:00:00,161.0668,70.1839,1092.6754
2024-11-10 14:00:00,166.9911,122.1937,1058.8018
2024-11-10 15:00:00,92.992,102.8522,1112.9493
2024-11-10 16:00:00,51.3444,115.4989,1140.9624
2024-11-10 17:00:00,24.5503,81.0374,1142.7487
2024-11-10 18:00:00,3.2412,59.94,1153.0918
2024-11-10 19:00:00,0.0,74.1977,1165.1633
2024-11-10 20:00:00,0.0,74.8334,1164.1025
2024-11-10 21:00:00,0.0,77.7122,1144.6067
2024-11-10 22:00:00,0.0,97.8603,1159.2783
2024-11-10 23:00:00,0.0,51.8087,1163.0797
2024-11-11 00:00:00,0.0,52.6095,1158.164
2024-11-11 01:00:00,0.0,42.0901,1159.4302
2024-11-11 02:00:00,0.0,43.8772,1159.9556
2024-11-11 03:00:00,0.0,50.4058,1160.5148
2024-11-11 04:00:00,0.0,57.1934,1161.557
2024-11-11 05:00:00,0.0,44.4084,1158.0596
2024-11-11 06:00:00,0.0,31.2269,1158.3689
2024-11-11 07:00:00,23.2266,39.714,1150.4608
2024-11-11 08:00:00,79.2877,31.8221,1139.0402
2024-11-11 09:00:00,104.4387,29.3348,1147.6605
2024-11-11 10:00:00,152.0203,60.2592,1122.4664
2024-11-11 11:00:00,182.1462,79.6769,1132.8229
2024-11-11 12:00:00,183.0983,38.6944,1111.529
2024-11-11 13:00:00,194.9623,32.4871,1100.6255
2024-11-11 14:00:00,186.4343,42.3454,1089.8018
2024-11-11 15:00:00,120.2884,54.7707,1134.4412
2024-11-11 16:00:00,84.6039,72.0745,1149.1984
2024-11-11 17:00:00,30.1379,29.5612,1169.2529
2024-11-11 18:00:00,0.126,42.5501,1159.2917
2024-11-11 19:00:00,0.0,52.8494,1168.1294
2024-11-11 20:00:00,0.0,50.7836,1167.8026
2024-11-11 21:00:00,0.0,58.321,1171.0626
2024-11-11 22:00:00,0.0,70.6697,1165.7998
2024-11-11 23:00:00,0.0,45.7526,1169.7197
2024-11-12 00:00:00,0.0,59.966,1170.4316
2024-11-12 01:00:00,0.0,74.3529,1167.5908
2024-11-12 02:00:00,0.0,57.7844,1168.1436
2024-11-12 03:00:00,0.0,30.045,1170.0782
2024-11-12 04:00:00,0.0,33.8983,1169.9985
2024-11-12 05:00:00,0.0,17.7852,1169.8824
2024-11-12 06:00:00,0.0,31.4248,1168.8942
2024-11-12 07:00:00,32.3527,40.422,1166.7703
2024-11-12 08:00:00,95.7907,18.8128,1152.46
2024-11-12 09:00:00,138.1946,12.0501,1139.8369
2024-11-12 10:00:00,198.8529,11.1827,1136.305
2024-11-12 11:00:00,235.3273,11.8183,1116.7134
2024-11-12 12:00:00,273.2066,15.1683,1117.1427
2024-11-12 13:00:00,144.5934,28.8166,1122.066
2024-11-12 14:00:00,122.4324,12.6713,1117.418
2024-11-12 15:00:00,94.7001,7.8335,1119.2534
2024-11-12 16:00:00,79.6956,14.7071,1125.8352
2024-11-12 17:00:00,17.1118,31.9043,1121.7695
2024-11-12 18:00:00,1.0382,27.4865,1106.6283
2024-11-12 19:00:00,0.0,19.2522,1096.0988
2024-11-12 20:00:00,0.0,30.7459,1117.6969
2024-11-12 21:00:00,0.0,33.7403,1124.0266
2024-11-12 22:00:00,0.0,42.9512,1116.993
2024-11-12 23:00:00,0.0,54.3543,1131.8785
2024-11-13 00:00:00,0.0,59.9474,1133.58
2024-11-13 01:00:00,0.0,66.0469,1110.977
2024-11-13 02:00:00,0.0,84.6503,1112.6378
2024-11-13 03:00:00,0.0,62.6406,1111.2589
2024-11-13 04:00:00,0.0,60.8966,1097.7499
2024-11-13 05:00:00,0.0,47.9498,1122.3906
2024-11-13 06:00:00,0.0,60.5869,1131.7775
2024-11-13 07:00:00,25.1111,45.1246,1136.281
2024-11-13 08:00:00,62.352,22.0888,1134.6354
2024-11-13 09:00:00,85.639,17.0771,1136.3606
2024-11-13 10:00:00,159.5788,26.2037,1132.1138
2024-11-13 11:00:00,229.7044,39.6492,1118.7666
2024-11-13 12:00:00,275.0167,26.9902,1045.5414
2024-11-13 13:00:00,260.0869,51.8179,977.1195
2024-11-13 14:00:00,184.4528,30.2038,1058.3876
2024-11-13 15:00:00,138.8793,42.9386,1109.5745
2024-11-13 16:00:00,94.9388,71.7931,1109.0538
2024-11-13 17:00:00,33.1938,37.4123,1127.9634
2024-11-13 18:00:00,1.2869,39.9345,1123.883
2024-11-13 19:00:00,0.0,48.5007,1133.3617
2024-11-13 20:00:00,0.0,51.2492,1132.773
2024-11-13 21:00:00,0.0,37.4345,1132.39
2024-11-13 22:00:00,0.0,48.9525,1130.4684
2024-11-13 23:00:00,0.0,38.7485,1130.2148
2024-11-14 00:00:00,0.0,33.2061,1131.3363
2024-11-14 01:00:00,0.0,24.2807,1125.9882
2024-11-14 02:00:00,0.0,20.5047,1116.7083
2024-11-14 03:00:00,0.0,30.6414,1109.6158
2024-11-14 04:00:00,0.0,36.6512,1106.8961
2024-11-14 05:00:00,0.0,29.0689,1112.6656
2024-11-14 06:00:00,0.0,28.8627,1126.0597
2024-11-14 07:00:00,42.594,39.525,1122.9987
2024-11-14 08:00:00,113.7133,46.2885,1118.7721
2024-11-14 09:00:00,195.1761,48.6591,1067.8727
2024-11-14 10:00:00,192.7029,67.9414,1059.4912
2024-11-14 11:00:00,265.8531,55.0356,1053.417
2024-11-14 12:00:00,326.6907,96.0811,1063.5284
2024-11-14 13:00:00,262.4805,94.8721,1087.3938
2024-11-14 14:00:00,271.2038,149.5589,1091.2933
2024-11-14 15:00:00,123.0361,201.563,1085.0714
2024-11-14 16:00:00,111.3174,44.6163,1087.615
2024-11-14 17:00:00,36.0937,164.0641,1126.4464
2024-11-14 18:00:00,0.0616,104.4439,1148.8519
2024-11-14 19:00:00,0.0,106.5812,1127.5476
2024-11-14 20:00:00,0.0,139.0188,1129.6688
2024-11-14 21:00:00,0.0,104.7076,1132.9398
2024-11-14 22:00:00,0.0,78.0664,1134.9604
2024-11-14 23:00:00,0.0,81.1185,1142.8369
2024-11-15 00:00:00,0.0,99.9517,1114.8987
2024-11-15 01:00:00,0.0,75.0654,1115.7213
2024-11-15 02:00:00,0.0,80.8176,1133.9401
2024-11-15 03:00:00,0.0,85.2773,1123.4124
2024-11-15 04:00:00,0.0,85.9141,1121.9736
2024-11-15 05:00:00,0.0,68.5377,1114.7693
2024-11-15 06:00:00,0.0,65.9665,1107.5255
2024-11-15 07:00:00,29.1606,75.345,1107.0707
2024-11-15 08:00:00,143.7345,92.4236,1082.0753
2024-11-15 09:00:00,320.1946,66.414,1030.941
2024-11-15 10:00:00,351.1195,87.0195,994.6335
2024-11-15 11:00:00,410.5466,98.3173,945.1922
2024-11-15 12:00:00,328.151,100.6235,848.1715
2024-11-15 13:00:00,328.7193,69.8606,945.3488
2024-11-15 14:00:00,353.7335,66.4255,981.4919
2024-11-15 15:00:00,200.7259,70.2888,1151.5374
2024-11-15 16:00:00,163.901,78.4674,1154.0673
2024-11-15 17:00:00,50.4258,70.4872,1155.7917
2024-11-15 18:00:00,2.4403,61.5132,1147.04
2024-11-15 19:00:00,0.0,75.9991,1141.6471
2024-11-15 20:00:00,0.0,71.0632,1159.525
2024-11-15 21:00:00,0.0,86.8684,1143.8424
2024-11-15 22:00:00,0.0,58.9511,1144.2631
2024-11-15 23:00:00,0.0,49.0164,1166.2772
2024-11-16 00:00:00,0.0,51.8692,1160.0187
2024-11-16 01:00:00,0.0,42.2722,1146.2878
2024-11-16 02:00:00,0.0,36.9347,1146.2625
2024-11-16 03:00:00,0.0,33.8148,1147.7441
2024-11-16 04:00:00,0.0,43.1557,1148.9333
2024-11-16 05:00:00,0.0,58.0363,1149.7781
2024-11-16 06:00:00,0.0,51.9298,1145.381
2024-11-16 07:00:00,25.6068,33.2526,1145.1187
2024-11-16 08:00:00,108.6476,40.3867,1148.7928
2024-11-16 09:00:00,219.0422,44.5198,1146.5854
2024-11-16 10:00:00,275.705,46.0636,1128.7625
2024-11-16 11:00:00,272.8546,40.325,1136.0896
2024-11-16 12:00:00,402.0299,51.4956,1079.4442
2024-11-16 13:00:00,306.7666,33.9501,1072.8806
2024-11-16 14:00:00,293.941,30.8006,1099.1168
2024-11-16 15:00:00,288.6288,34.8134,1103.5461
2024-11-16 16:00:00,206.1243,69.0869,1084.6307
2024-11-16 17:00:00,47.325,20.7271,1137.2554
2024-11-16 18:00:00,2.0859,55.0239,1142.4183
2024-11-16 19:00:00,0.0,29.7613,1150.1785
2024-11-16 20:00:00,0.0,38.0958,1151.5312
2024-11-16 21:00:00,0.0,61.4085,1122.2319
2024-11-16 22:00:00,0.0,38.577,1121.6014
2024-11-16 23:00:00,0.0,46.0104,1124.2871
2024-11-17 00:00:00,0.0,39.5197,1123.7936
2024-11-17 01:00:00,0.0,40.4986,1136.5143
2024-11-17 02:00:00,0.0,34.6048,1148.7723
2024-11-17 03:00:00,0.0,31.0154,1148.9807
2024-11-17 04:00:00,0.0,20.3309,1148.2412
2024-11-17 05:00:00,0.0,16.391,1148.4625
2024-11-17 06:00:00,0.0,16.3903,1146.5813
2024-11-17 07:00:00,36.0752,11.0092,1135.4686
2024-11-17 08:00:00,142.7424,21.6226,1109.2487
2024-11-17 09:00:00,259.6261,34.1012,1018.8766
2024-11-17 10:00:00,345.9238,44.0145,943.0142
2024-11-17 11:00:00,350.2979,32.617,964.1958
2024-11-17 12:00:00,359.6653,35.1071,991.2486
2024-11-17 13:00:00,353.7961,10.1498,1093.6041
2024-11-17 14:00:00,373.9837,9.8849,1084.3687
2024-11-17 15:00:00,281.46,13.9383,1161.3932
2024-11-17 16:00:00,155.6395,35.9643,1160.3279
2024-11-17 17:00:00,72.572,31.0673,1160.0305
2024-11-17 18:00:00,0.9886,9.5547,1165.806
2024-11-17 19:00:00,0.0,4.4126,1163.8248
2024-11-17 20:00:00,0.0,13.5076,1162.9594
2024-11-17 21:00:00,0.0,5.4933,1159.8872
2024-11-17 22:00:00,0.0,3.1777,1150.6892
2024-11-17 23:00:00,0.0,0.6337,1147.5363
2024-11-18 00:00:00,0.0,1.0173,1144.523
2024-11-18 01:00:00,0.0,0.1685,1140.7758
2024-11-18 02:00:00,0.0,1.0834,1140.6556
2024-11-18 03:00:00,0.0,0.2105,1139.0884
2024-11-18 04:00:00,0.0,0.4139,1141.1809
2024-11-18 05:00:00,0.0,0.7142,1155.5944
2024-11-18 06:00:00,0.0,0.9167,1155.711
2024-11-18 07:00:00,52.1116,1.1965,1158.013
2024-11-18 08:00:00,189.9843,0.4703,1157.4474
2024-11-18 09:00:00,341.0204,0.4453,1156.81
2024-11-18 10:00:00,402.9504,0.6261,1014.25
2024-11-18 11:00:00,391.2044,1.0398,958.4526
2024-11-18 12:00:00,427.0293,0.9937,1090.9363
2024-11-18 13:00:00,342.872,1.8909,1016.562
2024-11-18 14:00:00,444.0607,5.6197,1042.1862
2024-11-18 15:00:00,280.2389,10.003,1057.3824
2024-11-18 16:00:00,134.989,3.7744,1011.1986
2024-11-18 17:00:00,38.99,1.9529,1083.5771
2024-11-18 18:00:00,6.3697,6.6974,1095.4211
2024-11-18 19:00:00,0.0,2.0763,1066.561
2024-11-18 20:00:00,0.0,0.7255,1070.8447
2024-11-18 21:00:00,0.0,14.2497,1077.9349
2024-11-18 22:00:00,0.0,3.4205,1111.7554
2024-11-18 23:00:00,0.0,1.4579,1121.4528
2024-11-19 00:00:00,0.0,2.8311,1120.3806
2024-11-19 01:00:00,0.0,4.8972,1125.9249
2024-11-19 02:00:00,0.0,3.8965,1129.1616
2024-11-19 03:00:00,0.0,11.8591,1117.7507
2024-11-19 04:00:00,0.0,14.0145,1126.8036
2024-11-19 05:00:00,0.0,10.7122,1125.0405
2024-11-19 06:00:00,0.0,5.2823,1130.4141
2024-11-19 07:00:00,61.129,4.6227,1129.0151
2024-11-19 08:00:00,188.9855,1.1419,1128.708
2024-11-19 09:00:00,343.6167,1.7884,1125.6333
2024-11-19 10:00:00,362.7366,0.8116,1118.1816
2024-11-19 11:00:00,374.6684,0.5385,1094.5857
2024-11-19 12:00:00,499.6297,0.7019,1105.8899
2024-11-19 13:00:00,421.6506,4.0481,1111.2095
2024-11-19 14:00:00,334.8441,29.9091,1109.758
2024-11-19 15:00:00,172.0597,4.7364,1077.6842
2024-11-19 16:00:00,132.2891,0.6255,1136.145
2024-11-19 17:00:00,29.2912,1.6362,1142.6904
2024-11-19 18:00:00,1.7705,0.3808,1124.0845
2024-11-19 19:00:00,0.0,0.9198,1088.2906
2024-11-19 20:00:00,0.0,6.2352,1065.6293
2024-11-19 21:00:00,0.0,7.5404,1119.3105
2024-11-19 22:00:00,0.0,2.1173,1152.3883
2024-11-19 23:00:00,0.0,3.9979,1151.1779
2024-11-20 00:00:00,0.0,0.4616,1135.4474
2024-11-20 01:00:00,0.0,0.4181,1134.269
2024-11-20 02:00:00,0.0,0.6127,1139.697
2024-11-20 03:00:00,0.0,1.0287,1126.3003
2024-11-20 04:00:00,0.0,3.7061,1127.0406
2024-11-20 05:00:00,0.0,9.3323,1128.4158
2024-11-20 06:00:00,0.0,11.0771,1128.9641
2024-11-20 07:00:00,30.5912,14.7737,1133.5289
2024-11-20 08:00:00,167.617,8.6781,1134.5594
2024-11-20 09:00:00,342.1297,13.0133,1111.4517
2024-11-20 10:00:00,353.9381,8.1885,1076.3444
2024-11-20 11:00:00,374.0525,4.5358,1104.109
2024-11-20 12:00:00,436.8047,5.8958,1113.7229
2024-11-20 13:00:00,334.6093,20.8196,1114.5825
2024-11-20 14:00:00,274.8661,18.9763,1113.3646
2024-11-20 15:00:00,176.7741,6.349,1097.7518
2024-11-20 16:00:00,78.3611,9.3987,1132.1198
2024-11-20 17:00:00,27.675,11.6006,1140.1194
2024-11-20 18:00:00,6.6297,6.3268,1140.43
2024-11-20 19:00:00,0.0,0.6338,1119.5406
2024-11-20 20:00:00,0.0,8.9794,1116.5105
2024-11-20 21:00:00,0.0,1.1326,1107.2139
2024-11-20 22:00:00,0.0,0.4108,1111.8594
2024-11-20 23:00:00,0.0,0.7362,1128.0262
2024-11-21 00:00:00,0.0,1.4656,1135.8503
2024-11-21 01:00:00,0.0,2.0528,1142.1771
2024-11-21 02:00:00,0.0,2.1133,1142.0741
2024-11-21 03:00:00,0.0,2.5716,1141.0374
2024-11-21 04:00:00,0.0,3.9032,1142.2507
2024-11-21 05:00:00,0.0,5.3119,1141.9055
2024-11-21 06:00:00,0.0,3.5947,1114.9205
2024-11-21 07:00:00,15.1772,5.5252,1085.023
2024-11-21 08:00:00,101.9419,1.431,1105.5638
2024-11-21 09:00:00,357.3248,0.6446,1077.2415
2024-11-21 10:00:00,346.6043,0.8635,1082.9084
2024-11-21 11:00:00,374.7846,0.4666,1082.72
2024-11-21 12:00:00,322.042,8.0362,1104.3481
2024-11-21 13:00:00,351.7559,45.9584,1111.7341
2024-11-21 14:00:00,387.4439,3.372,1109.4406
2024-11-21 15:00:00,183.7906,0.5395,1124.5294
2024-11-21 16:00:00,112.8979,1.0574,1136.9468
2024-11-21 17:00:00,33.9505,1.9931,1130.7922
2024-11-21 18:00:00,0.7621,0.9029,1089.4858
2024-11-21 19:00:00,0.0,0.26,1130.8597
2024-11-21 20:00:00,0.0,0.8276,1130.6617
2024-11-21 21:00:00,0.0,1.3032,1130.8251
2024-11-21 22:00:00,0.0,0.8152,1084.3345
2024-11-21 23:00:00,0.0,2.2636,1112.4478
2024-11-22 00:00:00,0.0,2.4372,1117.5483
2024-11-22 01:00:00,0.0,1.7246,1113.9473
2024-11-22 02:00:00,0.0,5.4782,1115.5573
2024-11-22 03:00:00,0.0,3.118,1053.4869
2024-11-22 04:00:00,0.0,6.1873,1058.1559
2024-11-22 05:00:00,0.0,12.4076,1108.3562
2024-11-22 06:00:00,0.0,22.6838,1111.0713
2024-11-22 07:00:00,38.8475,15.9769,1132.0378
2024-11-22 08:00:00,213.879,7.7638,1061.6385
2024-11-22 09:00:00,360.0514,5.197,1073.3638
2024-11-22 10:00:00,361.4913,7.7299,1076.405
2024-11-22 11:00:00,326.5489,19.4142,1085.2068
2024-11-22 12:00:00,382.0204,6.8235,958.7631
2024-11-22 13:00:00,230.4415,34.1591,1104.4978
2024-11-22 14:00:00,197.5352,15.2279,1087.6417
2024-11-22 15:00:00,76.7258,17.433,1041.6658
2024-11-22 16:00:00,37.3306,44.8021,1073.925
2024-11-22 17:00:00,22.6606,41.0948,1088.7007
2024-11-22 18:00:00,1.514,44.2206,1087.6628
2024-11-22 19:00:00,0.0,58.333,1125.3824
2024-11-22 20:00:00,0.0,74.5544,1134.0101
2024-11-22 21:00:00,0.0,97.8017,1129.8962
2024-11-22 22:00:00,0.0,136.495,1144.455
2024-11-22 23:00:00,0.0,141.7814,1138.073
2024-11-23 00:00:00,0.0,156.837,1140.921
2024-11-23 01:00:00,0.0,89.2399,1143.3062
2024-11-23 02:00:00,0.0,56.0848,1116.3549
2024-11-23 03:00:00,0.0,35.8356,1116.7736
2024-11-23 04:00:00,0.0,32.4679,1120.1555
2024-11-23 05:00:00,0.0,34.1818,1120.291
2024-11-23 06:00:00,0.0,38.2434,1119.5647
2024-11-23 07:00:00,20.1848,40.0251,1108.9138
2024-11-23 08:00:00,98.4563,35.5248,1131.4996
2024-11-23 09:00:00,188.1249,18.6772,1113.7699
2024-11-23 10:00:00,235.065,10.8535,1070.1171
2024-11-23 11:00:00,274.5675,15.0911,1058.1729
2024-11-23 12:00:00,286.2791,20.6629,1084.8022
2024-11-23 13:00:00,280.0662,13.7141,1110.237
2024-11-23 14:00:00,308.6324,7.4786,1079.0743
2024-11-23 15:00:00,229.5942,25.9345,1073.1052
2024-11-23 16:00:00,126.2636,33.9064,1131.7241
2024-11-23 17:00:00,78.9439,84.9247,1142.2605
2024-11-23 18:00:00,1.8657,167.3374,1119.257
2024-11-23 19:00:00,0.0,100.4377,1118.6459
2024-11-23 20:00:00,0.0,71.1328,1117.8613
2024-11-23 21:00:00,0.0,67.2304,1137.6986
2024-11-23 22:00:00,0.0,46.7452,1146.3055
2024-11-23 23:00:00,0.0,43.8622,1145.1147
2024-11-24 00:00:00,0.0,10.6152,1148.2931
2024-11-24 01:00:00,0.0,8.4078,1147.1746
2024-11-24 02:00:00,0.0,6.4169,1146.4788
2024-11-24 03:00:00,0.0,1.8395,1147.6403
2024-11-24 04:00:00,0.0,0.2309,1127.5306
2024-11-24 05:00:00,0.0,2.0115,1121.5
2024-11-24 06:00:00,0.0,1.4869,1123.591
2024-11-24 07:00:00,32.8105,5.9418,1117.8618
2024-11-24 08:00:00,146.5036,7.1433,1081.4847
2024-11-24 09:00:00,245.3358,1.3207,1039.596
2024-11-24 10:00:00,324.7103,1.0017,994.1165
2024-11-24 11:00:00,320.9497,9.0679,1065.3098
2024-11-24 12:00:00,293.3589,11.778,1070.1337
2024-11-24 13:00:00,304.3712,7.7958,1053.7881
2024-11-24 14:00:00,282.463,9.644,1030.6656
2024-11-24 15:00:00,171.2726,12.9467,1146.78
2024-11-24 16:00:00,84.2174,16.8979,1146.6959
2024-11-24 17:00:00,47.4434,17.1244,1093.2362
2024-11-24 18:00:00,6.1441,15.6374,1124.7517
2024-11-24 19:00:00,0.0,27.2798,1133.7793
2024-11-24 20:00:00,0.0,15.6739,1131.1196
2024-11-24 21:00:00,0.0,7.1265,1116.8253
2024-11-24 22:00:00,0.0,12.1371,1116.1542
2024-11-24 23:00:00,0.0,1.3387,1115.1621
2024-11-25 00:00:00,0.0,1.3197,1136.012
2024-11-25 01:00:00,0.0,0.174,1141.3951
2024-11-25 02:00:00,0.0,0.174,1138.6688
2024-11-25 03:00:00,0.0,0.174,1143.0012
2024-11-25 04:00:00,0.0,0.174,1146.873
2024-11-25 05:00:00,0.0,0.174,1146.1218
2024-11-25 06:00:00,0.0,0.174,1149.9138
2024-11-25 07:00:00,50.4601,0.174,1144.6847
2024-11-25 08:00:00,233.39,0.174,1134.0524
2024-11-25 09:00:00,359.4909,0.1804,1112.5579
2024-11-25 10:00:00,360.4259,0.3982,1090.2712
2024-11-25 11:00:00,385.0353,0.8615,1100.6191
2024-11-25 12:00:00,380.4581,0.8548,1097.3805
2024-11-25 13:00:00,411.1473,0.9223,1093.205
2024-11-25 14:00:00,316.4382,1.2664,1099.0931
2024-11-25 15:00:00,256.1739,1.3363,1085.2601
2024-11-25 16:00:00,176.5682,11.2132,1116.0363
2024-11-25 17:00:00,35.4623,2.2454,1110.7117
2024-11-25 18:00:00,3.3679,0.8542,1106.1013
2024-11-25 19:00:00,0.0,2.3855,1063.3678
2024-11-25 20:00:00,0.0,3.2738,1082.0107
2024-11-25 21:00:00,0.0,0.4,1121.8943
2024-11-25 22:00:00,0.0,0.4325,1137.1038
2024-11-25 23:00:00,0.0,0.9473,1089.4128
2024-11-26 00:00:00,0.0,3.2709,1083.5518
2024-11-26 01:00:00,0.0,0.759,1098.8564
2024-11-26 02:00:00,0.0,0.18,1052.9691
2024-11-26 03:00:00,0.0,0.2027,1116.9335
2024-11-26 04:00:00,0.0,0.1238,1128.5894
2024-11-26 05:00:00,0.0,0.2068,1102.4902
2024-11-26 06:00:00,0.0,0.3101,1133.3531
2024-11-26 07:00:00,29.4992,0.5303,1129.8031
2024-11-26 08:00:00,132.9495,0.8538,1126.2441
2024-11-26 09:00:00,229.6232,1.1552,1100.038
2024-11-26 10:00:00,355.3755,0.1951,1091.903
2024-11-26 11:00:00,450.488,0.2129,1104.657
2024-11-26 12:00:00,426.1601,0.8862,1104.419
2024-11-26 13:00:00,327.6514,5.0443,1068.6827
2024-11-26 14:00:00,198.9108,23.5939,1102.0605
2024-11-26 15:00:00,134.6015,19.7513,1133.2174
2024-11-26 16:00:00,25.0627,30.7514,1122.4247
2024-11-26 17:00:00,6.6401,13.1852,1124.9275
2024-11-26 18:00:00,0.7003,5.1833,1118.493
2024-11-26 19:00:00,0.0,18.8109,1111.1799
2024-11-26 20:00:00,0.0,1.3848,1089.3765
2024-11-26 21:00:00,0.0,1.2496,1109.1517
2024-11-26 22:00:00,0.0,11.2931,1115.8252
2024-11-26 23:00:00,0.0,23.2433,1125.5779
2024-11-27 00:00:00,0.0,17.5752,1095.4421
2024-11-27 01:00:00,0.0,23.6897,1144.7714
2024-11-27 02:00:00,0.0,6.2934,1149.6969
2024-11-27 03:00:00,0.0,3.7511,1148.2697
2024-11-27 04:00:00,0.0,0.8606,1141.677
2024-11-27 05:00:00,0.0,1.94,1140.2281
2024-11-27 06:00:00,0.0,6.225,1136.2902
2024-11-27 07:00:00,50.3377,0.5291,1143.9731
2024-11-27 08:00:00,213.1156,0.106,1129.3771
2024-11-27 09:00:00,292.8687,0.3832,1075.8969
2024-11-27 10:00:00,328.2604,0.4645,996.9192
2024-11-27 11:00:00,355.5875,1.5761,1045.2322
2024-11-27 12:00:00,307.2102,6.0393,1045.1958
2024-11-27 13:00:00,332.3162,13.5021,1059.7957
2024-11-27 14:00:00,250.9583,28.7898,1055.2179
2024-11-27 15:00:00,112.0591,34.6153,1124.8055
2024-11-27 16:00:00,24.2943,5.0509,1111.8427
2024-11-27 17:00:00,10.8037,1.0023,1087.271
2024-11-27 18:00:00,5.7137,4.0017,1065.6987
2024-11-27 19:00:00,0.0,19.1055,1064.6945
2024-11-27 20:00:00,0.0,5.9087,1010.7942
2024-11-27 21:00:00,0.0,5.0903,1002.8434
2024-11-27 22:00:00,0.0,0.4355,1093.4178
2024-11-27 23:00:00,0.0,0.1334,1104.7345
2024-11-28 00:00:00,0.0,0.1628,1124.9052
2024-11-28 01:00:00,0.0,0.2198,1127.5317
2024-11-28 02:00:00,0.0,0.3388,1118.1703
2024-11-28 03:00:00,0.0,0.9975,1137.0853
2024-11-28 04:00:00,0.0,0.405,1135.4801
2024-11-28 05:00:00,0.0,0.2872,1122.664
2024-11-28 06:00:00,0.0,0.3554,1133.0563
2024-11-28 07:00:00,35.5227,0.4325,1139.1008
2024-11-28 08:00:00,149.2681,0.5572,1128.7946
2024-11-28 09:00:00,247.6271,0.7003,1126.462
2024-11-28 10:00:00,291.3588,0.6119,1125.7345
2024-11-28 11:00:00,318.9973,0.7078,1118.7896
2024-11-28 12:00:00,373.957,0.5652,1058.8247
2024-11-28 13:00:00,314.3432,4.6554,1112.8241
2024-11-28 14:00:00,245.4885,11.6382,1113.3232
2024-11-28 15:00:00,124.9894,65.4054,1117.4097
2024-11-28 16:00:00,70.1669,52.1555,1118.7318
2024-11-28 17:00:00,32.4167,18.4249,1124.9369
2024-11-28 18:00:00,0.156,19.0421,1122.6511
2024-11-28 19:00:00,0.0,4.5246,1093.1304
2024-11-28 20:00:00,0.0,3.39,1104.3578
2024-11-28 21:00:00,0.0,0.7413,1131.7449
2024-11-28 22:00:00,0.0,1.608,1145.406
2024-11-28 23:00:00,0.0,1.1192,1146.9034
2024-11-29 00:00:00,0.0,0.4492,1149.3228
2024-11-29 01:00:00,0.0,1.2831,1147.3525
2024-11-29 02:00:00,0.0,1.5735,1141.9486
2024-11-29 03:00:00,0.0,2.9843,1144.7708
2024-11-29 04:00:00,0.0,0.5406,1112.1328
2024-11-29 05:00:00,0.0,0.6151,1109.7632
2024-11-29 06:00:00,0.0,0.6646,1123.1294
2024-11-29 07:00:00,33.3987,0.7973,1142.715
2024-11-29 08:00:00,186.3982,0.9329,1126.3564
2024-11-29 09:00:00,326.1478,1.109,1087.005
2024-11-29 10:00:00,388.0235,1.3446,1062.8159
2024-11-29 11:00:00,444.563,1.0992,1057.5939
2024-11-29 12:00:00,437.2381,0.6972,1063.6752
2024-11-29 13:00:00,412.8974,0.276,1036.3405
2024-11-29 14:00:00,392.029,2.5072,1067.0319
2024-11-29 15:00:00,360.6621,23.3884,1075.2325
2024-11-29 16:00:00,224.4848,1.0417,1066.7854
2024-11-29 17:00:00,58.6812,0.6995,1134.3477
2024-11-29 18:00:00,5.8667,2.3839,1134.362
2024-11-29 19:00:00,0.0,4.5272,1062.2386
2024-11-29 20:00:00,0.0,10.6201,1033.3346
2024-11-29 21:00:00,0.0,10.1501,1016.5571
2024-11-29 22:00:00,0.0,9.9307,1094.308
2024-11-29 23:00:00,0.0,6.5356,1104.6267
2024-11-30 00:00:00,0.0,0.4817,1116.7262
2024-11-30 01:00:00,0.0,0.2504,1113.8613
2024-11-30 02:00:00,0.0,0.4512,1110.868
2024-11-30 03:00:00,0.0,0.8293,1109.0721
2024-11-30 04:00:00,0.0,4.1637,1120.8777
2024-11-30 05:00:00,0.0,3.043,1122.1927
2024-11-30 06:00:00,0.0,1.6851,1118.7676
2024-11-30 07:00:00,45.0742,2.9102,1123.3698
2024-11-30 08:00:00,237.6397,3.9716,1090.903
2024-11-30 09:00:00,385.8327,5.2792,1027.0201
2024-11-30 10:00:00,479.8322,5.3208,1061.5612
2024-11-30 11:00:00,420.5071,11.7155,1052.4303
2024-11-30 12:00:00,542.7674,25.1105,1022.4478
2024-11-30 13:00:00,470.1863,36.7118,971.0574
2024-11-30 14:00:00,417.7616,23.0922,997.3903
2024-11-30 15:00:00,352.7922,48.5929,1057.1392
2024-11-30 16:00:00,188.0164,64.3326,1088.9316
2024-11-30 17:00:00,50.8517,74.7787,1064.7946
2024-11-30 18:00:00,0.837,110.802,1083.4717
2024-11-30 19:00:00,0.0,90.663,1122.6564
2024-11-30 20:00:00,0.0,79.1717,1119.8965
2024-11-30 21:00:00,0.0,92.2319,1080.4468
2024-11-30 22:00:00,0.0,68.433,1125.1937
2024-11-30 23:00:00,0.0,57.5514,1114.8365
2024-12-01 00:00:00,0.0,59.7397,1113.9905
2024-12-01 01:00:00,0.0,44.5343,1114.638
2024-12-01 02:00:00,0.0,18.8451,1116.8962
2024-12-01 03:00:00,0.0,18.5209,1112.6661
2024-12-01 04:00:00,0.0,19.9165,1112.5043
2024-12-01 05:00:00,0.0,11.301,1108.9705
2024-12-01 06:00:00,0.0,16.9076,1086.6207
2024-12-01 07:00:00,43.5869,9.4874,1083.5406
2024-12-01 08:00:00,219.295,10.5742,1040.2091
2024-12-01 09:00:00,401.8249,7.7324,903.5326
2024-12-01 10:00:00,478.2012,16.4319,840.7712
2024-12-01 11:00:00,497.8446,59.8038,879.7438
2024-12-01 12:00:00,497.2207,75.8289,908.1318
2024-12-01 13:00:00,442.284,104.8992,920.9084
2024-12-01 14:00:00,376.7716,115.9608,988.5531
2024-12-01 15:00:00,213.2338,166.9873,990.1434
2024-12-01 16:00:00,125.4769,103.4088,1082.379
2024-12-01 17:00:00,54.3954,101.6289,1088.5317
2024-12-01 18:00:00,5.0971,57.9783,1097.2306
2024-12-01 19:00:00,0.0,83.0539,1114.4397
2024-12-01 20:00:00,0.0,97.9702,1094.9216
2024-12-01 21:00:00,0.0,83.9073,1076.3623
2024-12-01 22:00:00,0.0,41.025,1097.2573
2024-12-01 23:00:00,0.0,41.8253,1089.9474
2024-12-02 00:00:00,0.0,20.8012,1089.0134
2024-12-02 01:00:00,0.0,12.7135,1091.6321
2024-12-02 02:00:00,0.0,6.6651,1091.0271
2024-12-02 03:00:00,0.0,110.1765,1083.092
2024-12-02 04:00:00,0.0,14.4408,1086.0114
2024-12-02 05:00:00,0.0,37.9851,1084.4448
2024-12-02 06:00:00,0.0,11.0485,1076.4102
2024-12-02 07:00:00,14.1725,15.2614,1066.4958
2024-12-02 08:00:00,93.3943,5.6375,1071.5244
2024-12-02 09:00:00,215.3839,2.4536,1080.5415
2024-12-02 10:00:00,354.3068,4.2771,1024.8405
2024-12-02 11:00:00,306.9275,8.691,1007.6026
2024-12-02 12:00:00,364.4891,6.9739,1025.4408
2024-12-02 13:00:00,297.6667,26.8171,1027.6107
2024-12-02 14:00:00,244.1726,111.2465,1000.9557
2024-12-02 15:00:00,182.1243,34.3035,1065.9669
2024-12-02 16:00:00,110.9087,26.0621,1062.7893
2024-12-02 17:00:00,53.1184,92.8344,966.332
2024-12-02 18:00:00,0.9815,74.0752,1022.3246
2024-12-02 19:00:00,0.0,69.4854,1069.5376
2024-12-02 20:00:00,0.0,88.2678,1047.793
2024-12-02 21:00:00,0.0,70.1612,1065.8463
2024-12-02 22:00:00,0.0,90.6049,1077.2509
2024-12-02 23:00:00,0.0,52.8251,1087.0903
2024-12-03 00:00:00,0.0,47.5919,1052.7825
2024-12-03 01:00:00,0.0,49.0264,1040.3666
2024-12-03 02:00:00,0.0,47.2829,1033.4788
2024-12-03 03:00:00,0.0,47.172,1056.0337
2024-12-03 04:00:00,0.0,36.3988,1066.68
2024-12-03 05:00:00,0.0,29.0877,1077.5167
2024-12-03 06:00:00,0.0,21.1995,1072.6914
2024-12-03 07:00:00,21.8109,17.667,1073.5386
2024-12-03 08:00:00,125.0042,17.4901,1043.2603
2024-12-03 09:00:00,272.1682,16.4291,959.3724
2024-12-03 10:00:00,373.4573,11.0345,933.2272
2024-12-03 11:00:00,459.9262,30.7325,957.9965
2024-12-03 12:00:00,435.6503,71.2681,960.5602
2024-12-03 13:00:00,384.805,77.8359,957.292
2024-12-03 14:00:00,379.6842,102.9678,989.4122
2024-12-03 15:00:00,281.7591,95.0834,992.2345
2024-12-03 16:00:00,116.0843,107.9348,1064.9749
2024-12-03 17:00:00,35.357,106.2212,1072.6729
2024-12-03 18:00:00,1.474,77.3696,1075.0409
2024-12-03 19:00:00,0.0,146.3646,1054.3673
2024-12-03 20:00:00,0.0,138.0111,1057.2162
2024-12-03 21:00:00,0.0,98.7486,1041.923
2024-12-03 22:00:00,0.0,121.4183,1069.0872
2024-12-03 23:00:00,0.0,131.5419,1061.6459
2024-12-04 00:00:00,0.0,132.7117,1040.509
2024-12-04 01:00:00,0.0,117.942,1078.1165
2024-12-04 02:00:00,0.0,114.6772,1068.044
2024-12-04 03:00:00,0.0,107.5281,1022.0808
2024-12-04 04:00:00,0.0,134.0559,1036.8616
2024-12-04 05:00:00,0.0,119.6829,1030.2251
2024-12-04 06:00:00,0.0,56.8033,1060.1857
2024-12-04 07:00:00,26.9937,52.2349,1058.8715
2024-12-04 08:00:00,206.3701,55.5922,1057.9648
2024-12-04 09:00:00,308.0737,56.2164,1060.3228
2024-12-04 10:00:00,340.8283,97.8527,1043.5035
2024-12-04 11:00:00,384.654,128.9591,937.015
2024-12-04 12:00:00,424.5565,109.9515,909.6465
2024-12-04 13:00:00,386.3772,118.1363,907.0895
2024-12-04 14:00:00,363.6372,93.89,953.1615
2024-12-04 15:00:00,335.3085,86.4939,935.9119
2024-12-04 16:00:00,266.946,110.8474,901.7406
2024-12-04 17:00:00,101.3066,101.7887,979.6015
2024-12-04 18:00:00,5.3055,78.9824,1030.5526
2024-12-04 19:00:00,0.0,103.4695,1006.1157
2024-12-04 20:00:00,0.0,101.6933,993.0886
2024-12-04 21:00:00,0.0,87.1767,992.3897
2024-12-04 22:00:00,0.0,75.2968,1041.19
2024-12-04 23:00:00,0.0,118.0808,1032.5027
2024-12-05 00:00:00,0.0,71.8214,1004.3667
2024-12-05 01:00:00,0.0,68.5583,988.3759
2024-12-05 02:00:00,0.0,58.7696,979.3047
2024-12-05 03:00:00,0.0,42.5426,1006.1142
2024-12-05 04:00:00,0.0,31.0071,993.4942
2024-12-05 05:00:00,0.0,29.6168,975.7536
2024-12-05 06:00:00,0.0,39.1189,1006.9001
2024-12-05 07:00:00,19.0179,21.4576,1020.4438
2024-12-05 08:00:00,123.1255,31.7565,980.4366
2024-12-05 09:00:00,321.9872,59.882,949.2283
2024-12-05 10:00:00,437.6103,57.7187,879.0714
2024-12-05 11:00:00,473.2296,66.2313,843.7302
2024-12-05 12:00:00,423.0668,72.3052,861.0698
2024-12-05 13:00:00,378.233,120.3536,882.112
2024-12-05 14:00:00,304.8241,106.942,922.7271
2024-12-05 15:00:00,230.36,131.7191,917.5884
2024-12-05 16:00:00,111.7538,91.1534,972.2748
2024-12-05 17:00:00,61.107,64.2534,944.5027
2024-12-05 18:00:00,1.7767,47.4106,961.1741
2024-12-05 19:00:00,0.0,64.7035,992.7199
2024-12-05 20:00:00,0.0,60.4161,976.3746
2024-12-05 21:00:00,0.0,46.0658,1032.632
2024-12-05 22:00:00,0.0,34.7962,1012.5052
2024-12-05 23:00:00,0.0,45.5981,1021.2208
2024-12-06 00:00:00,0.0,35.9431,945.2244
2024-12-06 01:00:00,0.0,44.7193,876.0245
2024-12-06 02:00:00,0.0,26.3188,875.2864
2024-12-06 03:00:00,0.0,26.1718,861.045
2024-12-06 04:00:00,0.0,24.6372,851.3581
2024-12-06 05:00:00,0.0,17.5703,835.9111
2024-12-06 06:00:00,0.0,11.1828,849.6549
2024-12-06 07:00:00,19.3661,7.401,861.644
2024-12-06 08:00:00,131.6349,4.1168,859.186
2024-12-06 09:00:00,198.5061,3.939,903.4473
2024-12-06 10:00:00,318.7352,3.8415,904.3067
2024-12-06 11:00:00,396.3514,11.6433,841.2205
2024-12-06 12:00:00,318.9296,27.4751,874.6677
2024-12-06 13:00:00,316.4388,7.9347,876.9205
2024-12-06 14:00:00,293.9571,79.1578,880.1268
2024-12-06 15:00:00,156.1575,66.9252,935.879
2024-12-06 16:00:00,182.3396,49.0932,894.4568
2024-12-06 17:00:00,55.6429,61.886,958.0295
2024-12-06 18:00:00,5.9917,60.2385,960.8342
2024-12-06 19:00:00,0.0,56.1337,975.7106
2024-12-06 20:00:00,0.0,33.3132,994.5907
2024-12-06 21:00:00,0.0,56.8079,963.9223
2024-12-06 22:00:00,0.0,51.1994,954.3272
2024-12-06 23:00:00,0.0,87.7979,967.3478
2024-12-07 00:00:00,0.0,47.4232,963.5577
2024-12-07 01:00:00,0.0,82.5263,925.8028
2024-12-07 02:00:00,0.0,104.2572,916.7033
2024-12-07 03:00:00,0.0,97.0708,919.0984
2024-12-07 04:00:00,0.0,116.3117,899.139
2024-12-07 05:00:00,0.0,78.0672,914.1012
2024-12-07 06:00:00,0.0,96.1955,940.1029
2024-12-07 07:00:00,38.7009,104.2581,910.6359
2024-12-07 08:00:00,208.9133,88.0038,933.4263
2024-12-07 09:00:00,383.6258,105.5314,882.8017
2024-12-07 10:00:00,471.7521,139.8477,820.9092
2024-12-07 11:00:00,459.3611,107.4874,785.9901
2024-12-07 12:00:00,544.3198,116.0406,796.8678
2024-12-07 13:00:00,510.9595,133.7821,775.7381
2024-12-07 14:00:00,476.4234,172.1991,756.8165
2024-12-07 15:00:00,352.636,148.9858,852.4458
2024-12-07 16:00:00,273.9247,123.946,851.7877
2024-12-07 17:00:00,92.8543,113.2305,1003.3816
2024-12-07 18:00:00,2.3362,126.1411,879.4145
2024-12-07 19:00:00,0.0,151.8974,978.8943
2024-12-07 20:00:00,0.0,174.4898,969.2203
2024-12-07 21:00:00,0.0,136.1677,956.9747
2024-12-07 22:00:00,0.0,84.6036,967.3919
2024-12-07 23:00:00,0.0,145.082,983.9862
2024-12-08 00:00:00,0.0,150.3128,946.426
2024-12-08 01:00:00,0.0,162.7581,930.1261
2024-12-08 02:00:00,0.0,112.7556,968.8313
2024-12-08 03:00:00,0.0,100.1627,977.0705
2024-12-08 04:00:00,0.0,64.0394,938.2595
2024-12-08 05:00:00,0.0,98.8191,937.6125
2024-12-08 06:00:00,0.0,74.1068,979.632
2024-12-08 07:00:00,45.9677,69.5631,946.1577
2024-12-08 08:00:00,209.6271,30.6877,925.2094
2024-12-08 09:00:00,422.8071,47.9395,775.3159
2024-12-08 10:00:00,489.8032,80.012,711.7393
2024-12-08 11:00:00,515.6269,92.6235,704.7162
2024-12-08 12:00:00,462.2617,71.3641,771.8414
2024-12-08 13:00:00,374.6135,71.2498,687.2862
2024-12-08 14:00:00,354.9578,57.3063,775.4193
2024-12-08 15:00:00,332.1503,156.8745,831.7039
2024-12-08 16:00:00,252.0168,138.0441,826.5504
2024-12-08 17:00:00,124.4987,123.4234,921.869
2024-12-08 18:00:00,8.7185,119.0785,942.113
2024-12-08 19:00:00,0.0,144.8248,937.6459
2024-12-08 20:00:00,0.0,116.9122,956.7972
2024-12-08 21:00:00,0.0,92.6023,966.6473
2024-12-08 22:00:00,0.0,75.5949,990.9474
2024-12-08 23:00:00,0.0,66.6296,997.5054
2024-12-09 00:00:00,0.0,51.0448,987.0812
2024-12-09 01:00:00,0.0,54.372,960.7353
2024-12-09 02:00:00,0.0,54.3788,953.8273
2024-12-09 03:00:00,0.0,35.0369,953.5589
2024-12-09 04:00:00,0.0,38.7397,907.9489
2024-12-09 05:00:00,0.0,52.2332,908.1937
2024-12-09 06:00:00,0.0,33.2526,932.2134
2024-12-09 07:00:00,41.2306,73.2585,879.2127
2024-12-09 08:00:00,241.2089,68.0102,845.8876
2024-12-09 09:00:00,403.98,82.3678,780.1129
2024-12-09 10:00:00,496.5248,72.237,722.1085
2024-12-09 11:00:00,526.6029,49.1746,723.3576
2024-12-09 12:00:00,556.199,21.3159,822.8476
2024-12-09 13:00:00,456.9941,12.4264,901.2378
2024-12-09 14:00:00,374.0534,18.7084,946.345
2024-12-09 15:00:00,270.2775,15.0663,981.6444
2024-12-09 16:00:00,191.8873,21.4824,965.6968
2024-12-09 17:00:00,78.4295,25.1366,1018.3945
2024-12-09 18:00:00,2.3283,19.2547,1062.4795
2024-12-09 19:00:00,0.0,46.8579,1041.6162
2024-12-09 20:00:00,0.0,33.0084,1036.7585
2024-12-09 21:00:00,0.0,53.289,1007.873
2024-12-09 22:00:00,0.0,51.3489,961.5293
2024-12-09 23:00:00,0.0,49.8868,903.966
2024-12-10 00:00:00,0.0,40.0284,921.4344
2024-12-10 01:00:00,0.0,50.051,900.8558
2024-12-10 02:00:00,0.0,33.566,880.1276
2024-12-10 03:00:00,0.0,23.1971,864.4724
2024-12-10 04:00:00,0.0,17.2567,862.6547
2024-12-10 05:00:00,0.0,17.8187,893.8515
2024-12-10 06:00:00,0.0,20.5917,914.5318
2024-12-10 07:00:00,24.8823,13.2512,1009.0826
2024-12-10 08:00:00,190.6209,4.9686,1002.8473
2024-12-10 09:00:00,379.6453,6.1664,805.1041
2024-12-10 10:00:00,438.4578,22.0254,762.4817
2024-12-10 11:00:00,478.4956,38.5788,868.744
2024-12-10 12:00:00,426.6749,45.9802,882.081
2024-12-10 13:00:00,405.5766,47.4915,870.6016
2024-12-10 14:00:00,382.8577,73.8146,894.9329
2024-12-10 15:00:00,352.6169,30.6385,936.095
2024-12-10 16:00:00,272.4117,18.0861,887.0931
2024-12-10 17:00:00,77.5437,26.5101,925.5082
2024-12-10 18:00:00,6.7121,15.9438,951.9504
2024-12-10 19:00:00,0.0,23.3492,876.854
2024-12-10 20:00:00,0.0,71.2481,871.4584
2024-12-10 21:00:00,0.0,108.3654,840.0809
2024-12-10 22:00:00,0.0,98.9025,850.7907
2024-12-10 23:00:00,0.0,67.2449,817.5199
2024-12-11 00:00:00,0.0,70.3661,859.0628
2024-12-11 01:00:00,0.0,44.8725,911.1105
2024-12-11 02:00:00,0.0,28.1381,914.0854
2024-12-11 03:00:00,0.0,29.4666,926.9577
2024-12-11 04:00:00,0.0,31.9883,898.0214
2024-12-11 05:00:00,0.0,46.9744,890.7619
2024-12-11 06:00:00,0.0,34.7204,920.7563
2024-12-11 07:00:00,37.4215,38.1007,903.9451
2024-12-11 08:00:00,229.0901,50.4316,865.5691
2024-12-11 09:00:00,391.4214,96.7206,861.6663
2024-12-11 10:00:00,475.0422,119.0813,846.1709
2024-12-11 11:00:00,541.2899,122.0455,847.4934
2024-12-11 12:00:00,521.8852,139.6052,851.7764
2024-12-11 13:00:00,459.0739,179.517,863.407
2024-12-11 14:00:00,301.1506,216.316,824.4951
2024-12-11 15:00:00,364.1032,202.2771,821.1376
2024-12-11 16:00:00,198.1348,168.2044,878.7481
2024-12-11 17:00:00,128.6965,126.4449,871.7735
2024-12-11 18:00:00,7.3115,161.7622,790.8936
2024-12-11 19:00:00,0.0,116.0632,760.1977
2024-12-11 20:00:00,0.0,140.0684,759.5622
2024-12-11 21:00:00,0.0,143.4802,766.9807
2024-12-11 22:00:00,0.0,173.1646,745.553
2024-12-11 23:00:00,0.0,140.2013,779.3335
2024-12-12 00:00:00,0.0,194.1833,768.7063
2024-12-12 01:00:00,0.0,203.6686,806.6012
2024-12-12 02:00:00,0.0,165.4921,821.1706
2024-12-12 03:00:00,0.0,182.5668,804.0149
2024-12-12 04:00:00,0.0,128.7237,797.63
2024-12-12 05:00:00,0.0,112.3713,762.1096
2024-12-12 06:00:00,0.0,111.0552,776.5937
2024-12-12 07:00:00,32.9786,153.2356,766.656
2024-12-12 08:00:00,226.6068,181.5624,745.1109
2024-12-12 09:00:00,382.9208,162.9936,779.4558
2024-12-12 10:00:00,481.5293,162.5027,772.7918
2024-12-12 11:00:00,493.3488,135.1435,717.7075
2024-12-12 12:00:00,525.5908,158.8139,725.3679
2024-12-12 13:00:00,464.7774,164.4226,716.9748
2024-12-12 14:00:00,444.4471,127.3893,775.7366
2024-12-12 15:00:00,349.837,154.3662,758.635
2024-12-12 16:00:00,268.1936,101.8047,742.7252
2024-12-12 17:00:00,125.9832,138.0196,780.3758
2024-12-12 18:00:00,7.2818,179.173,782.048
2024-12-12 19:00:00,0.0,116.9285,738.6348
2024-12-12 20:00:00,0.0,108.669,711.7627
2024-12-12 21:00:00,0.0,139.0952,663.8818
2024-12-12 22:00:00,0.0,129.4739,677.1315
2024-12-12 23:00:00,0.0,138.4691,724.2564
2024-12-13 00:00:00,0.0,107.0814,755.3889
2024-12-13 01:00:00,0.0,83.7211,723.6528
2024-12-13 02:00:00,0.0,100.7929,682.5378
2024-12-13 03:00:00,0.0,121.3372,631.5248
2024-12-13 04:00:00,0.0,127.4609,577.9649
2024-12-13 05:00:00,0.0,73.1425,607.0821
2024-12-13 06:00:00,0.0,60.752,644.8993
2024-12-13 07:00:00,33.1163,77.6242,658.3079
2024-12-13 08:00:00,205.797,94.5113,682.9402
2024-12-13 09:00:00,344.3293,87.3613,696.8008
2024-12-13 10:00:00,465.4948,133.6437,730.8143
2024-12-13 11:00:00,530.8573,178.6924,726.4008
2024-12-13 12:00:00,438.251,133.1355,781.0677
2024-12-13 13:00:00,412.8756,163.1106,765.5004
2024-12-13 14:00:00,336.4825,148.9397,772.6272
2024-12-13 15:00:00,333.9496,165.8264,766.9885
2024-12-13 16:00:00,208.6238,172.4794,751.4882
2024-12-13 17:00:00,112.8623,185.9014,807.4135
2024-12-13 18:00:00,2.1493,140.528,829.4796
2024-12-13 19:00:00,0.0,149.3862,803.6008
2024-12-13 20:00:00,0.0,137.6362,791.8138
2024-12-13 21:00:00,0.0,128.226,793.0375
2024-12-13 22:00:00,0.0,111.6528,785.173
2024-12-13 23:00:00,0.0,114.1303,792.3243
2024-12-14 00:00:00,0.0,132.4888,816.1007
2024-12-14 01:00:00,0.0,85.5019,819.9724
2024-12-14 02:00:00,0.0,79.2468,820.2591
2024-12-14 03:00:00,0.0,94.1893,809.7664
2024-12-14 04:00:00,0.0,113.7652,809.0538
2024-12-14 05:00:00,0.0,94.9962,836.4774
2024-12-14 06:00:00,0.0,129.0872,800.9809
2024-12-14 07:00:00,30.4515,142.3401,750.1884
2024-12-14 08:00:00,233.8087,119.5803,773.8709
2024-12-14 09:00:00,397.5807,107.4846,706.4579
2024-12-14 10:00:00,440.9985,151.5935,660.1349
2024-12-14 11:00:00,397.9036,192.1952,666.8852
2024-12-14 12:00:00,416.9222,113.0369,707.0762
2024-12-14 13:00:00,444.2207,149.5218,692.6327
2024-12-14 14:00:00,381.1898,165.1969,720.6242
2024-12-14 15:00:00,301.766,163.5829,767.4715
2024-12-14 16:00:00,261.1297,186.2926,779.7146
2024-12-14 17:00:00,117.3956,206.9071,854.7588
2024-12-14 18:00:00,2.6514,179.1511,851.9266
2024-12-14 19:00:00,0.0,173.8571,889.1539
2024-12-14 20:00:00,0.0,117.0002,898.6577
2024-12-14 21:00:00,0.0,119.28,903.5106
2024-12-14 22:00:00,0.0,100.1978,881.9575
2024-12-14 23:00:00,0.0,113.754,791.3674
2024-12-15 00:00:00,0.0,87.7632,911.2768
2024-12-15 01:00:00,0.0,79.9977,855.802
2024-12-15 02:00:00,0.0,76.4183,836.3247
2024-12-15 03:00:00,0.0,77.0602,860.0001
2024-12-15 04:00:00,0.0,76.9566,808.5866
2024-12-15 05:00:00,0.0,59.3445,807.0494
2024-12-15 06:00:00,0.0,57.0678,785.3479
2024-12-15 07:00:00,29.4463,64.7309,786.3192
2024-12-15 08:00:00,194.291,68.7941,707.5467
2024-12-15 09:00:00,348.2725,67.5733,645.2397
2024-12-15 10:00:00,407.4639,82.1047,611.6704
2024-12-15 11:00:00,388.4812,98.2221,638.8494
2024-12-15 12:00:00,358.3751,162.4009,644.7329
2024-12-15 13:00:00,357.0349,86.4967,672.1508
2024-12-15 14:00:00,318.5331,192.3562,639.3663
2024-12-15 15:00:00,278.7682,167.975,639.5264
2024-12-15 16:00:00,228.5587,158.8464,660.4517
2024-12-15 17:00:00,80.5566,112.0225,893.2259
2024-12-15 18:00:00,7.6757,69.4328,974.7901
2024-12-15 19:00:00,0.0,84.6056,993.2359
2024-12-15 20:00:00,0.0,72.5684,980.339
2024-12-15 21:00:00,0.0,90.4429,945.7183
2024-12-15 22:00:00,0.0,82.6465,955.8764
2024-12-15 23:00:00,0.0,134.1838,912.9458
2024-12-16 00:00:00,0.0,114.2546,876.8238
2024-12-16 01:00:00,0.0,84.6546,841.2302
2024-12-16 02:00:00,0.0,74.5087,847.5653
2024-12-16 03:00:00,0.0,70.6194,827.0903
2024-12-16 04:00:00,0.0,75.5605,790.7258
2024-12-16 05:00:00,0.0,106.1616,759.4914
2024-12-16 06:00:00,0.0,146.0943,748.2887
2024-12-16 07:00:00,32.8203,86.4821,784.2396
2024-12-16 08:00:00,217.1259,59.4525,757.9973
2024-12-16 09:00:00,406.0976,76.7338,706.0629
2024-12-16 10:00:00,494.698,61.1892,706.9046
2024-12-16 11:00:00,550.6211,134.0086,669.3106
2024-12-16 12:00:00,543.9608,171.7915,600.7312
2024-12-16 13:00:00,517.5081,149.5778,640.5389
2024-12-16 14:00:00,503.1427,176.5112,665.9426
2024-12-16 15:00:00,421.5623,128.5547,655.0326
2024-12-16 16:00:00,340.4435,196.2024,667.2023
2024-12-16 17:00:00,146.8129,180.0923,828.1779
2024-12-16 18:00:00,9.3128,154.6171,817.5062
2024-12-16 19:00:00,0.0,126.2114,830.6687
2024-12-16 20:00:00,0.0,123.1439,851.1047
2024-12-16 21:00:00,0.0,123.1111,891.0738
2024-12-16 22:00:00,0.0,137.3985,905.1585
2024-12-16 23:00:00,0.0,130.2249,777.2975
2024-12-17 00:00:00,0.0,110.8734,888.3139
2024-12-17 01:00:00,0.0,136.338,856.1955
2024-12-17 02:00:00,0.0,137.0336,844.7088
2024-12-17 03:00:00,0.0,106.2819,843.8169
2024-12-17 04:00:00,0.0,98.1302,819.451
2024-12-17 05:00:00,0.0,73.6467,828.3244
2024-12-17 06:00:00,0.0,54.3137,805.2775
2024-12-17 07:00:00,28.2099,75.1651,820.4419
2024-12-17 08:00:00,224.9571,89.3535,728.2891
2024-12-17 09:00:00,410.7165,148.2224,778.0929
2024-12-17 10:00:00,504.6205,210.182,629.5088
2024-12-17 11:00:00,553.3667,191.007,617.2032
2024-12-17 12:00:00,535.1606,185.8206,641.8563
2024-12-17 13:00:00,485.1408,208.8078,647.8671
2024-12-17 14:00:00,454.8038,199.4407,691.2098
2024-12-17 15:00:00,382.0109,232.0484,645.4675
2024-12-17 16:00:00,299.2877,252.9115,713.1994
2024-12-17 17:00:00,132.6628,205.1957,828.3753
2024-12-17 18:00:00,3.322,175.7736,843.6281
2024-12-17 19:00:00,0.0,148.8774,867.7742
2024-12-17 20:00:00,0.0,152.8209,852.0612
2024-12-17 21:00:00,0.0,156.0381,846.7708
2024-12-17 22:00:00,0.0,136.8593,814.7737
2024-12-17 23:00:00,0.0,173.7671,747.5677
2024-12-18 00:00:00,0.0,161.5915,833.3423
2024-12-18 01:00:00,0.0,161.2606,773.7779
2024-12-18 02:00:00,0.0,137.17,783.1681
2024-12-18 03:00:00,0.0,138.9743,808.0688
2024-12-18 04:00:00,0.0,115.3332,792.0764
2024-12-18 05:00:00,0.0,120.4065,769.9444
2024-12-18 06:00:00,0.0,110.8696,797.3758
2024-12-18 07:00:00,20.1788,100.0382,786.1602
2024-12-18 08:00:00,190.9032,102.7017,828.4687
2024-12-18 09:00:00,382.1481,146.2935,727.1765
2024-12-18 10:00:00,468.7359,198.8938,606.9876
2024-12-18 11:00:00,456.2608,209.2528,633.5586
2024-12-18 12:00:00,486.6355,195.917,671.4005
2024-12-18 13:00:00,506.4544,218.7293,663.0649
2024-12-18 14:00:00,439.6761,199.4865,713.8283
2024-12-18 15:00:00,336.3242,225.7458,759.6943
2024-12-18 16:00:00,182.3276,158.1723,847.2199
2024-12-18 17:00:00,126.51,150.0077,829.5497
2024-12-18 18:00:00,7.1203,136.6633,743.9657
2024-12-18 19:00:00,0.0,205.8749,831.5717
2024-12-18 20:00:00,0.0,180.4632,792.9286
2024-12-18 21:00:00,0.0,203.6437,743.657
2024-12-18 22:00:00,0.0,183.8934,771.319
2024-12-18 23:00:00,0.0,127.6668,758.254
2024-12-19 00:00:00,0.0,102.4717,764.7589
2024-12-19 01:00:00,0.0,92.2944,713.3589
2024-12-19 02:00:00,0.0,63.3043,676.6634
2024-12-19 03:00:00,0.0,77.3201,772.7156
2024-12-19 04:00:00,0.0,78.8538,728.6555
2024-12-19 05:00:00,0.0,89.2245,711.9269
2024-12-19 06:00:00,0.0,97.9656,735.1373
2024-12-19 07:00:00,13.3909,98.0757,728.5664
2024-12-19 08:00:00,89.0771,92.3765,729.129
2024-12-19 09:00:00,285.9881,84.4063,653.5245
2024-12-19 10:00:00,370.9019,79.2403,643.06
2024-12-19 11:00:00,353.1022,127.1327,674.125
2024-12-19 12:00:00,444.6489,139.326,624.145
2024-12-19 13:00:00,393.5766,164.0484,614.6853
2024-12-19 14:00:00,362.7944,174.6417,691.7452
2024-12-19 15:00:00,311.1494,149.3495,763.8275
2024-12-19 16:00:00,152.9431,145.5142,817.0903
2024-12-19 17:00:00,76.4108,141.6399,727.8395
2024-12-19 18:00:00,6.6037,88.598,827.5936
2024-12-19 19:00:00,0.0,104.0259,789.2797
2024-12-19 20:00:00,0.0,67.3411,823.4194
2024-12-19 21:00:00,0.0,72.0986,789.8282
2024-12-19 22:00:00,0.0,87.5223,782.8822
2024-12-19 23:00:00,0.0,100.718,837.8088
2024-12-20 00:00:00,0.0,32.0335,892.6027
2024-12-20 01:00:00,0.0,27.1278,874.7004
2024-12-20 02:00:00,0.0,20.396,839.0551
2024-12-20 03:00:00,0.0,27.3457,802.7969
2024-12-20 04:00:00,0.0,24.4929,726.3126
2024-12-20 05:00:00,0.0,18.1745,689.9242
2024-12-20 06:00:00,0.0,20.9873,711.9447
2024-12-20 07:00:00,14.2841,61.3136,731.9164
2024-12-20 08:00:00,186.2675,25.7293,648.0135
2024-12-20 09:00:00,373.8186,64.4988,649.9857
2024-12-20 10:00:00,391.4755,92.3204,651.6078
2024-12-20 11:00:00,449.4209,43.5169,686.0013
2024-12-20 12:00:00,471.5634,100.6924,599.1216
2024-12-20 13:00:00,365.0234,125.542,659.7036
2024-12-20 14:00:00,238.7791,98.4198,668.7915
2024-12-20 15:00:00,229.1535,75.4242,718.0719
2024-12-20 16:00:00,97.0866,114.8976,709.7271
2024-12-20 17:00:00,36.9231,83.5216,800.2773
2024-12-20 18:00:00,3.5551,68.3303,791.2286
2024-12-20 19:00:00,0.0,63.6349,783.586
2024-12-20 20:00:00,0.0,75.0215,757.7741
2024-12-20 21:00:00,0.0,23.3679,810.0244
2024-12-20 22:00:00,0.0,16.9398,789.4195
2024-12-20 23:00:00,0.0,42.2769,747.4821
2024-12-21 00:00:00,0.0,37.9062,769.8724
2024-12-21 01:00:00,0.0,42.5574,710.2788
2024-12-21 02:00:00,0.0,19.2591,672.6621
2024-12-21 03:00:00,0.0,27.071,620.0898
2024-12-21 04:00:00,0.0,15.1222,728.5472
2024-12-21 05:00:00,0.0,14.3973,746.082
2024-12-21 06:00:00,0.0,9.3201,759.1789
2024-12-21 07:00:00,6.9083,6.7508,633.4603
2024-12-21 08:00:00,73.172,8.5291,667.75
2024-12-21 09:00:00,171.9795,13.0123,655.7397
2024-12-21 10:00:00,302.6688,46.8859,645.3792
2024-12-21 11:00:00,292.9051,86.301,589.4165
2024-12-21 12:00:00,321.0104,93.0697,550.7128
2024-12-21 13:00:00,309.1619,58.5336,571.142
2024-12-21 14:00:00,316.0605,92.0346,538.5424
2024-12-21 15:00:00,271.273,68.2744,655.6037
2024-12-21 16:00:00,156.8563,75.5579,589.3713
2024-12-21 17:00:00,63.1883,67.6618,624.2823
2024-12-21 18:00:00,3.5532,88.1229,701.3142
2024-12-21 19:00:00,0.0,87.8488,764.641
2024-12-21 20:00:00,0.0,136.3629,709.5584
2024-12-21 21:00:00,0.0,162.1695,770.6289
2024-12-21 22:00:00,0.0,96.234,853.5618
2024-12-21 23:00:00,0.0,122.9079,850.9316
2024-12-22 00:00:00,0.0,105.1726,822.2226
2024-12-22 01:00:00,0.0,97.0486,828.1205
2024-12-22 02:00:00,0.0,50.5916,810.3967
2024-12-22 03:00:00,0.0,60.2531,779.7668
2024-12-22 04:00:00,0.0,79.3018,749.4729
2024-12-22 05:00:00,0.0,92.231,714.1431
2024-12-22 06:00:00,0.0,61.6145,705.8863
2024-12-22 07:00:00,16.6208,76.9801,674.4453
2024-12-22 08:00:00,126.5608,76.5933,637.5906
2024-12-22 09:00:00,294.6137,149.7769,597.4266
2024-12-22 10:00:00,413.3165,89.313,644.5219
2024-12-22 11:00:00,403.9007,94.6967,736.2763
2024-12-22 12:00:00,385.1839,151.3599,751.0115
2024-12-22 13:00:00,436.7607,161.2858,678.8818
2024-12-22 14:00:00,356.3712,169.1124,729.8543
2024-12-22 15:00:00,306.8333,140.6411,713.4856
2024-12-22 16:00:00,156.828,223.7393,618.6553
2024-12-22 17:00:00,53.6549,188.7738,691.5482
2024-12-22 18:00:00,3.7748,145.3025,702.5202
2024-12-22 19:00:00,0.0,103.6932,837.734
2024-12-22 20:00:00,0.0,104.0109,726.5135
2024-12-22 21:00:00,0.0,156.7674,748.9708
2024-12-22 22:00:00,0.0,220.5333,742.651
2024-12-22 23:00:00,0.0,192.8698,752.8568
2024-12-23 00:00:00,0.0,179.5122,688.6208
2024-12-23 01:00:00,0.0,145.8901,669.4105
2024-12-23 02:00:00,0.0,158.6831,552.9561
2024-12-23 03:00:00,0.0,104.5082,566.8532
2024-12-23 04:00:00,0.0,70.8902,584.5902
2024-12-23 05:00:00,0.0,121.8823,581.9693
2024-12-23 06:00:00,0.0,160.1595,549.4852
2024-12-23 07:00:00,16.6933,64.769,609.3271
2024-12-23 08:00:00,118.3792,39.6835,589.779
2024-12-23 09:00:00,345.8983,43.4656,527.7863
2024-12-23 10:00:00,481.7199,96.4924,494.1012
2024-12-23 11:00:00,484.3062,186.4187,448.6398
2024-12-23 12:00:00,496.4084,164.8385,521.8587
2024-12-23 13:00:00,480.1633,134.5983,567.5297
2024-12-23 14:00:00,475.9816,192.6528,525.6643
2024-12-23 15:00:00,299.6184,175.088,636.3711
2024-12-23 16:00:00,146.2148,156.8364,817.3557
2024-12-23 17:00:00,63.9468,127.2251,730.8903
2024-12-23 18:00:00,7.7919,115.9242,751.4468
2024-12-23 19:00:00,0.0,111.9569,777.2062
2024-12-23 20:00:00,0.0,115.844,778.1475
2024-12-23 21:00:00,0.0,113.0224,778.2973
2024-12-23 22:00:00,0.0,93.6008,764.9972
2024-12-23 23:00:00,0.0,64.2343,736.6855
2024-12-24 00:00:00,0.0,63.0166,739.432
2024-12-24 01:00:00,0.0,40.8545,759.3705
2024-12-24 02:00:00,0.0,54.7391,693.76
2024-12-24 03:00:00,0.0,45.6362,705.7597
2024-12-24 04:00:00,0.0,52.872,665.3212
2024-12-24 05:00:00,0.0,60.9586,667.524
2024-12-24 06:00:00,0.0,50.8237,674.2045
2024-12-24 07:00:00,8.8169,44.8526,597.3451
2024-12-24 08:00:00,157.9661,35.674,573.7331
2024-12-24 09:00:00,301.983,19.6182,488.6111
2024-12-24 10:00:00,395.3981,18.0196,460.8052
2024-12-24 11:00:00,397.2275,34.1884,470.6423
2024-12-24 12:00:00,433.6847,35.8668,444.3951
2024-12-24 13:00:00,374.7676,58.7216,558.9029
2024-12-24 14:00:00,455.7188,93.2078,569.4871
2024-12-24 15:00:00,258.7847,105.44,606.2809
2024-12-24 16:00:00,93.7904,89.0727,763.0923
2024-12-24 17:00:00,36.675,68.8823,767.7077
2024-12-24 18:00:00,1.6094,87.9772,732.0166
2024-12-24 19:00:00,0.0,116.5496,802.5638
2024-12-24 20:00:00,0.0,137.1852,769.3274
2024-12-24 21:00:00,0.0,137.0501,753.6231
2024-12-24 22:00:00,0.0,66.827,726.4633
2024-12-24 23:00:00,0.0,57.3328,681.2361
2024-12-25 00:00:00,0.0,55.7565,630.3542
2024-12-25 01:00:00,0.0,20.0281,617.3864
2024-12-25 02:00:00,0.0,11.7749,602.7475
2024-12-25 03:00:00,0.0,19.0399,600.6722
2024-12-25 04:00:00,0.0,9.6884,527.5555
2024-12-25 05:00:00,0.0,12.4324,517.9193
2024-12-25 06:00:00,0.0,2.4525,532.725
2024-12-25 07:00:00,19.5736,2.0406,486.9129
2024-12-25 08:00:00,68.5016,0.4612,478.5169
2024-12-25 09:00:00,179.6705,0.6857,523.2034
2024-12-25 10:00:00,217.843,0.3596,565.3428
2024-12-25 11:00:00,310.2789,0.5554,564.0122
2024-12-25 12:00:00,322.6667,0.8542,573.8728
2024-12-25 13:00:00,337.4801,1.224,553.3413
2024-12-25 14:00:00,313.2433,10.4008,563.0055
2024-12-25 15:00:00,195.468,4.5645,577.6157
2024-12-25 16:00:00,106.0236,9.6417,537.6599
2024-12-25 17:00:00,41.5289,15.3287,475.9774
2024-12-25 18:00:00,1.6118,19.4566,494.6439
2024-12-25 19:00:00,0.0,10.4699,558.6965
2024-12-25 20:00:00,0.0,10.1384,576.2561
2024-12-25 21:00:00,0.0,1.1385,588.05
2024-12-25 22:00:00,0.0,7.9674,585.9822
2024-12-25 23:00:00,0.0,6.4509,588.7919
2024-12-26 00:00:00,0.0,6.08,678.951
2024-12-26 01:00:00,0.0,0.5753,716.2712
2024-12-26 02:00:00,0.0,0.6477,726.3675
2024-12-26 03:00:00,0.0,0.8478,696.0355
2024-12-26 04:00:00,0.0,5.939,674.9557
2024-12-26 05:00:00,0.0,15.3139,686.6694
2024-12-26 06:00:00,0.0,17.8135,676.013
2024-12-26 07:00:00,20.8623,22.3612,716.1793
2024-12-26 08:00:00,163.4788,16.21,714.5038
2024-12-26 09:00:00,309.0207,11.5358,725.5579
2024-12-26 10:00:00,396.8003,7.1933,648.5362
2024-12-26 11:00:00,424.2497,7.6728,575.9426
2024-12-26 12:00:00,438.2073,14.9563,557.2242
2024-12-26 13:00:00,312.1969,50.5567,563.3008
2024-12-26 14:00:00,369.8283,90.5589,555.2651
2024-12-26 15:00:00,169.2787,65.3116,689.7098
2024-12-26 16:00:00,89.1821,48.7281,689.3522
2024-12-26 17:00:00,33.6008,15.8716,693.8971
2024-12-26 18:00:00,0.9638,21.6393,661.4706
2024-12-26 19:00:00,0.0,6.1906,705.8945
2024-12-26 20:00:00,0.0,8.4594,688.4862
2024-12-26 21:00:00,0.0,4.1537,700.8843
2024-12-26 22:00:00,0.0,0.604,748.0029
2024-12-26 23:00:00,0.0,0.8251,759.5044
2024-12-27 00:00:00,0.0,1.2653,765.6906
2024-12-27 01:00:00,0.0,6.8669,711.1884
2024-12-27 02:00:00,0.0,1.0973,729.3964
2024-12-27 03:00:00,0.0,0.3641,664.6762
2024-12-27 04:00:00,0.0,0.2926,651.9708
2024-12-27 05:00:00,0.0,0.9411,555.6433
2024-12-27 06:00:00,0.0,3.5327,573.1725
2024-12-27 07:00:00,7.4967,2.1485,640.8911
2024-12-27 08:00:00,73.3191,0.6666,760.3284
2024-12-27 09:00:00,109.4934,1.3548,792.7033
2024-12-27 10:00:00,164.4093,0.3725,794.4495
2024-12-27 11:00:00,263.995,0.168,833.6936
2024-12-27 12:00:00,253.3057,0.344,883.2027
2024-12-27 13:00:00,220.448,2.8101,911.75
2024-12-27 14:00:00,198.58,2.7736,986.43
2024-12-27 15:00:00,164.2719,0.6486,825.0625
2024-12-27 16:00:00,83.1128,1.7344,813.4176
2024-12-27 17:00:00,24.5613,0.1949,803.2001
2024-12-27 18:00:00,2.6083,2.4428,761.364
2024-12-27 19:00:00,0.0,0.5302,852.364
2024-12-27 20:00:00,0.0,0.8341,851.5532
2024-12-27 21:00:00,0.0,2.1443,843.8217
2024-12-27 22:00:00,0.0,1.5827,803.9438
2024-12-27 23:00:00,0.0,0.3182,780.5312
2024-12-28 00:00:00,0.0,5.3724,747.3819
2024-12-28 01:00:00,0.0,0.5794,661.7597
2024-12-28 02:00:00,0.0,0.6538,739.7447
2024-12-28 03:00:00,0.0,0.1439,708.3041
2024-12-28 04:00:00,0.0,0.1864,727.8401
2024-12-28 05:00:00,0.0,1.007,663.0317
2024-12-28 06:00:00,0.0,0.515,677.4022
2024-12-28 07:00:00,9.5183,0.7312,675.1819
2024-12-28 08:00:00,70.0754,0.2999,675.8566
2024-12-28 09:00:00,105.5874,0.3861,685.0374
2024-12-28 10:00:00,138.9463,0.6027,689.3879
2024-12-28 11:00:00,112.7449,0.9165,602.8881
2024-12-28 12:00:00,144.2541,1.2812,596.2985
2024-12-28 13:00:00,93.1956,1.0111,607.3397
2024-12-28 14:00:00,90.9724,15.9397,601.553
2024-12-28 15:00:00,93.4303,11.7155,642.384
2024-12-28 16:00:00,70.7573,2.5647,675.6284
2024-12-28 17:00:00,28.4384,6.729,714.8909
2024-12-28 18:00:00,1.6659,7.7189,755.144
2024-12-28 19:00:00,0.0,10.132,748.1535
2024-12-28 20:00:00,0.0,4.654,729.48
2024-12-28 21:00:00,0.0,0.8722,701.5764
2024-12-28 22:00:00,0.0,0.096,651.5261
2024-12-28 23:00:00,0.0,0.2193,652.0103
2024-12-29 00:00:00,0.0,0.2659,705.3207
2024-12-29 01:00:00,0.0,0.2234,743.7052
2024-12-29 02:00:00,0.0,0.5092,727.801
2024-12-29 03:00:00,0.0,0.3137,676.6432
2024-12-29 04:00:00,0.0,0.3693,633.4461
2024-12-29 05:00:00,0.0,0.3668,617.206
2024-12-29 06:00:00,0.0,0.692,649.2551
2024-12-29 07:00:00,9.0512,1.3064,650.2978
2024-12-29 08:00:00,74.2673,2.5612,590.5436
2024-12-29 09:00:00,127.1846,1.7519,593.4569
2024-12-29 10:00:00,219.7005,0.2592,557.2564
2024-12-29 11:00:00,296.6629,0.5357,557.1559
2024-12-29 12:00:00,214.1213,5.2073,597.7735
2024-12-29 13:00:00,242.5183,1.1446,603.4859
2024-12-29 14:00:00,98.8829,6.6546,688.21
2024-12-29 15:00:00,56.264,25.9616,711.0789
2024-12-29 16:00:00,29.3179,9.2165,762.1591
2024-12-29 17:00:00,13.8807,28.0733,788.3582
2024-12-29 18:00:00,2.4496,31.6552,795.51
2024-12-29 19:00:00,0.0,45.6297,804.7426
2024-12-29 20:00:00,0.0,33.1442,781.7739
2024-12-29 21:00:00,0.0,44.3777,758.5506
2024-12-29 22:00:00,0.0,18.0229,759.11
2024-12-29 23:00:00,0.0,4.1354,768.7981
2024-12-30 00:00:00,0.0,5.2269,713.6931
2024-12-30 01:00:00,0.0,6.96,697.9618
2024-12-30 02:00:00,0.0,21.259,668.0869
2024-12-30 03:00:00,0.0,15.7672,660.3788
2024-12-30 04:00:00,0.0,16.8756,574.5044
2024-12-30 05:00:00,0.0,15.3572,577.4394
2024-12-30 06:00:00,0.0,17.3467,584.3648
2024-12-30 07:00:00,17.6962,9.9571,652.492
2024-12-30 08:00:00,145.5956,5.1691,675.8473
2024-12-30 09:00:00,219.1133,2.4088,707.2149
2024-12-30 10:00:00,287.307,1.2381,795.6784
2024-12-30 11:00:00,318.8561,0.8222,770.9114
2024-12-30 12:00:00,378.46,4.268,774.1035
2024-12-30 13:00:00,384.3456,7.5689,773.426
2024-12-30 14:00:00,352.8196,20.6256,760.8284
2024-12-30 15:00:00,253.7113,8.8805,887.6193
2024-12-30 16:00:00,234.6432,13.7502,874.076
2024-12-30 17:00:00,58.6272,71.8629,827.4736
2024-12-30 18:00:00,3.0647,36.9577,854.7878
2024-12-30 19:00:00,0.0,51.3146,847.9155
2024-12-30 20:00:00,0.0,27.899,861.1199
2024-12-30 21:00:00,0.0,3.2843,880.7667
2024-12-30 22:00:00,0.0,3.3401,873.7102
2024-12-30 23:00:00,0.0,0.5714,786.8221
2024-12-31 00:00:00,0.0,1.2704,726.2398
2024-12-31 01:00:00,0.0,1.4351,700.057
2024-12-31 02:00:00,0.0,1.9292,655.8677
2024-12-31 03:00:00,0.0,5.0888,656.9634
2024-12-31 04:00:00,0.0,9.4383,645.2095
2024-12-31 05:00:00,0.0,15.6403,651.0852
2024-12-31 06:00:00,0.0,18.3611,624.0153
2024-12-31 07:00:00,13.4436,12.415,658.2294
2024-12-31 08:00:00,149.6036,10.7197,616.942
2024-12-31 09:00:00,227.1776,7.118,628.1424
2024-12-31 10:00:00,294.8954,15.0526,600.2594
2024-12-31 11:00:00,320.821,22.9454,576.0108
2024-12-31 12:00:00,367.0724,32.0144,601.6676
2024-12-31 13:00:00,321.945,139.7239,462.163
2024-12-31 14:00:00,319.3451,156.9175,471.4147
2024-12-31 15:00:00,232.4614,219.5684,496.7868
2024-12-31 16:00:00,91.601,146.7032,592.2756
2024-12-31 17:00:00,34.2268,105.1529,731.5109
2024-12-31 18:00:00,2.5385,91.7577,792.6368
2024-12-31 19:00:00,0.0,76.2026,799.5244
2024-12-31 20:00:00,0.0,89.075,809.4103
2024-12-31 21:00:00,0.0,77.8649,760.3992
2024-12-31 22:00:00,0.0,35.3924,729.7733
2024-12-31 23:00:00,0.0,54.7362,721.9832
2025-01-01 00:00:00,0.0,40.2958,712.1888
